
C:\Users\dheer\AppData\Local\Temp\arduino-sketch-A0B309D3188C5D92DB11B8F69E05A297/DE-FIRMWARE-REFINED.ino.elf:     file format elf32-avr


Disassembly of section .text:

00000000 <__vectors>:
__vectors():
       0:	0c 94 8b 01 	jmp	0x316	; 0x316 <__dtors_end>
       4:	0c 94 b3 01 	jmp	0x366	; 0x366 <__bad_interrupt>
       8:	0c 94 b3 01 	jmp	0x366	; 0x366 <__bad_interrupt>
       c:	0c 94 b3 01 	jmp	0x366	; 0x366 <__bad_interrupt>
      10:	0c 94 b3 01 	jmp	0x366	; 0x366 <__bad_interrupt>
      14:	0c 94 b3 01 	jmp	0x366	; 0x366 <__bad_interrupt>
      18:	0c 94 b3 01 	jmp	0x366	; 0x366 <__bad_interrupt>
      1c:	0c 94 b3 01 	jmp	0x366	; 0x366 <__bad_interrupt>
      20:	0c 94 b3 01 	jmp	0x366	; 0x366 <__bad_interrupt>
      24:	0c 94 b3 01 	jmp	0x366	; 0x366 <__bad_interrupt>
      28:	0c 94 b3 01 	jmp	0x366	; 0x366 <__bad_interrupt>
      2c:	0c 94 8a 19 	jmp	0x3314	; 0x3314 <__vector_11>
      30:	0c 94 b3 01 	jmp	0x366	; 0x366 <__bad_interrupt>
      34:	0c 94 c7 15 	jmp	0x2b8e	; 0x2b8e <__vector_13>
      38:	0c 94 f9 15 	jmp	0x2bf2	; 0x2bf2 <__vector_14>
      3c:	0c 94 b3 01 	jmp	0x366	; 0x366 <__bad_interrupt>
      40:	0c 94 b3 01 	jmp	0x366	; 0x366 <__bad_interrupt>
      44:	0c 94 b3 01 	jmp	0x366	; 0x366 <__bad_interrupt>
      48:	0c 94 b3 01 	jmp	0x366	; 0x366 <__bad_interrupt>
      4c:	0c 94 a3 14 	jmp	0x2946	; 0x2946 <__vector_19>
      50:	0c 94 b3 01 	jmp	0x366	; 0x366 <__bad_interrupt>
      54:	08 4a       	sbci	r16, 0xA8	; 168
      56:	d7 3b       	cpi	r29, 0xB7	; 183
      58:	3b ce       	rjmp	.-906    	; 0xfffffcd0 <__eeprom_end+0xff7efcd0>
      5a:	01 6e       	ori	r16, 0xE1	; 225
      5c:	84 bc       	out	0x24, r8	; 36
      5e:	bf fd       	.word	0xfdbf	; ????
      60:	c1 2f       	mov	r28, r17
      62:	3d 6c       	ori	r19, 0xCD	; 205
      64:	74 31       	cpi	r23, 0x14	; 20
      66:	9a bd       	out	0x2a, r25	; 42
      68:	56 83       	std	Z+6, r21	; 0x06
      6a:	3d da       	rcall	.-2950   	; 0xfffff4e6 <__eeprom_end+0xff7ef4e6>
      6c:	3d 00       	.word	0x003d	; ????
      6e:	c7 7f       	andi	r28, 0xF7	; 247
      70:	11 be       	out	0x31, r1	; 49
      72:	d9 e4       	ldi	r29, 0x49	; 73
      74:	bb 4c       	sbci	r27, 0xCB	; 203
      76:	3e 91       	ld	r19, -X
      78:	6b aa       	std	Y+51, r6	; 0x33
      7a:	aa be       	out	0x3a, r10	; 58
      7c:	00 00       	nop
      7e:	00 80       	ld	r0, Z
      80:	3f 00       	.word	0x003f	; ????

00000082 <__trampolines_end>:
__trampolines_start():
      82:	00 40       	sbci	r16, 0x00	; 0
      84:	7a 10       	cpse	r7, r10
      86:	f3 5a       	subi	r31, 0xA3	; 163
      88:	00 a0       	ldd	r0, Z+32	; 0x20
      8a:	72 4e       	sbci	r23, 0xE2	; 226
      8c:	18 09       	sbc	r17, r8
      8e:	00 10       	cpse	r0, r0
      90:	a5 d4       	rcall	.+2378   	; 0x9dc <mpuUpdate()+0xd8>
      92:	e8 00       	.word	0x00e8	; ????
      94:	00 e8       	ldi	r16, 0x80	; 128
      96:	76 48       	sbci	r23, 0x86	; 134
      98:	17 00       	.word	0x0017	; ????
      9a:	00 e4       	ldi	r16, 0x40	; 64
      9c:	0b 54       	subi	r16, 0x4B	; 75
      9e:	02 00       	.word	0x0002	; ????
      a0:	00 ca       	rjmp	.-3072   	; 0xfffff4a2 <__eeprom_end+0xff7ef4a2>
      a2:	9a 3b       	cpi	r25, 0xBA	; 186
      a4:	00 00       	nop
      a6:	00 e1       	ldi	r16, 0x10	; 16
      a8:	f5 05       	cpc	r31, r5
      aa:	00 00       	nop
      ac:	80 96       	adiw	r24, 0x20	; 32
      ae:	98 00       	.word	0x0098	; ????
      b0:	00 00       	nop
      b2:	40 42       	sbci	r20, 0x20	; 32
      b4:	0f 00       	.word	0x000f	; ????
      b6:	00 00       	nop
      b8:	a0 86       	std	Z+8, r10	; 0x08
      ba:	01 00       	.word	0x0001	; ????
      bc:	00 00       	nop
      be:	10 27       	eor	r17, r16
      c0:	00 00       	nop
      c2:	00 00       	nop
      c4:	e8 03       	fmulsu	r22, r16
      c6:	00 00       	nop
      c8:	00 00       	nop
      ca:	64 00       	.word	0x0064	; ????
      cc:	00 00       	nop
      ce:	00 00       	nop
      d0:	0a 00       	.word	0x000a	; ????
      d2:	00 00       	nop
      d4:	00 00       	nop
      d6:	01 00       	.word	0x0001	; ????
      d8:	00 00       	nop
      da:	00 00       	nop
      dc:	2c 76       	andi	r18, 0x6C	; 108
      de:	d8 88       	ldd	r13, Y+16	; 0x10
      e0:	dc 67       	ori	r29, 0x7C	; 124
      e2:	4f 08       	sbc	r4, r15
      e4:	23 df       	rcall	.-442    	; 0xffffff2c <__eeprom_end+0xff7eff2c>
      e6:	c1 df       	rcall	.-126    	; 0x6a <__SREG__+0x2b>
      e8:	ae 59       	subi	r26, 0x9E	; 158
      ea:	e1 b1       	in	r30, 0x01	; 1
      ec:	b7 96       	adiw	r30, 0x27	; 39
      ee:	e5 e3       	ldi	r30, 0x35	; 53
      f0:	e4 53       	subi	r30, 0x34	; 52
      f2:	c6 3a       	cpi	r28, 0xA6	; 166
      f4:	e6 51       	subi	r30, 0x16	; 22
      f6:	99 76       	andi	r25, 0x69	; 105
      f8:	96 e8       	ldi	r25, 0x86	; 134
      fa:	e6 c2       	rjmp	.+1484   	; 0x6c8 <calculateHeight()+0x130>
      fc:	84 26       	eor	r8, r20
      fe:	eb 89       	ldd	r30, Y+19	; 0x13
     100:	8c 9b       	sbis	0x11, 4	; 17
     102:	62 ed       	ldi	r22, 0xD2	; 210
     104:	40 7c       	andi	r20, 0xC0	; 192
     106:	6f fc       	.word	0xfc6f	; ????
     108:	ef bc       	out	0x2f, r14	; 47
     10a:	9c 9f       	mul	r25, r28
     10c:	40 f2       	brcs	.-112    	; 0x9e <__trampolines_end+0x1c>
     10e:	ba a5       	ldd	r27, Y+42	; 0x2a
     110:	6f a5       	ldd	r22, Y+47	; 0x2f
     112:	f4 90       	lpm	r15, Z
     114:	05 5a       	subi	r16, 0xA5	; 165
     116:	2a f7       	brpl	.-54     	; 0xe2 <__trampolines_end+0x60>
     118:	5c 93       	st	X, r21
     11a:	6b 6c       	ori	r22, 0xCB	; 203
     11c:	f9 67       	ori	r31, 0x79	; 121
     11e:	6d c1       	rjmp	.+730    	; 0x3fa <calculateFilteredValue(float*, unsigned char, float)+0x4>
     120:	1b fc       	.word	0xfc1b	; ????
     122:	e0 e4       	ldi	r30, 0x40	; 64
     124:	0d 47       	sbci	r16, 0x7D	; 125
     126:	fe f5       	brtc	.+126    	; 0x1a6 <mpuStabilise()::__c+0x1a>
     128:	20 e6       	ldi	r18, 0x60	; 96
     12a:	b5 00       	.word	0x00b5	; ????
     12c:	d0 ed       	ldi	r29, 0xD0	; 208
     12e:	90 2e       	mov	r9, r16
     130:	03 00       	.word	0x0003	; ????
     132:	94 35       	cpi	r25, 0x54	; 84
     134:	77 05       	cpc	r23, r7
     136:	00 80       	ld	r0, Z
     138:	84 1e       	adc	r8, r20
     13a:	08 00       	.word	0x0008	; ????
     13c:	00 20       	and	r0, r0
     13e:	4e 0a       	sbc	r4, r30
     140:	00 00       	nop
     142:	00 c8       	rjmp	.-4096   	; 0xfffff144 <__eeprom_end+0xff7ef144>
     144:	0c 33       	cpi	r16, 0x3C	; 60
     146:	33 33       	cpi	r19, 0x33	; 51
     148:	33 0f       	add	r19, r19
     14a:	98 6e       	ori	r25, 0xE8	; 232
     14c:	12 83       	std	Z+2, r17	; 0x02
     14e:	11 41       	sbci	r17, 0x11	; 17
     150:	ef 8d       	ldd	r30, Y+31	; 0x1f
     152:	21 14       	cp	r2, r1
     154:	89 3b       	cpi	r24, 0xB9	; 185
     156:	e6 55       	subi	r30, 0x56	; 86
     158:	16 cf       	rjmp	.-468    	; 0xffffff86 <__eeprom_end+0xff7eff86>
     15a:	fe e6       	ldi	r31, 0x6E	; 110
     15c:	db 18       	sub	r13, r11
     15e:	d1 84       	ldd	r13, Z+9	; 0x09
     160:	4b 38       	cpi	r20, 0x8B	; 139
     162:	1b f7       	brvc	.-58     	; 0x12a <__trampolines_end+0xa8>
     164:	7c 1d       	adc	r23, r12
     166:	90 1d       	adc	r25, r0
     168:	a4 bb       	out	0x14, r26	; 20
     16a:	e4 24       	eor	r14, r4
     16c:	20 32       	cpi	r18, 0x20	; 32
     16e:	84 72       	andi	r24, 0x24	; 36
     170:	5e 22       	and	r5, r30
     172:	81 00       	.word	0x0081	; ????
     174:	c9 f1       	breq	.+114    	; 0x1e8 <mpuStabilise()::__c+0x15>
     176:	24 ec       	ldi	r18, 0xC4	; 196
     178:	a1 e5       	ldi	r26, 0x51	; 81
     17a:	3d 27       	eor	r19, r29

0000017c <sensorPacket(unsigned int, unsigned int, int, int, int, int, int, int, int)::__c>:
     17c:	3c 73 6e 73 00                                      <sns.

00000181 <sensorPacket(unsigned int, unsigned int, int, int, int, int, int, int, int)::__c>:
     181:	74 69 6d 65 3e 00                                   time>.

00000187 <sensorPacket(unsigned int, unsigned int, int, int, int, int, int, int, int)::__c>:
     187:	73 6e 73 3e 00                                      sns>.

0000018c <mpuStabilise()::__c>:
     18c:	2d 2d 2d 2d 2d 2d 2d 2d 2d 2d 2d 2d 2d 2d 2d 2d     ----------------
     19c:	2d 2d 2d 2d 2d 2d 2d 2d 2d 2d 2d 2d 2d 2d 2d 2d     ----------------
     1ac:	2d 2d 2d 2d 2d 2d 2d 2d 2d 00                       ---------.

000001b6 <mpuStabilise()::__c>:
     1b6:	73 74 61 62 69 6c 69 73 69 6e 67 20 67 79 72 6f     stabilising gyro
     1c6:	20 70 6c 65 61 73 65 20 77 61 69 74 00               please wait.

000001d3 <mpuStabilise()::__c>:
     1d3:	2d 2d 2d 2d 2d 2d 2d 2d 2d 2d 2d 2d 2d 2d 2d 2d     ----------------
     1e3:	2d 2d 2d 2d 2d 2d 2d 2d 2d 2d 2d 2d 2d 2d 2d 2d     ----------------
     1f3:	2d 2d 2d 2d 2d 2d 2d 2d 2d 00                       ---------.

000001fd <loop::__c>:
     1fd:	66 69 6c 74 65 72 65 64 20 76 61 6c 75 65 3a 00     filtered value:.

0000020d <setup::__c>:
     20d:	46 61 69 6c 65 64 20 74 6f 20 73 65 74 75 70 20     Failed to setup 
     21d:	6d 65 61 73 75 72 65 6d 65 6e 74 00                 measurement.

00000229 <setup::__c>:
     229:	46 61 69 6c 65 64 20 74 6f 20 69 6e 69 74 20 54     Failed to init T
     239:	44 43 37 32 30 30 00                                DC7200.

00000240 <setup::__c>:
     240:	2d 2d 20 53 74 61 72 74 69 6e 67 20 54 44 43 37     -- Starting TDC7
     250:	32 30 30 20 74 65 73 74 20 2d 2d 00                 200 test --.

0000025c <setup::__c>:
     25c:	7e 7e 7e 7e 7e 7e 7e 7e 7e 7e 7e 7e 7e 7e 7e 7e     ~~~~~~~~~~~~~~~~
     26c:	7e 44 69 65 73 65 6c 2d 45 79 65 2d 56 31 2e 32     ~Diesel-Eye-V1.2
     27c:	7e 7e 7e 7e 7e 7e 7e 7e 7e 7e 7e 7e 7e 7e 7e 7e     ~~~~~~~~~~~~~~~~
     28c:	7e 7e 00                                            ~~.

0000028f <digital_pin_to_timer_PGM>:
     28f:	00 00 00 02 00 00 00 00 00 00 00 00 05 04 00 07     ................
	...

000002af <digital_pin_to_bit_mask_PGM>:
     2af:	01 02 04 08 10 20 40 80 01 02 04 08 10 20 40 80     ..... @...... @.
     2bf:	01 02 04 08 10 20 40 80 01 02 04 08 10 20 40 80     ..... @...... @.

000002cf <digital_pin_to_port_PGM>:
     2cf:	02 02 02 02 02 02 02 02 04 04 04 04 04 04 04 04     ................
     2df:	03 03 03 03 03 03 03 03 01 01 01 01 01 01 01 01     ................

000002ef <port_to_input_PGM>:
     2ef:	00 00 39 00 36 00 33 00 30 00                       ..9.6.3.0.

000002f9 <port_to_output_PGM>:
     2f9:	00 00 3b 00 38 00 35 00 32 00                       ..;.8.5.2.

00000303 <port_to_mode_PGM>:
     303:	00 00 3a 00 37 00 34 00 31 00 00                    ..:.7.4.1..

0000030e <__ctors_start>:
__ctors_start():
     30e:	55 04       	cpc	r5, r5
     310:	b4 13       	cpse	r27, r20
     312:	29 16       	cp	r2, r25

00000314 <__ctors_end>:
__dtors_start():
     314:	76 04       	cpc	r7, r6

00000316 <__dtors_end>:
__dtors_end():
     316:	11 24       	eor	r1, r1
     318:	1f be       	out	0x3f, r1	; 63
     31a:	cf e5       	ldi	r28, 0x5F	; 95
     31c:	d8 e0       	ldi	r29, 0x08	; 8
     31e:	de bf       	out	0x3e, r29	; 62
     320:	cd bf       	out	0x3d, r28	; 61

00000322 <__do_copy_data>:
__do_copy_data():
/home/jenkins-mingw32/workspace/avr-gcc-staging/label/Ubuntu14.04x64-mingw32/gcc-build/avr/avr5/libgcc/../../../../gcc/libgcc/config/avr/lib1funcs.S:2409
     322:	11 e0       	ldi	r17, 0x01	; 1
/home/jenkins-mingw32/workspace/avr-gcc-staging/label/Ubuntu14.04x64-mingw32/gcc-build/avr/avr5/libgcc/../../../../gcc/libgcc/config/avr/lib1funcs.S:2410
     324:	a0 e6       	ldi	r26, 0x60	; 96
/home/jenkins-mingw32/workspace/avr-gcc-staging/label/Ubuntu14.04x64-mingw32/gcc-build/avr/avr5/libgcc/../../../../gcc/libgcc/config/avr/lib1funcs.S:2411
     326:	b0 e0       	ldi	r27, 0x00	; 0
/home/jenkins-mingw32/workspace/avr-gcc-staging/label/Ubuntu14.04x64-mingw32/gcc-build/avr/avr5/libgcc/../../../../gcc/libgcc/config/avr/lib1funcs.S:2412
     328:	ec e2       	ldi	r30, 0x2C	; 44
/home/jenkins-mingw32/workspace/avr-gcc-staging/label/Ubuntu14.04x64-mingw32/gcc-build/avr/avr5/libgcc/../../../../gcc/libgcc/config/avr/lib1funcs.S:2413
     32a:	f0 e5       	ldi	r31, 0x50	; 80
/home/jenkins-mingw32/workspace/avr-gcc-staging/label/Ubuntu14.04x64-mingw32/gcc-build/avr/avr5/libgcc/../../../../gcc/libgcc/config/avr/lib1funcs.S:2414
     32c:	02 c0       	rjmp	.+4      	; 0x332 <__do_copy_data+0x10>
/home/jenkins-mingw32/workspace/avr-gcc-staging/label/Ubuntu14.04x64-mingw32/gcc-build/avr/avr5/libgcc/../../../../gcc/libgcc/config/avr/lib1funcs.S:2417
     32e:	05 90       	lpm	r0, Z+
/home/jenkins-mingw32/workspace/avr-gcc-staging/label/Ubuntu14.04x64-mingw32/gcc-build/avr/avr5/libgcc/../../../../gcc/libgcc/config/avr/lib1funcs.S:2422
     330:	0d 92       	st	X+, r0
/home/jenkins-mingw32/workspace/avr-gcc-staging/label/Ubuntu14.04x64-mingw32/gcc-build/avr/avr5/libgcc/../../../../gcc/libgcc/config/avr/lib1funcs.S:2424
     332:	a2 33       	cpi	r26, 0x32	; 50
/home/jenkins-mingw32/workspace/avr-gcc-staging/label/Ubuntu14.04x64-mingw32/gcc-build/avr/avr5/libgcc/../../../../gcc/libgcc/config/avr/lib1funcs.S:2425
     334:	b1 07       	cpc	r27, r17
/home/jenkins-mingw32/workspace/avr-gcc-staging/label/Ubuntu14.04x64-mingw32/gcc-build/avr/avr5/libgcc/../../../../gcc/libgcc/config/avr/lib1funcs.S:2426
     336:	d9 f7       	brne	.-10     	; 0x32e <__do_copy_data+0xc>

00000338 <__do_clear_bss>:
__do_clear_bss():
/home/jenkins-mingw32/workspace/avr-gcc-staging/label/Ubuntu14.04x64-mingw32/gcc-build/avr/avr5/libgcc/../../../../gcc/libgcc/config/avr/lib1funcs.S:2441
     338:	25 e0       	ldi	r18, 0x05	; 5
/home/jenkins-mingw32/workspace/avr-gcc-staging/label/Ubuntu14.04x64-mingw32/gcc-build/avr/avr5/libgcc/../../../../gcc/libgcc/config/avr/lib1funcs.S:2442
     33a:	a2 e3       	ldi	r26, 0x32	; 50
/home/jenkins-mingw32/workspace/avr-gcc-staging/label/Ubuntu14.04x64-mingw32/gcc-build/avr/avr5/libgcc/../../../../gcc/libgcc/config/avr/lib1funcs.S:2443
     33c:	b1 e0       	ldi	r27, 0x01	; 1
/home/jenkins-mingw32/workspace/avr-gcc-staging/label/Ubuntu14.04x64-mingw32/gcc-build/avr/avr5/libgcc/../../../../gcc/libgcc/config/avr/lib1funcs.S:2444
     33e:	01 c0       	rjmp	.+2      	; 0x342 <.do_clear_bss_start>

00000340 <.do_clear_bss_loop>:
/home/jenkins-mingw32/workspace/avr-gcc-staging/label/Ubuntu14.04x64-mingw32/gcc-build/avr/avr5/libgcc/../../../../gcc/libgcc/config/avr/lib1funcs.S:2446
     340:	1d 92       	st	X+, r1

00000342 <.do_clear_bss_start>:
/home/jenkins-mingw32/workspace/avr-gcc-staging/label/Ubuntu14.04x64-mingw32/gcc-build/avr/avr5/libgcc/../../../../gcc/libgcc/config/avr/lib1funcs.S:2448
     342:	a7 30       	cpi	r26, 0x07	; 7
/home/jenkins-mingw32/workspace/avr-gcc-staging/label/Ubuntu14.04x64-mingw32/gcc-build/avr/avr5/libgcc/../../../../gcc/libgcc/config/avr/lib1funcs.S:2449
     344:	b2 07       	cpc	r27, r18
/home/jenkins-mingw32/workspace/avr-gcc-staging/label/Ubuntu14.04x64-mingw32/gcc-build/avr/avr5/libgcc/../../../../gcc/libgcc/config/avr/lib1funcs.S:2450
     346:	e1 f7       	brne	.-8      	; 0x340 <.do_clear_bss_loop>

00000348 <__do_global_ctors>:
__do_global_ctors():
/home/jenkins-mingw32/workspace/avr-gcc-staging/label/Ubuntu14.04x64-mingw32/gcc-build/avr/avr5/libgcc/../../../../gcc/libgcc/config/avr/lib1funcs.S:2466
     348:	11 e0       	ldi	r17, 0x01	; 1
/home/jenkins-mingw32/workspace/avr-gcc-staging/label/Ubuntu14.04x64-mingw32/gcc-build/avr/avr5/libgcc/../../../../gcc/libgcc/config/avr/lib1funcs.S:2467
     34a:	ca e8       	ldi	r28, 0x8A	; 138
/home/jenkins-mingw32/workspace/avr-gcc-staging/label/Ubuntu14.04x64-mingw32/gcc-build/avr/avr5/libgcc/../../../../gcc/libgcc/config/avr/lib1funcs.S:2468
     34c:	d1 e0       	ldi	r29, 0x01	; 1
/home/jenkins-mingw32/workspace/avr-gcc-staging/label/Ubuntu14.04x64-mingw32/gcc-build/avr/avr5/libgcc/../../../../gcc/libgcc/config/avr/lib1funcs.S:2472
     34e:	04 c0       	rjmp	.+8      	; 0x358 <__do_global_ctors+0x10>
/home/jenkins-mingw32/workspace/avr-gcc-staging/label/Ubuntu14.04x64-mingw32/gcc-build/avr/avr5/libgcc/../../../../gcc/libgcc/config/avr/lib1funcs.S:2474
     350:	21 97       	sbiw	r28, 0x01	; 1
/home/jenkins-mingw32/workspace/avr-gcc-staging/label/Ubuntu14.04x64-mingw32/gcc-build/avr/avr5/libgcc/../../../../gcc/libgcc/config/avr/lib1funcs.S:2480
     352:	fe 01       	movw	r30, r28
/home/jenkins-mingw32/workspace/avr-gcc-staging/label/Ubuntu14.04x64-mingw32/gcc-build/avr/avr5/libgcc/../../../../gcc/libgcc/config/avr/lib1funcs.S:2481
     354:	0e 94 d0 20 	call	0x41a0	; 0x41a0 <__tablejump2__>
/home/jenkins-mingw32/workspace/avr-gcc-staging/label/Ubuntu14.04x64-mingw32/gcc-build/avr/avr5/libgcc/../../../../gcc/libgcc/config/avr/lib1funcs.S:2483
     358:	c7 38       	cpi	r28, 0x87	; 135
/home/jenkins-mingw32/workspace/avr-gcc-staging/label/Ubuntu14.04x64-mingw32/gcc-build/avr/avr5/libgcc/../../../../gcc/libgcc/config/avr/lib1funcs.S:2484
     35a:	d1 07       	cpc	r29, r17
/home/jenkins-mingw32/workspace/avr-gcc-staging/label/Ubuntu14.04x64-mingw32/gcc-build/avr/avr5/libgcc/../../../../gcc/libgcc/config/avr/lib1funcs.S:2489
     35c:	c9 f7       	brne	.-14     	; 0x350 <__do_global_ctors+0x8>
     35e:	0e 94 7b 19 	call	0x32f6	; 0x32f6 <main>
     362:	0c 94 09 28 	jmp	0x5012	; 0x5012 <__do_global_dtors>

00000366 <__bad_interrupt>:
__vector_1():
     366:	0c 94 00 00 	jmp	0	; 0x0 <__vectors>

0000036a <SPIClass::endTransaction() [clone .part.1]>:
_ZN8SPIClass14endTransactionEv():
C:\Users\dheer\OneDrive\Documents\Arduino\DE-FIRMWARE-REFINED/DE-FIRMWARE-REFINED.ino:596
  mySerial.print("TDC1000 TIMEOUT = ");
  mySerial.println(val8, HEX);
  mySerial.print("\n");
  mySerial.print("TDC1000 CLOCK RATE = ");
  mySerial.println(val9, HEX);
  mySerial.print("\n");
     36a:	9f b7       	in	r25, 0x3f	; 63
     36c:	f8 94       	cli
     36e:	20 91 b5 03 	lds	r18, 0x03B5	; 0x8003b5 <SPIClass::interruptMode>
     372:	80 91 b3 03 	lds	r24, 0x03B3	; 0x8003b3 <SPIClass::interruptSave>
     376:	21 30       	cpi	r18, 0x01	; 1
     378:	19 f4       	brne	.+6      	; 0x380 <SPIClass::endTransaction() [clone .part.1]+0x16>
     37a:	8b bf       	out	0x3b, r24	; 59
     37c:	9f bf       	out	0x3f, r25	; 63
     37e:	08 95       	ret
     380:	8f bf       	out	0x3f, r24	; 63
     382:	08 95       	ret

00000384 <SPIClass::beginTransaction(SPISettings)>:
_ZN8SPIClass16beginTransactionE11SPISettings():
     384:	20 91 b5 03 	lds	r18, 0x03B5	; 0x8003b5 <SPIClass::interruptMode>
     388:	22 23       	and	r18, r18
     38a:	81 f0       	breq	.+32     	; 0x3ac <SPIClass::beginTransaction(SPISettings)+0x28>
     38c:	3f b7       	in	r19, 0x3f	; 63
     38e:	f8 94       	cli
     390:	20 91 b5 03 	lds	r18, 0x03B5	; 0x8003b5 <SPIClass::interruptMode>
     394:	21 30       	cpi	r18, 0x01	; 1
     396:	69 f4       	brne	.+26     	; 0x3b2 <SPIClass::beginTransaction(SPISettings)+0x2e>
     398:	2b b7       	in	r18, 0x3b	; 59
     39a:	20 93 b3 03 	sts	0x03B3, r18	; 0x8003b3 <SPIClass::interruptSave>
     39e:	4b b7       	in	r20, 0x3b	; 59
     3a0:	20 91 b4 03 	lds	r18, 0x03B4	; 0x8003b4 <SPIClass::interruptMask>
     3a4:	20 95       	com	r18
     3a6:	24 23       	and	r18, r20
     3a8:	2b bf       	out	0x3b, r18	; 59
     3aa:	3f bf       	out	0x3f, r19	; 63
     3ac:	8d b9       	out	0x0d, r24	; 13
     3ae:	9e b9       	out	0x0e, r25	; 14
     3b0:	08 95       	ret
     3b2:	30 93 b3 03 	sts	0x03B3, r19	; 0x8003b3 <SPIClass::interruptSave>
     3b6:	fa cf       	rjmp	.-12     	; 0x3ac <SPIClass::beginTransaction(SPISettings)+0x28>

000003b8 <SPIClass::transfer16(unsigned int)>:
_ZN8SPIClass10transfer16Ej():
     3b8:	6d 99       	sbic	0x0d, 5	; 13
     3ba:	0b c0       	rjmp	.+22     	; 0x3d2 <SPIClass::transfer16(unsigned int)+0x1a>
     3bc:	9f b9       	out	0x0f, r25	; 15
     3be:	00 00       	nop
     3c0:	77 9b       	sbis	0x0e, 7	; 14
     3c2:	fe cf       	rjmp	.-4      	; 0x3c0 <SPIClass::transfer16(unsigned int)+0x8>
     3c4:	9f b1       	in	r25, 0x0f	; 15
     3c6:	8f b9       	out	0x0f, r24	; 15
     3c8:	00 00       	nop
     3ca:	77 9b       	sbis	0x0e, 7	; 14
     3cc:	fe cf       	rjmp	.-4      	; 0x3ca <SPIClass::transfer16(unsigned int)+0x12>
     3ce:	8f b1       	in	r24, 0x0f	; 15
     3d0:	08 95       	ret
     3d2:	8f b9       	out	0x0f, r24	; 15
     3d4:	00 00       	nop
     3d6:	77 9b       	sbis	0x0e, 7	; 14
     3d8:	fe cf       	rjmp	.-4      	; 0x3d6 <SPIClass::transfer16(unsigned int)+0x1e>
     3da:	8f b1       	in	r24, 0x0f	; 15
     3dc:	9f b9       	out	0x0f, r25	; 15
     3de:	00 00       	nop
     3e0:	77 9b       	sbis	0x0e, 7	; 14
     3e2:	fe cf       	rjmp	.-4      	; 0x3e0 <SPIClass::transfer16(unsigned int)+0x28>
     3e4:	9f b1       	in	r25, 0x0f	; 15
     3e6:	08 95       	ret

000003e8 <TwoWire::write(int)>:
_ZN7TwoWire5writeEi():
     3e8:	dc 01       	movw	r26, r24
     3ea:	ed 91       	ld	r30, X+
     3ec:	fc 91       	ld	r31, X
     3ee:	01 90       	ld	r0, Z+
     3f0:	f0 81       	ld	r31, Z
     3f2:	e0 2d       	mov	r30, r0
     3f4:	09 94       	ijmp

000003f6 <calculateFilteredValue(float*, unsigned char, float)>:
_Z22calculateFilteredValuePfhf():
     3f6:	2f 92       	push	r2
     3f8:	3f 92       	push	r3
     3fa:	4f 92       	push	r4
     3fc:	5f 92       	push	r5
     3fe:	6f 92       	push	r6
     400:	7f 92       	push	r7
     402:	8f 92       	push	r8
     404:	9f 92       	push	r9
     406:	af 92       	push	r10
     408:	bf 92       	push	r11
     40a:	cf 92       	push	r12
     40c:	df 92       	push	r13
     40e:	ef 92       	push	r14
     410:	ff 92       	push	r15
     412:	0f 93       	push	r16
     414:	1f 93       	push	r17
     416:	cf 93       	push	r28
     418:	df 93       	push	r29
     41a:	cd b7       	in	r28, 0x3d	; 61
     41c:	de b7       	in	r29, 0x3e	; 62
     41e:	28 97       	sbiw	r28, 0x08	; 8
     420:	0f b6       	in	r0, 0x3f	; 63
     422:	f8 94       	cli
     424:	de bf       	out	0x3e, r29	; 62
     426:	0f be       	out	0x3f, r0	; 63
     428:	cd bf       	out	0x3d, r28	; 61
     42a:	86 2e       	mov	r8, r22
     42c:	91 2c       	mov	r9, r1
     42e:	72 e0       	ldi	r23, 0x02	; 2
     430:	87 16       	cp	r8, r23
     432:	91 04       	cpc	r9, r1
     434:	0c f4       	brge	.+2      	; 0x438 <__LOCK_REGION_LENGTH__+0x38>
     436:	af c0       	rjmp	.+350    	; 0x596 <__LOCK_REGION_LENGTH__+0x196>
     438:	2b 83       	std	Y+3, r18	; 0x03
     43a:	3c 83       	std	Y+4, r19	; 0x04
     43c:	4d 83       	std	Y+5, r20	; 0x05
     43e:	5e 83       	std	Y+6, r21	; 0x06
     440:	36 2e       	mov	r3, r22
     442:	8c 01       	movw	r16, r24
     444:	21 2c       	mov	r2, r1
     446:	81 e0       	ldi	r24, 0x01	; 1
     448:	88 1a       	sub	r8, r24
     44a:	91 08       	sbc	r9, r1
     44c:	e2 2d       	mov	r30, r2
     44e:	f0 e0       	ldi	r31, 0x00	; 0
     450:	fa 83       	std	Y+2, r31	; 0x02
     452:	e9 83       	std	Y+1, r30	; 0x01
     454:	e8 15       	cp	r30, r8
     456:	f9 05       	cpc	r31, r9
     458:	84 f5       	brge	.+96     	; 0x4ba <__LOCK_REGION_LENGTH__+0xba>
     45a:	ee 0f       	add	r30, r30
     45c:	ff 1f       	adc	r31, r31
     45e:	ee 0f       	add	r30, r30
     460:	ff 1f       	adc	r31, r31
     462:	fa 83       	std	Y+2, r31	; 0x02
     464:	e9 83       	std	Y+1, r30	; 0x01
     466:	5f 01       	movw	r10, r30
     468:	a0 0e       	add	r10, r16
     46a:	b1 1e       	adc	r11, r17
     46c:	f5 01       	movw	r30, r10
     46e:	c0 80       	ld	r12, Z
     470:	d1 80       	ldd	r13, Z+1	; 0x01
     472:	e2 80       	ldd	r14, Z+2	; 0x02
     474:	f3 80       	ldd	r15, Z+3	; 0x03
     476:	29 81       	ldd	r18, Y+1	; 0x01
     478:	3a 81       	ldd	r19, Y+2	; 0x02
     47a:	2c 5f       	subi	r18, 0xFC	; 252
     47c:	3f 4f       	sbci	r19, 0xFF	; 255
     47e:	20 0f       	add	r18, r16
     480:	31 1f       	adc	r19, r17
     482:	3a 83       	std	Y+2, r19	; 0x02
     484:	29 83       	std	Y+1, r18	; 0x01
     486:	f9 01       	movw	r30, r18
     488:	40 80       	ld	r4, Z
     48a:	51 80       	ldd	r5, Z+1	; 0x01
     48c:	62 80       	ldd	r6, Z+2	; 0x02
     48e:	73 80       	ldd	r7, Z+3	; 0x03
     490:	a3 01       	movw	r20, r6
     492:	92 01       	movw	r18, r4
     494:	c7 01       	movw	r24, r14
     496:	b6 01       	movw	r22, r12
     498:	0e 94 48 1e 	call	0x3c90	; 0x3c90 <__gesf2>
     49c:	18 16       	cp	r1, r24
     49e:	5c f4       	brge	.+22     	; 0x4b6 <__LOCK_REGION_LENGTH__+0xb6>
     4a0:	f5 01       	movw	r30, r10
     4a2:	40 82       	st	Z, r4
     4a4:	51 82       	std	Z+1, r5	; 0x01
     4a6:	62 82       	std	Z+2, r6	; 0x02
     4a8:	73 82       	std	Z+3, r7	; 0x03
     4aa:	e9 81       	ldd	r30, Y+1	; 0x01
     4ac:	fa 81       	ldd	r31, Y+2	; 0x02
     4ae:	c0 82       	st	Z, r12
     4b0:	d1 82       	std	Z+1, r13	; 0x01
     4b2:	e2 82       	std	Z+2, r14	; 0x02
     4b4:	f3 82       	std	Z+3, r15	; 0x03
     4b6:	23 94       	inc	r2
     4b8:	c9 cf       	rjmp	.-110    	; 0x44c <__LOCK_REGION_LENGTH__+0x4c>
     4ba:	a8 95       	wdr
     4bc:	83 2d       	mov	r24, r3
     4be:	86 95       	lsr	r24
     4c0:	f4 e0       	ldi	r31, 0x04	; 4
     4c2:	8f 9f       	mul	r24, r31
     4c4:	c0 01       	movw	r24, r0
     4c6:	11 24       	eor	r1, r1
     4c8:	98 01       	movw	r18, r16
     4ca:	28 0f       	add	r18, r24
     4cc:	39 1f       	adc	r19, r25
     4ce:	3a 83       	std	Y+2, r19	; 0x02
     4d0:	29 83       	std	Y+1, r18	; 0x01
     4d2:	18 87       	std	Y+8, r17	; 0x08
     4d4:	0f 83       	std	Y+7, r16	; 0x07
     4d6:	00 e0       	ldi	r16, 0x00	; 0
     4d8:	10 e0       	ldi	r17, 0x00	; 0
     4da:	81 2c       	mov	r8, r1
     4dc:	91 2c       	mov	r9, r1
     4de:	54 01       	movw	r10, r8
     4e0:	30 16       	cp	r3, r16
     4e2:	a1 f1       	breq	.+104    	; 0x54c <__LOCK_REGION_LENGTH__+0x14c>
     4e4:	ef 81       	ldd	r30, Y+7	; 0x07
     4e6:	f8 85       	ldd	r31, Y+8	; 0x08
     4e8:	41 90       	ld	r4, Z+
     4ea:	51 90       	ld	r5, Z+
     4ec:	61 90       	ld	r6, Z+
     4ee:	71 90       	ld	r7, Z+
     4f0:	f8 87       	std	Y+8, r31	; 0x08
     4f2:	ef 83       	std	Y+7, r30	; 0x07
     4f4:	e9 81       	ldd	r30, Y+1	; 0x01
     4f6:	fa 81       	ldd	r31, Y+2	; 0x02
     4f8:	20 81       	ld	r18, Z
     4fa:	31 81       	ldd	r19, Z+1	; 0x01
     4fc:	42 81       	ldd	r20, Z+2	; 0x02
     4fe:	53 81       	ldd	r21, Z+3	; 0x03
     500:	c3 01       	movw	r24, r6
     502:	b2 01       	movw	r22, r4
     504:	0e 94 e3 1b 	call	0x37c6	; 0x37c6 <__subsf3>
     508:	6b 01       	movw	r12, r22
     50a:	7c 01       	movw	r14, r24
_Z3absIfEDTqugtfp_Li0Efp_ngfp_ERKT_():
     50c:	20 e0       	ldi	r18, 0x00	; 0
     50e:	30 e0       	ldi	r19, 0x00	; 0
     510:	a9 01       	movw	r20, r18
     512:	0e 94 48 1e 	call	0x3c90	; 0x3c90 <__gesf2>
     516:	18 16       	cp	r1, r24
     518:	24 f0       	brlt	.+8      	; 0x522 <__LOCK_REGION_LENGTH__+0x122>
     51a:	f7 fa       	bst	r15, 7
     51c:	f0 94       	com	r15
     51e:	f7 f8       	bld	r15, 7
     520:	f0 94       	com	r15
_Z22calculateFilteredValuePfhf():
     522:	a7 01       	movw	r20, r14
     524:	96 01       	movw	r18, r12
     526:	6b 81       	ldd	r22, Y+3	; 0x03
     528:	7c 81       	ldd	r23, Y+4	; 0x04
     52a:	8d 81       	ldd	r24, Y+5	; 0x05
     52c:	9e 81       	ldd	r25, Y+6	; 0x06
     52e:	0e 94 48 1e 	call	0x3c90	; 0x3c90 <__gesf2>
     532:	87 fd       	sbrc	r24, 7
     534:	09 c0       	rjmp	.+18     	; 0x548 <__LOCK_REGION_LENGTH__+0x148>
     536:	a3 01       	movw	r20, r6
     538:	92 01       	movw	r18, r4
     53a:	c5 01       	movw	r24, r10
     53c:	b4 01       	movw	r22, r8
     53e:	0e 94 e4 1b 	call	0x37c8	; 0x37c8 <__addsf3>
     542:	4b 01       	movw	r8, r22
     544:	5c 01       	movw	r10, r24
     546:	1f 5f       	subi	r17, 0xFF	; 255
     548:	0f 5f       	subi	r16, 0xFF	; 255
     54a:	ca cf       	rjmp	.-108    	; 0x4e0 <__LOCK_REGION_LENGTH__+0xe0>
     54c:	61 2f       	mov	r22, r17
     54e:	70 e0       	ldi	r23, 0x00	; 0
     550:	90 e0       	ldi	r25, 0x00	; 0
     552:	80 e0       	ldi	r24, 0x00	; 0
     554:	0e 94 71 1d 	call	0x3ae2	; 0x3ae2 <__floatsisf>
     558:	9b 01       	movw	r18, r22
     55a:	ac 01       	movw	r20, r24
     55c:	c5 01       	movw	r24, r10
     55e:	b4 01       	movw	r22, r8
     560:	0e 94 c7 1c 	call	0x398e	; 0x398e <__divsf3>
     564:	28 96       	adiw	r28, 0x08	; 8
     566:	0f b6       	in	r0, 0x3f	; 63
     568:	f8 94       	cli
     56a:	de bf       	out	0x3e, r29	; 62
     56c:	0f be       	out	0x3f, r0	; 63
     56e:	cd bf       	out	0x3d, r28	; 61
     570:	df 91       	pop	r29
     572:	cf 91       	pop	r28
     574:	1f 91       	pop	r17
     576:	0f 91       	pop	r16
     578:	ff 90       	pop	r15
     57a:	ef 90       	pop	r14
     57c:	df 90       	pop	r13
     57e:	cf 90       	pop	r12
     580:	bf 90       	pop	r11
     582:	af 90       	pop	r10
     584:	9f 90       	pop	r9
     586:	8f 90       	pop	r8
     588:	7f 90       	pop	r7
     58a:	6f 90       	pop	r6
     58c:	5f 90       	pop	r5
     58e:	4f 90       	pop	r4
     590:	3f 90       	pop	r3
     592:	2f 90       	pop	r2
     594:	08 95       	ret
     596:	e6 cf       	rjmp	.-52     	; 0x564 <__LOCK_REGION_LENGTH__+0x164>

00000598 <calculateHeight()>:
_Z15calculateHeightv():
     598:	2f 92       	push	r2
     59a:	3f 92       	push	r3
     59c:	4f 92       	push	r4
     59e:	5f 92       	push	r5
     5a0:	6f 92       	push	r6
     5a2:	7f 92       	push	r7
     5a4:	8f 92       	push	r8
     5a6:	9f 92       	push	r9
     5a8:	af 92       	push	r10
     5aa:	bf 92       	push	r11
     5ac:	cf 92       	push	r12
     5ae:	df 92       	push	r13
     5b0:	ef 92       	push	r14
     5b2:	ff 92       	push	r15
     5b4:	0f 93       	push	r16
     5b6:	1f 93       	push	r17
     5b8:	cf 93       	push	r28
     5ba:	df 93       	push	r29
     5bc:	cd b7       	in	r28, 0x3d	; 61
     5be:	de b7       	in	r29, 0x3e	; 62
     5c0:	ed 97       	sbiw	r28, 0x3d	; 61
     5c2:	0f b6       	in	r0, 0x3f	; 63
     5c4:	f8 94       	cli
     5c6:	de bf       	out	0x3e, r29	; 62
     5c8:	0f be       	out	0x3f, r0	; 63
     5ca:	cd bf       	out	0x3d, r28	; 61
     5cc:	a8 95       	wdr
     5ce:	8e e1       	ldi	r24, 0x1E	; 30
     5d0:	0e 94 e1 1a 	call	0x35c2	; 0x35c2 <digitalRead>
     5d4:	61 e0       	ldi	r22, 0x01	; 1
     5d6:	89 2b       	or	r24, r25
     5d8:	09 f0       	breq	.+2      	; 0x5dc <calculateHeight()+0x44>
     5da:	60 e0       	ldi	r22, 0x00	; 0
     5dc:	8e e1       	ldi	r24, 0x1E	; 30
     5de:	0e 94 b3 1a 	call	0x3566	; 0x3566 <digitalWrite>
     5e2:	82 e3       	ldi	r24, 0x32	; 50
     5e4:	91 e0       	ldi	r25, 0x01	; 1
     5e6:	0e 94 5c 11 	call	0x22b8	; 0x22b8 <TDC7200::startMeasurement()>
     5ea:	0e 94 d4 19 	call	0x33a8	; 0x33a8 <millis>
     5ee:	2b 01       	movw	r4, r22
     5f0:	3c 01       	movw	r6, r24
     5f2:	28 eb       	ldi	r18, 0xB8	; 184
     5f4:	42 0e       	add	r4, r18
     5f6:	2b e0       	ldi	r18, 0x0B	; 11
     5f8:	52 1e       	adc	r5, r18
     5fa:	61 1c       	adc	r6, r1
     5fc:	71 1c       	adc	r7, r1
     5fe:	0e 94 d4 19 	call	0x33a8	; 0x33a8 <millis>
     602:	64 15       	cp	r22, r4
     604:	75 05       	cpc	r23, r5
     606:	86 05       	cpc	r24, r6
     608:	97 05       	cpc	r25, r7
     60a:	38 f4       	brcc	.+14     	; 0x61a <calculateHeight()+0x82>
     60c:	8f e1       	ldi	r24, 0x1F	; 31
     60e:	0e 94 e1 1a 	call	0x35c2	; 0x35c2 <digitalRead>
     612:	89 2b       	or	r24, r25
     614:	11 f0       	breq	.+4      	; 0x61a <calculateHeight()+0x82>
     616:	a8 95       	wdr
     618:	f2 cf       	rjmp	.-28     	; 0x5fe <calculateHeight()+0x66>
     61a:	a8 95       	wdr
     61c:	ae 01       	movw	r20, r28
     61e:	47 5d       	subi	r20, 0xD7	; 215
     620:	5f 4f       	sbci	r21, 0xFF	; 255
     622:	61 e0       	ldi	r22, 0x01	; 1
     624:	82 e3       	ldi	r24, 0x32	; 50
     626:	91 e0       	ldi	r25, 0x01	; 1
     628:	0e 94 2e 0e 	call	0x1c5c	; 0x1c5c <TDC7200::readMeasurement(unsigned char, unsigned long long&)>
     62c:	88 23       	and	r24, r24
     62e:	09 f4       	brne	.+2      	; 0x632 <calculateHeight()+0x9a>
     630:	51 c0       	rjmp	.+162    	; 0x6d4 <calculateHeight()+0x13c>
     632:	89 a5       	ldd	r24, Y+41	; 0x29
     634:	8d af       	std	Y+61, r24	; 0x3d
     636:	4a a4       	ldd	r4, Y+42	; 0x2a
     638:	5b a4       	ldd	r5, Y+43	; 0x2b
     63a:	bc a5       	ldd	r27, Y+44	; 0x2c
     63c:	fd a5       	ldd	r31, Y+45	; 0x2d
     63e:	ee a5       	ldd	r30, Y+46	; 0x2e
     640:	2f a4       	ldd	r2, Y+47	; 0x2f
     642:	38 a8       	ldd	r3, Y+48	; 0x30
     644:	ce 01       	movw	r24, r28
     646:	01 96       	adiw	r24, 0x01	; 1
     648:	4c 01       	movw	r8, r24
     64a:	3c 01       	movw	r6, r24
     64c:	83 01       	movw	r16, r6
     64e:	08 19       	sub	r16, r8
     650:	19 09       	sbc	r17, r9
ui64toa():
     652:	2d ad       	ldd	r18, Y+61	; 0x3d
     654:	34 2d       	mov	r19, r4
     656:	45 2d       	mov	r20, r5
     658:	5b 2f       	mov	r21, r27
     65a:	6f 2f       	mov	r22, r31
     65c:	7e 2f       	mov	r23, r30
     65e:	c1 01       	movw	r24, r2
     660:	a0 e0       	ldi	r26, 0x00	; 0
     662:	0e 94 c4 20 	call	0x4188	; 0x4188 <__cmpdi2_s8>
     666:	e1 f0       	breq	.+56     	; 0x6a0 <calculateHeight()+0x108>
     668:	ea e0       	ldi	r30, 0x0A	; 10
     66a:	ae 2e       	mov	r10, r30
     66c:	b1 2c       	mov	r11, r1
     66e:	c1 2c       	mov	r12, r1
     670:	d1 2c       	mov	r13, r1
     672:	e1 2c       	mov	r14, r1
     674:	f1 2c       	mov	r15, r1
     676:	00 e0       	ldi	r16, 0x00	; 0
     678:	10 e0       	ldi	r17, 0x00	; 0
     67a:	0e 94 d8 1f 	call	0x3fb0	; 0x3fb0 <__udivdi3>
     67e:	ad ad       	ldd	r26, Y+61	; 0x3d
     680:	a0 5d       	subi	r26, 0xD0	; 208
     682:	ea e0       	ldi	r30, 0x0A	; 10
     684:	2e 9f       	mul	r18, r30
     686:	a0 19       	sub	r26, r0
     688:	11 24       	eor	r1, r1
     68a:	f3 01       	movw	r30, r6
     68c:	a1 93       	st	Z+, r26
     68e:	3f 01       	movw	r6, r30
     690:	2d af       	std	Y+61, r18	; 0x3d
     692:	43 2e       	mov	r4, r19
     694:	54 2e       	mov	r5, r20
     696:	b5 2f       	mov	r27, r21
     698:	f6 2f       	mov	r31, r22
     69a:	e7 2f       	mov	r30, r23
     69c:	1c 01       	movw	r2, r24
     69e:	d6 cf       	rjmp	.-84     	; 0x64c <calculateHeight()+0xb4>
     6a0:	f3 01       	movw	r30, r6
     6a2:	10 82       	st	Z, r1
     6a4:	a8 01       	movw	r20, r16
     6a6:	55 95       	asr	r21
     6a8:	47 95       	ror	r20
     6aa:	08 0d       	add	r16, r8
     6ac:	19 1d       	adc	r17, r9
     6ae:	d4 01       	movw	r26, r8
     6b0:	cd 01       	movw	r24, r26
     6b2:	88 19       	sub	r24, r8
     6b4:	99 09       	sbc	r25, r9
     6b6:	84 17       	cp	r24, r20
     6b8:	95 07       	cpc	r25, r21
     6ba:	64 f4       	brge	.+24     	; 0x6d4 <calculateHeight()+0x13c>
     6bc:	8d 91       	ld	r24, X+
     6be:	f8 01       	movw	r30, r16
     6c0:	92 91       	ld	r25, -Z
     6c2:	8f 01       	movw	r16, r30
     6c4:	9d 01       	movw	r18, r26
     6c6:	21 50       	subi	r18, 0x01	; 1
     6c8:	31 09       	sbc	r19, r1
     6ca:	f9 01       	movw	r30, r18
     6cc:	90 83       	st	Z, r25
     6ce:	f8 01       	movw	r30, r16
     6d0:	80 83       	st	Z, r24
     6d2:	ee cf       	rjmp	.-36     	; 0x6b0 <calculateHeight()+0x118>
_Z15calculateHeightv():
     6d4:	69 e7       	ldi	r22, 0x79	; 121
     6d6:	70 e0       	ldi	r23, 0x00	; 0
     6d8:	ce 01       	movw	r24, r28
     6da:	c7 96       	adiw	r24, 0x37	; 55
     6dc:	0e 94 16 18 	call	0x302c	; 0x302c <String::String(char const*)>
     6e0:	69 81       	ldd	r22, Y+1	; 0x01
     6e2:	ce 01       	movw	r24, r28
     6e4:	89 96       	adiw	r24, 0x29	; 41
     6e6:	0e 94 35 18 	call	0x306a	; 0x306a <String::String(char)>
     6ea:	be 01       	movw	r22, r28
     6ec:	67 5d       	subi	r22, 0xD7	; 215
     6ee:	7f 4f       	sbci	r23, 0xFF	; 255
     6f0:	ce 01       	movw	r24, r28
     6f2:	c7 96       	adiw	r24, 0x37	; 55
     6f4:	0e 94 aa 18 	call	0x3154	; 0x3154 <String::operator=(String&&)>
     6f8:	ce 01       	movw	r24, r28
     6fa:	89 96       	adiw	r24, 0x29	; 41
     6fc:	0e 94 a4 17 	call	0x2f48	; 0x2f48 <String::~String()>
     700:	1a 81       	ldd	r17, Y+2	; 0x02
_ZN15StringSumHelperC4ERK6String():
     702:	be 01       	movw	r22, r28
     704:	69 5c       	subi	r22, 0xC9	; 201
     706:	7f 4f       	sbci	r23, 0xFF	; 255
     708:	ce 01       	movw	r24, r28
     70a:	c1 96       	adiw	r24, 0x31	; 49
     70c:	0e 94 a1 18 	call	0x3142	; 0x3142 <String::String(String const&)>
_Z15calculateHeightv():
     710:	61 2f       	mov	r22, r17
     712:	ce 01       	movw	r24, r28
     714:	c1 96       	adiw	r24, 0x31	; 49
     716:	0e 94 61 19 	call	0x32c2	; 0x32c2 <operator+(StringSumHelper const&, char)>
     71a:	bc 01       	movw	r22, r24
     71c:	ce 01       	movw	r24, r28
     71e:	89 96       	adiw	r24, 0x29	; 41
     720:	0e 94 a1 18 	call	0x3142	; 0x3142 <String::String(String const&)>
     724:	be 01       	movw	r22, r28
     726:	67 5d       	subi	r22, 0xD7	; 215
     728:	7f 4f       	sbci	r23, 0xFF	; 255
     72a:	ce 01       	movw	r24, r28
     72c:	c7 96       	adiw	r24, 0x37	; 55
     72e:	0e 94 aa 18 	call	0x3154	; 0x3154 <String::operator=(String&&)>
     732:	ce 01       	movw	r24, r28
     734:	89 96       	adiw	r24, 0x29	; 41
     736:	0e 94 a4 17 	call	0x2f48	; 0x2f48 <String::~String()>
_ZN15StringSumHelperD4Ev():
     73a:	ce 01       	movw	r24, r28
     73c:	c1 96       	adiw	r24, 0x31	; 49
     73e:	0e 94 a4 17 	call	0x2f48	; 0x2f48 <String::~String()>
_Z15calculateHeightv():
     742:	1b 81       	ldd	r17, Y+3	; 0x03
_ZN15StringSumHelperC4ERK6String():
     744:	be 01       	movw	r22, r28
     746:	69 5c       	subi	r22, 0xC9	; 201
     748:	7f 4f       	sbci	r23, 0xFF	; 255
     74a:	ce 01       	movw	r24, r28
     74c:	c1 96       	adiw	r24, 0x31	; 49
     74e:	0e 94 a1 18 	call	0x3142	; 0x3142 <String::String(String const&)>
_Z15calculateHeightv():
     752:	61 2f       	mov	r22, r17
     754:	ce 01       	movw	r24, r28
     756:	c1 96       	adiw	r24, 0x31	; 49
     758:	0e 94 61 19 	call	0x32c2	; 0x32c2 <operator+(StringSumHelper const&, char)>
     75c:	bc 01       	movw	r22, r24
     75e:	ce 01       	movw	r24, r28
     760:	89 96       	adiw	r24, 0x29	; 41
     762:	0e 94 a1 18 	call	0x3142	; 0x3142 <String::String(String const&)>
     766:	be 01       	movw	r22, r28
     768:	67 5d       	subi	r22, 0xD7	; 215
     76a:	7f 4f       	sbci	r23, 0xFF	; 255
     76c:	ce 01       	movw	r24, r28
     76e:	c7 96       	adiw	r24, 0x37	; 55
     770:	0e 94 aa 18 	call	0x3154	; 0x3154 <String::operator=(String&&)>
     774:	ce 01       	movw	r24, r28
     776:	89 96       	adiw	r24, 0x29	; 41
     778:	0e 94 a4 17 	call	0x2f48	; 0x2f48 <String::~String()>
_ZN15StringSumHelperD4Ev():
     77c:	ce 01       	movw	r24, r28
     77e:	c1 96       	adiw	r24, 0x31	; 49
     780:	0e 94 a4 17 	call	0x2f48	; 0x2f48 <String::~String()>
_Z15calculateHeightv():
     784:	ce 01       	movw	r24, r28
     786:	c7 96       	adiw	r24, 0x37	; 55
     788:	0e 94 6f 19 	call	0x32de	; 0x32de <String::toInt() const>
     78c:	07 2e       	mov	r0, r23
     78e:	00 0c       	add	r0, r0
     790:	88 0b       	sbc	r24, r24
     792:	99 0b       	sbc	r25, r25
     794:	0e 94 71 1d 	call	0x3ae2	; 0x3ae2 <__floatsisf>
     798:	20 e0       	ldi	r18, 0x00	; 0
     79a:	30 e0       	ldi	r19, 0x00	; 0
     79c:	49 eb       	ldi	r20, 0xB9	; 185
     79e:	54 e4       	ldi	r21, 0x44	; 68
     7a0:	0e 94 55 1e 	call	0x3caa	; 0x3caa <__mulsf3>
     7a4:	20 e0       	ldi	r18, 0x00	; 0
     7a6:	30 e0       	ldi	r19, 0x00	; 0
     7a8:	40 e0       	ldi	r20, 0x00	; 0
     7aa:	5f e3       	ldi	r21, 0x3F	; 63
     7ac:	0e 94 55 1e 	call	0x3caa	; 0x3caa <__mulsf3>
     7b0:	2f e6       	ldi	r18, 0x6F	; 111
     7b2:	32 e1       	ldi	r19, 0x12	; 18
     7b4:	43 e8       	ldi	r20, 0x83	; 131
     7b6:	5a e3       	ldi	r21, 0x3A	; 58
     7b8:	0e 94 55 1e 	call	0x3caa	; 0x3caa <__mulsf3>
     7bc:	2b 01       	movw	r4, r22
     7be:	3c 01       	movw	r6, r24
     7c0:	22 e0       	ldi	r18, 0x02	; 2
     7c2:	bc 01       	movw	r22, r24
     7c4:	a2 01       	movw	r20, r4
     7c6:	ce 01       	movw	r24, r28
     7c8:	c1 96       	adiw	r24, 0x31	; 49
     7ca:	0e 94 c5 18 	call	0x318a	; 0x318a <String::String(float, unsigned char)>
_ZN15StringSumHelperC4EPKc():
     7ce:	6b e6       	ldi	r22, 0x6B	; 107
     7d0:	70 e0       	ldi	r23, 0x00	; 0
     7d2:	ce 01       	movw	r24, r28
     7d4:	89 96       	adiw	r24, 0x29	; 41
     7d6:	0e 94 16 18 	call	0x302c	; 0x302c <String::String(char const*)>
_Z15calculateHeightv():
     7da:	be 01       	movw	r22, r28
     7dc:	6f 5c       	subi	r22, 0xCF	; 207
     7de:	7f 4f       	sbci	r23, 0xFF	; 255
     7e0:	ce 01       	movw	r24, r28
     7e2:	89 96       	adiw	r24, 0x29	; 41
     7e4:	0e 94 34 19 	call	0x3268	; 0x3268 <operator+(StringSumHelper const&, String const&)>
     7e8:	63 e7       	ldi	r22, 0x73	; 115
     7ea:	70 e0       	ldi	r23, 0x00	; 0
     7ec:	0e 94 47 19 	call	0x328e	; 0x328e <operator+(StringSumHelper const&, char const*)>
     7f0:	bc 01       	movw	r22, r24
     7f2:	88 e9       	ldi	r24, 0x98	; 152
     7f4:	93 e0       	ldi	r25, 0x03	; 3
     7f6:	0e 94 e0 16 	call	0x2dc0	; 0x2dc0 <Print::println(String const&)>
_ZN15StringSumHelperD4Ev():
     7fa:	ce 01       	movw	r24, r28
     7fc:	89 96       	adiw	r24, 0x29	; 41
     7fe:	0e 94 a4 17 	call	0x2f48	; 0x2f48 <String::~String()>
_Z15calculateHeightv():
     802:	ce 01       	movw	r24, r28
     804:	c1 96       	adiw	r24, 0x31	; 49
     806:	0e 94 a4 17 	call	0x2f48	; 0x2f48 <String::~String()>
     80a:	a8 95       	wdr
     80c:	20 e0       	ldi	r18, 0x00	; 0
     80e:	30 e0       	ldi	r19, 0x00	; 0
     810:	42 e0       	ldi	r20, 0x02	; 2
     812:	53 e4       	ldi	r21, 0x43	; 67
     814:	c3 01       	movw	r24, r6
     816:	b2 01       	movw	r22, r4
     818:	0e 94 48 1e 	call	0x3c90	; 0x3c90 <__gesf2>
     81c:	87 fd       	sbrc	r24, 7
     81e:	1f c0       	rjmp	.+62     	; 0x85e <calculateHeight()+0x2c6>
     820:	ce 01       	movw	r24, r28
     822:	c7 96       	adiw	r24, 0x37	; 55
     824:	0e 94 a4 17 	call	0x2f48	; 0x2f48 <String::~String()>
     828:	c3 01       	movw	r24, r6
     82a:	b2 01       	movw	r22, r4
     82c:	ed 96       	adiw	r28, 0x3d	; 61
     82e:	0f b6       	in	r0, 0x3f	; 63
     830:	f8 94       	cli
     832:	de bf       	out	0x3e, r29	; 62
     834:	0f be       	out	0x3f, r0	; 63
     836:	cd bf       	out	0x3d, r28	; 61
     838:	df 91       	pop	r29
     83a:	cf 91       	pop	r28
     83c:	1f 91       	pop	r17
     83e:	0f 91       	pop	r16
     840:	ff 90       	pop	r15
     842:	ef 90       	pop	r14
     844:	df 90       	pop	r13
     846:	cf 90       	pop	r12
     848:	bf 90       	pop	r11
     84a:	af 90       	pop	r10
     84c:	9f 90       	pop	r9
     84e:	8f 90       	pop	r8
     850:	7f 90       	pop	r7
     852:	6f 90       	pop	r6
     854:	5f 90       	pop	r5
     856:	4f 90       	pop	r4
     858:	3f 90       	pop	r3
     85a:	2f 90       	pop	r2
     85c:	08 95       	ret
     85e:	ce 01       	movw	r24, r28
     860:	c7 96       	adiw	r24, 0x37	; 55
     862:	0e 94 a4 17 	call	0x2f48	; 0x2f48 <String::~String()>
     866:	e0 cf       	rjmp	.-64     	; 0x828 <calculateHeight()+0x290>

00000868 <TDC1000Write(unsigned char, unsigned char)>:
_Z12TDC1000Writehh():
C:\Users\dheer\OneDrive\Documents\Arduino\DE-FIRMWARE-REFINED/DE-FIRMWARE-REFINED.ino:682
  return val;
}



void TDC1000Write(const uint8_t addr, const uint8_t val) {
     868:	cf 93       	push	r28
     86a:	df 93       	push	r29
     86c:	c8 2f       	mov	r28, r24
     86e:	d6 2f       	mov	r29, r22
C:\Users\dheer\OneDrive\Documents\Arduino\DE-FIRMWARE-REFINED/DE-FIRMWARE-REFINED.ino:683
  SPI.beginTransaction(SPISettings(TDC1000_SPI_CLK_MAX, MSBFIRST, SPI_MODE3));
     870:	8c e5       	ldi	r24, 0x5C	; 92
     872:	91 e0       	ldi	r25, 0x01	; 1
     874:	0e 94 c2 01 	call	0x384	; 0x384 <SPIClass::beginTransaction(SPISettings)>
C:\Users\dheer\OneDrive\Documents\Arduino\DE-FIRMWARE-REFINED/DE-FIRMWARE-REFINED.ino:684
  digitalWrite(PIN_TDC1000_SPI_CS, LOW);
     878:	60 e0       	ldi	r22, 0x00	; 0
     87a:	8e e0       	ldi	r24, 0x0E	; 14
     87c:	0e 94 b3 1a 	call	0x3566	; 0x3566 <digitalWrite>
C:\Users\dheer\OneDrive\Documents\Arduino\DE-FIRMWARE-REFINED/DE-FIRMWARE-REFINED.ino:686

  (void)SPI.transfer16((((addr & TDC1000_SPI_REG_ADDR_MASK) | TDC1000_SPI_REG_WRITE) << 8) | val);
     880:	cf 71       	andi	r28, 0x1F	; 31
     882:	c0 64       	ori	r28, 0x40	; 64
     884:	9c 2f       	mov	r25, r28
     886:	8d 2f       	mov	r24, r29
     888:	0e 94 dc 01 	call	0x3b8	; 0x3b8 <SPIClass::transfer16(unsigned int)>
C:\Users\dheer\OneDrive\Documents\Arduino\DE-FIRMWARE-REFINED/DE-FIRMWARE-REFINED.ino:688

  digitalWrite(PIN_TDC1000_SPI_CS, HIGH);
     88c:	61 e0       	ldi	r22, 0x01	; 1
     88e:	8e e0       	ldi	r24, 0x0E	; 14
     890:	0e 94 b3 1a 	call	0x3566	; 0x3566 <digitalWrite>
_ZN8SPIClass14endTransactionEv():
C:\Users\dheer\AppData\Local\Arduino15\packages\MightyCore\hardware\avr\2.2.1\libraries\SPI\src/SPI.h:272
      digitalWrite(SPI_TRANSACTION_MISMATCH_LED, HIGH);
    }
    inTransactionFlag = 0;
    #endif

    if (interruptMode > 0) {
     894:	80 91 b5 03 	lds	r24, 0x03B5	; 0x8003b5 <SPIClass::interruptMode>
     898:	88 23       	and	r24, r24
     89a:	21 f0       	breq	.+8      	; 0x8a4 <TDC1000Write(unsigned char, unsigned char)+0x3c>
_Z12TDC1000Writehh():
C:\Users\dheer\OneDrive\Documents\Arduino\DE-FIRMWARE-REFINED/DE-FIRMWARE-REFINED.ino:690
  SPI.endTransaction();
}
     89c:	df 91       	pop	r29
     89e:	cf 91       	pop	r28
_ZN8SPIClass14endTransactionEv():
     8a0:	0c 94 b5 01 	jmp	0x36a	; 0x36a <SPIClass::endTransaction() [clone .part.1]>
_Z12TDC1000Writehh():
     8a4:	df 91       	pop	r29
     8a6:	cf 91       	pop	r28
     8a8:	08 95       	ret

000008aa <_GLOBAL__sub_I__ZN11ArduinoSort17builtinLargerThanIPcEEbT_S2_>:
_GLOBAL__sub_I__ZN11ArduinoSort17builtinLargerThanIPcEEbT_S2_():
C:\Users\dheer\OneDrive\Documents\Arduino\DE-FIRMWARE-REFINED/DE-FIRMWARE-REFINED.ino:708
  for (int i = 0, j = idx - 1; i < idx / 2; i++, j--) {
    char c = buf[i];
    buf[i] = buf[j];
    buf[j] = c;
  }
}
     8aa:	0f 93       	push	r16
     8ac:	1f 93       	push	r17
__static_initialization_and_destruction_0():
C:\Users\dheer\OneDrive\Documents\Arduino\DE-FIRMWARE-REFINED/DE-FIRMWARE-REFINED.ino:15
#include <math.h>
#include <avr/wdt.h>

/*~~~~~~~~~~~~~~~~~~objects~~~~~~~~~~~~~~~~~*/
/*~~~~~~~~~~~~~~~~~~~~~~~~~~~~~~~~~~~~~~~~~~*/
String timenow;
     8ae:	69 e7       	ldi	r22, 0x79	; 121
     8b0:	70 e0       	ldi	r23, 0x00	; 0
     8b2:	8d ea       	ldi	r24, 0xAD	; 173
     8b4:	93 e0       	ldi	r25, 0x03	; 3
     8b6:	0e 94 16 18 	call	0x302c	; 0x302c <String::String(char const*)>
C:\Users\dheer\OneDrive\Documents\Arduino\DE-FIRMWARE-REFINED/DE-FIRMWARE-REFINED.ino:16
SendOnlySoftwareSerial mySerial(PIN_PD0);   // Tx pin
     8ba:	40 e0       	ldi	r20, 0x00	; 0
     8bc:	68 e0       	ldi	r22, 0x08	; 8
     8be:	88 e9       	ldi	r24, 0x98	; 152
     8c0:	93 e0       	ldi	r25, 0x03	; 3
     8c2:	0e 94 02 12 	call	0x2404	; 0x2404 <SendOnlySoftwareSerial::SendOnlySoftwareSerial(unsigned char, bool)>
C:\Users\dheer\OneDrive\Documents\Arduino\DE-FIRMWARE-REFINED/DE-FIRMWARE-REFINED.ino:17
SendOnlySoftwareSerial sensorOut(PIN_PD3);  // Tx pin
     8c6:	40 e0       	ldi	r20, 0x00	; 0
     8c8:	6b e0       	ldi	r22, 0x0B	; 11
     8ca:	83 e8       	ldi	r24, 0x83	; 131
     8cc:	93 e0       	ldi	r25, 0x03	; 3
     8ce:	0e 94 02 12 	call	0x2404	; 0x2404 <SendOnlySoftwareSerial::SendOnlySoftwareSerial(unsigned char, bool)>
C:\Users\dheer\OneDrive\Documents\Arduino\DE-FIRMWARE-REFINED/DE-FIRMWARE-REFINED.ino:65
#define PIN_TDC7200_INT uint8_t(PIN_PA7)
#define PIN_TDC7200_ENABLE uint8_t(PIN_PD5)
#define PIN_TDC7200_SPI_CS uint8_t(PIN_PC5)
#define TDC7200_CLOCK_FREQ_HZ (8000000UL)  // for 4mhz for 4mhz divide this by 2

static TDC7200 tof(PIN_TDC7200_ENABLE, PIN_TDC7200_SPI_CS, TDC7200_CLOCK_FREQ_HZ);
     8d2:	00 e0       	ldi	r16, 0x00	; 0
     8d4:	12 e1       	ldi	r17, 0x12	; 18
     8d6:	2a e7       	ldi	r18, 0x7A	; 122
     8d8:	30 e0       	ldi	r19, 0x00	; 0
     8da:	45 e1       	ldi	r20, 0x15	; 21
     8dc:	6d e0       	ldi	r22, 0x0D	; 13
     8de:	82 e3       	ldi	r24, 0x32	; 50
     8e0:	91 e0       	ldi	r25, 0x01	; 1
     8e2:	0e 94 9f 0d 	call	0x1b3e	; 0x1b3e <TDC7200::TDC7200(unsigned char, unsigned char, unsigned long)>
_GLOBAL__sub_I__ZN11ArduinoSort17builtinLargerThanIPcEEbT_S2_():
C:\Users\dheer\OneDrive\Documents\Arduino\DE-FIRMWARE-REFINED/DE-FIRMWARE-REFINED.ino:708
  for (int i = 0, j = idx - 1; i < idx / 2; i++, j--) {
    char c = buf[i];
    buf[i] = buf[j];
    buf[j] = c;
  }
}
     8e6:	1f 91       	pop	r17
     8e8:	0f 91       	pop	r16
     8ea:	08 95       	ret

000008ec <_GLOBAL__sub_D__ZN11ArduinoSort17builtinLargerThanIPcEEbT_S2_>:
_GLOBAL__sub_D__ZN11ArduinoSort17builtinLargerThanIPcEEbT_S2_():
C:\Users\dheer\OneDrive\Documents\Arduino\DE-FIRMWARE-REFINED/DE-FIRMWARE-REFINED.ino:17

/*~~~~~~~~~~~~~~~~~~objects~~~~~~~~~~~~~~~~~*/
/*~~~~~~~~~~~~~~~~~~~~~~~~~~~~~~~~~~~~~~~~~~*/
String timenow;
SendOnlySoftwareSerial mySerial(PIN_PD0);   // Tx pin
SendOnlySoftwareSerial sensorOut(PIN_PD3);  // Tx pin
     8ec:	83 e8       	ldi	r24, 0x83	; 131
     8ee:	93 e0       	ldi	r25, 0x03	; 3
     8f0:	0e 94 d8 11 	call	0x23b0	; 0x23b0 <SendOnlySoftwareSerial::~SendOnlySoftwareSerial()>
C:\Users\dheer\OneDrive\Documents\Arduino\DE-FIRMWARE-REFINED/DE-FIRMWARE-REFINED.ino:16
#include <avr/wdt.h>

/*~~~~~~~~~~~~~~~~~~objects~~~~~~~~~~~~~~~~~*/
/*~~~~~~~~~~~~~~~~~~~~~~~~~~~~~~~~~~~~~~~~~~*/
String timenow;
SendOnlySoftwareSerial mySerial(PIN_PD0);   // Tx pin
     8f4:	88 e9       	ldi	r24, 0x98	; 152
     8f6:	93 e0       	ldi	r25, 0x03	; 3
     8f8:	0e 94 d8 11 	call	0x23b0	; 0x23b0 <SendOnlySoftwareSerial::~SendOnlySoftwareSerial()>
C:\Users\dheer\OneDrive\Documents\Arduino\DE-FIRMWARE-REFINED/DE-FIRMWARE-REFINED.ino:15
#include <math.h>
#include <avr/wdt.h>

/*~~~~~~~~~~~~~~~~~~objects~~~~~~~~~~~~~~~~~*/
/*~~~~~~~~~~~~~~~~~~~~~~~~~~~~~~~~~~~~~~~~~~*/
String timenow;
     8fc:	8d ea       	ldi	r24, 0xAD	; 173
     8fe:	93 e0       	ldi	r25, 0x03	; 3
     900:	0c 94 a4 17 	jmp	0x2f48	; 0x2f48 <String::~String()>

00000904 <mpuUpdate()>:
_Z9mpuUpdatev():
C:\Users\dheer\OneDrive\Documents\Arduino\DE-FIRMWARE-REFINED/DE-FIRMWARE-REFINED.ino:378
  //mySerial.println("height:" + String(lastval[0]));
  // mySerial.println("step:" + String(step));
}


void mpuUpdate() {
     904:	4f 92       	push	r4
     906:	5f 92       	push	r5
     908:	6f 92       	push	r6
     90a:	7f 92       	push	r7
     90c:	8f 92       	push	r8
     90e:	9f 92       	push	r9
     910:	af 92       	push	r10
     912:	bf 92       	push	r11
     914:	cf 92       	push	r12
     916:	df 92       	push	r13
     918:	ef 92       	push	r14
     91a:	ff 92       	push	r15
     91c:	0f 93       	push	r16
     91e:	1f 93       	push	r17
     920:	cf 93       	push	r28
     922:	df 93       	push	r29
     924:	00 d0       	rcall	.+0      	; 0x926 <mpuUpdate()+0x22>
     926:	00 d0       	rcall	.+0      	; 0x928 <mpuUpdate()+0x24>
     928:	cd b7       	in	r28, 0x3d	; 61
     92a:	de b7       	in	r29, 0x3e	; 62
C:\Users\dheer\OneDrive\Documents\Arduino\DE-FIRMWARE-REFINED/DE-FIRMWARE-REFINED.ino:380

  Wire.beginTransmission(MPU_addr);
     92c:	68 e6       	ldi	r22, 0x68	; 104
     92e:	87 eb       	ldi	r24, 0xB7	; 183
     930:	93 e0       	ldi	r25, 0x03	; 3
     932:	0e 94 32 13 	call	0x2664	; 0x2664 <TwoWire::beginTransmission(unsigned char)>
C:\Users\dheer\OneDrive\Documents\Arduino\DE-FIRMWARE-REFINED/DE-FIRMWARE-REFINED.ino:381
  Wire.write(0x3B);
     936:	6b e3       	ldi	r22, 0x3B	; 59
     938:	70 e0       	ldi	r23, 0x00	; 0
     93a:	87 eb       	ldi	r24, 0xB7	; 183
     93c:	93 e0       	ldi	r25, 0x03	; 3
     93e:	0e 94 f4 01 	call	0x3e8	; 0x3e8 <TwoWire::write(int)>
C:\Users\dheer\OneDrive\Documents\Arduino\DE-FIRMWARE-REFINED/DE-FIRMWARE-REFINED.ino:382
  Wire.endTransmission(false);
     942:	60 e0       	ldi	r22, 0x00	; 0
     944:	87 eb       	ldi	r24, 0xB7	; 183
     946:	93 e0       	ldi	r25, 0x03	; 3
     948:	0e 94 3c 13 	call	0x2678	; 0x2678 <TwoWire::endTransmission(unsigned char)>
C:\Users\dheer\OneDrive\Documents\Arduino\DE-FIRMWARE-REFINED/DE-FIRMWARE-REFINED.ino:383
  Wire.requestFrom(MPU_addr, 14, true);
     94c:	21 e0       	ldi	r18, 0x01	; 1
     94e:	30 e0       	ldi	r19, 0x00	; 0
     950:	4e e0       	ldi	r20, 0x0E	; 14
     952:	50 e0       	ldi	r21, 0x00	; 0
     954:	68 e6       	ldi	r22, 0x68	; 104
     956:	70 e0       	ldi	r23, 0x00	; 0
     958:	87 eb       	ldi	r24, 0xB7	; 183
     95a:	93 e0       	ldi	r25, 0x03	; 3
     95c:	0e 94 b2 13 	call	0x2764	; 0x2764 <TwoWire::requestFrom(int, int, int)>
C:\Users\dheer\OneDrive\Documents\Arduino\DE-FIRMWARE-REFINED/DE-FIRMWARE-REFINED.ino:384
  AcX = Wire.read() << 8 | Wire.read();
     960:	87 eb       	ldi	r24, 0xB7	; 183
     962:	93 e0       	ldi	r25, 0x03	; 3
     964:	0e 94 6b 12 	call	0x24d6	; 0x24d6 <TwoWire::read()>
     968:	89 83       	std	Y+1, r24	; 0x01
     96a:	87 eb       	ldi	r24, 0xB7	; 183
     96c:	93 e0       	ldi	r25, 0x03	; 3
     96e:	0e 94 6b 12 	call	0x24d6	; 0x24d6 <TwoWire::read()>
     972:	20 e0       	ldi	r18, 0x00	; 0
     974:	39 81       	ldd	r19, Y+1	; 0x01
     976:	82 2b       	or	r24, r18
     978:	93 2b       	or	r25, r19
     97a:	90 93 bd 01 	sts	0x01BD, r25	; 0x8001bd <AcX+0x1>
     97e:	80 93 bc 01 	sts	0x01BC, r24	; 0x8001bc <AcX>
C:\Users\dheer\OneDrive\Documents\Arduino\DE-FIRMWARE-REFINED/DE-FIRMWARE-REFINED.ino:385
  AcY = Wire.read() << 8 | Wire.read();
     982:	87 eb       	ldi	r24, 0xB7	; 183
     984:	93 e0       	ldi	r25, 0x03	; 3
     986:	0e 94 6b 12 	call	0x24d6	; 0x24d6 <TwoWire::read()>
     98a:	89 83       	std	Y+1, r24	; 0x01
     98c:	87 eb       	ldi	r24, 0xB7	; 183
     98e:	93 e0       	ldi	r25, 0x03	; 3
     990:	0e 94 6b 12 	call	0x24d6	; 0x24d6 <TwoWire::read()>
     994:	20 e0       	ldi	r18, 0x00	; 0
     996:	39 81       	ldd	r19, Y+1	; 0x01
     998:	82 2b       	or	r24, r18
     99a:	93 2b       	or	r25, r19
     99c:	90 93 bb 01 	sts	0x01BB, r25	; 0x8001bb <AcY+0x1>
     9a0:	80 93 ba 01 	sts	0x01BA, r24	; 0x8001ba <AcY>
C:\Users\dheer\OneDrive\Documents\Arduino\DE-FIRMWARE-REFINED/DE-FIRMWARE-REFINED.ino:386
  AcZ = Wire.read() << 8 | Wire.read();
     9a4:	87 eb       	ldi	r24, 0xB7	; 183
     9a6:	93 e0       	ldi	r25, 0x03	; 3
     9a8:	0e 94 6b 12 	call	0x24d6	; 0x24d6 <TwoWire::read()>
     9ac:	89 83       	std	Y+1, r24	; 0x01
     9ae:	87 eb       	ldi	r24, 0xB7	; 183
     9b0:	93 e0       	ldi	r25, 0x03	; 3
     9b2:	0e 94 6b 12 	call	0x24d6	; 0x24d6 <TwoWire::read()>
     9b6:	20 e0       	ldi	r18, 0x00	; 0
     9b8:	39 81       	ldd	r19, Y+1	; 0x01
     9ba:	82 2b       	or	r24, r18
     9bc:	93 2b       	or	r25, r19
     9be:	90 93 b9 01 	sts	0x01B9, r25	; 0x8001b9 <AcZ+0x1>
     9c2:	80 93 b8 01 	sts	0x01B8, r24	; 0x8001b8 <AcZ>
C:\Users\dheer\OneDrive\Documents\Arduino\DE-FIRMWARE-REFINED/DE-FIRMWARE-REFINED.ino:387
  wdt_reset();
     9c6:	a8 95       	wdr
C:\Users\dheer\OneDrive\Documents\Arduino\DE-FIRMWARE-REFINED/DE-FIRMWARE-REFINED.ino:388
  int16_t xAng = map(AcX, minVal, maxVal, -90, 90);
     9c8:	e0 90 66 00 	lds	r14, 0x0066	; 0x800066 <maxVal>
     9cc:	f0 90 67 00 	lds	r15, 0x0067	; 0x800067 <maxVal+0x1>
     9d0:	10 e0       	ldi	r17, 0x00	; 0
     9d2:	00 e0       	ldi	r16, 0x00	; 0
     9d4:	20 91 68 00 	lds	r18, 0x0068	; 0x800068 <minVal>
     9d8:	30 91 69 00 	lds	r19, 0x0069	; 0x800069 <minVal+0x1>
     9dc:	50 e0       	ldi	r21, 0x00	; 0
     9de:	40 e0       	ldi	r20, 0x00	; 0
     9e0:	60 91 bc 01 	lds	r22, 0x01BC	; 0x8001bc <AcX>
     9e4:	70 91 bd 01 	lds	r23, 0x01BD	; 0x8001bd <AcX+0x1>
     9e8:	07 2e       	mov	r0, r23
     9ea:	00 0c       	add	r0, r0
     9ec:	88 0b       	sbc	r24, r24
     9ee:	99 0b       	sbc	r25, r25
     9f0:	1f 92       	push	r1
     9f2:	1f 92       	push	r1
     9f4:	1f 92       	push	r1
     9f6:	ea e5       	ldi	r30, 0x5A	; 90
     9f8:	ef 93       	push	r30
     9fa:	e6 ea       	ldi	r30, 0xA6	; 166
     9fc:	ae 2e       	mov	r10, r30
     9fe:	bb 24       	eor	r11, r11
     a00:	ba 94       	dec	r11
     a02:	cb 2c       	mov	r12, r11
     a04:	db 2c       	mov	r13, r11
     a06:	0e 94 62 17 	call	0x2ec4	; 0x2ec4 <map(long, long, long, long, long)>
     a0a:	69 83       	std	Y+1, r22	; 0x01
     a0c:	7a 83       	std	Y+2, r23	; 0x02
     a0e:	8b 83       	std	Y+3, r24	; 0x03
     a10:	9c 83       	std	Y+4, r25	; 0x04
C:\Users\dheer\OneDrive\Documents\Arduino\DE-FIRMWARE-REFINED/DE-FIRMWARE-REFINED.ino:389
  int16_t yAng = map(AcY, minVal, maxVal, -90, 90);
     a12:	e0 90 66 00 	lds	r14, 0x0066	; 0x800066 <maxVal>
     a16:	f0 90 67 00 	lds	r15, 0x0067	; 0x800067 <maxVal+0x1>
     a1a:	10 e0       	ldi	r17, 0x00	; 0
     a1c:	00 e0       	ldi	r16, 0x00	; 0
     a1e:	20 91 68 00 	lds	r18, 0x0068	; 0x800068 <minVal>
     a22:	30 91 69 00 	lds	r19, 0x0069	; 0x800069 <minVal+0x1>
     a26:	50 e0       	ldi	r21, 0x00	; 0
     a28:	40 e0       	ldi	r20, 0x00	; 0
     a2a:	60 91 ba 01 	lds	r22, 0x01BA	; 0x8001ba <AcY>
     a2e:	70 91 bb 01 	lds	r23, 0x01BB	; 0x8001bb <AcY+0x1>
     a32:	07 2e       	mov	r0, r23
     a34:	00 0c       	add	r0, r0
     a36:	88 0b       	sbc	r24, r24
     a38:	99 0b       	sbc	r25, r25
     a3a:	1f 92       	push	r1
     a3c:	1f 92       	push	r1
     a3e:	1f 92       	push	r1
     a40:	ea e5       	ldi	r30, 0x5A	; 90
     a42:	ef 93       	push	r30
     a44:	0e 94 62 17 	call	0x2ec4	; 0x2ec4 <map(long, long, long, long, long)>
     a48:	2b 01       	movw	r4, r22
C:\Users\dheer\OneDrive\Documents\Arduino\DE-FIRMWARE-REFINED/DE-FIRMWARE-REFINED.ino:390
  int16_t zAng = map(AcZ, minVal, maxVal, -90, 90);
     a4a:	e0 90 66 00 	lds	r14, 0x0066	; 0x800066 <maxVal>
     a4e:	f0 90 67 00 	lds	r15, 0x0067	; 0x800067 <maxVal+0x1>
     a52:	10 e0       	ldi	r17, 0x00	; 0
     a54:	00 e0       	ldi	r16, 0x00	; 0
     a56:	20 91 68 00 	lds	r18, 0x0068	; 0x800068 <minVal>
     a5a:	30 91 69 00 	lds	r19, 0x0069	; 0x800069 <minVal+0x1>
     a5e:	50 e0       	ldi	r21, 0x00	; 0
     a60:	40 e0       	ldi	r20, 0x00	; 0
     a62:	60 91 b8 01 	lds	r22, 0x01B8	; 0x8001b8 <AcZ>
     a66:	70 91 b9 01 	lds	r23, 0x01B9	; 0x8001b9 <AcZ+0x1>
     a6a:	07 2e       	mov	r0, r23
     a6c:	00 0c       	add	r0, r0
     a6e:	88 0b       	sbc	r24, r24
     a70:	99 0b       	sbc	r25, r25
     a72:	1f 92       	push	r1
     a74:	1f 92       	push	r1
     a76:	1f 92       	push	r1
     a78:	ea e5       	ldi	r30, 0x5A	; 90
     a7a:	ef 93       	push	r30
     a7c:	0e 94 62 17 	call	0x2ec4	; 0x2ec4 <map(long, long, long, long, long)>
C:\Users\dheer\OneDrive\Documents\Arduino\DE-FIRMWARE-REFINED/DE-FIRMWARE-REFINED.ino:392

  x = anglex - (RAD_TO_DEG * (atan2(-yAng, -zAng) + PI));
     a80:	71 95       	neg	r23
     a82:	61 95       	neg	r22
     a84:	71 09       	sbc	r23, r1
     a86:	07 2e       	mov	r0, r23
     a88:	00 0c       	add	r0, r0
     a8a:	88 0b       	sbc	r24, r24
     a8c:	99 0b       	sbc	r25, r25
     a8e:	0e 94 71 1d 	call	0x3ae2	; 0x3ae2 <__floatsisf>
     a92:	6b 01       	movw	r12, r22
     a94:	7c 01       	movw	r14, r24
     a96:	66 27       	eor	r22, r22
     a98:	77 27       	eor	r23, r23
     a9a:	64 19       	sub	r22, r4
     a9c:	75 09       	sbc	r23, r5
     a9e:	07 2e       	mov	r0, r23
     aa0:	00 0c       	add	r0, r0
     aa2:	88 0b       	sbc	r24, r24
     aa4:	99 0b       	sbc	r25, r25
     aa6:	0e 94 71 1d 	call	0x3ae2	; 0x3ae2 <__floatsisf>
     aaa:	2b 01       	movw	r4, r22
     aac:	3c 01       	movw	r6, r24
     aae:	a7 01       	movw	r20, r14
     ab0:	96 01       	movw	r18, r12
     ab2:	0e 94 63 1c 	call	0x38c6	; 0x38c6 <atan2>
     ab6:	2b ed       	ldi	r18, 0xDB	; 219
     ab8:	3f e0       	ldi	r19, 0x0F	; 15
     aba:	49 e4       	ldi	r20, 0x49	; 73
     abc:	50 e4       	ldi	r21, 0x40	; 64
     abe:	0e 94 e4 1b 	call	0x37c8	; 0x37c8 <__addsf3>
     ac2:	21 ee       	ldi	r18, 0xE1	; 225
     ac4:	3e e2       	ldi	r19, 0x2E	; 46
     ac6:	45 e6       	ldi	r20, 0x65	; 101
     ac8:	52 e4       	ldi	r21, 0x42	; 66
     aca:	0e 94 55 1e 	call	0x3caa	; 0x3caa <__mulsf3>
     ace:	9b 01       	movw	r18, r22
     ad0:	ac 01       	movw	r20, r24
     ad2:	60 91 c7 01 	lds	r22, 0x01C7	; 0x8001c7 <anglex>
     ad6:	70 91 c8 01 	lds	r23, 0x01C8	; 0x8001c8 <anglex+0x1>
     ada:	80 91 c9 01 	lds	r24, 0x01C9	; 0x8001c9 <anglex+0x2>
     ade:	90 91 ca 01 	lds	r25, 0x01CA	; 0x8001ca <anglex+0x3>
     ae2:	0e 94 e3 1b 	call	0x37c6	; 0x37c6 <__subsf3>
     ae6:	4b 01       	movw	r8, r22
     ae8:	5c 01       	movw	r10, r24
     aea:	80 92 d3 01 	sts	0x01D3, r8	; 0x8001d3 <x>
     aee:	90 92 d4 01 	sts	0x01D4, r9	; 0x8001d4 <x+0x1>
     af2:	a0 92 d5 01 	sts	0x01D5, r10	; 0x8001d5 <x+0x2>
     af6:	b0 92 d6 01 	sts	0x01D6, r11	; 0x8001d6 <x+0x3>
C:\Users\dheer\OneDrive\Documents\Arduino\DE-FIRMWARE-REFINED/DE-FIRMWARE-REFINED.ino:393
  y = angley - (RAD_TO_DEG * (atan2(-xAng, -zAng) + PI));
     afa:	69 81       	ldd	r22, Y+1	; 0x01
     afc:	7a 81       	ldd	r23, Y+2	; 0x02
     afe:	71 95       	neg	r23
     b00:	61 95       	neg	r22
     b02:	71 09       	sbc	r23, r1
     b04:	07 2e       	mov	r0, r23
     b06:	00 0c       	add	r0, r0
     b08:	88 0b       	sbc	r24, r24
     b0a:	99 0b       	sbc	r25, r25
     b0c:	0e 94 71 1d 	call	0x3ae2	; 0x3ae2 <__floatsisf>
     b10:	69 83       	std	Y+1, r22	; 0x01
     b12:	7a 83       	std	Y+2, r23	; 0x02
     b14:	8b 83       	std	Y+3, r24	; 0x03
     b16:	9c 83       	std	Y+4, r25	; 0x04
     b18:	a7 01       	movw	r20, r14
     b1a:	96 01       	movw	r18, r12
     b1c:	0e 94 63 1c 	call	0x38c6	; 0x38c6 <atan2>
     b20:	2b ed       	ldi	r18, 0xDB	; 219
     b22:	3f e0       	ldi	r19, 0x0F	; 15
     b24:	49 e4       	ldi	r20, 0x49	; 73
     b26:	50 e4       	ldi	r21, 0x40	; 64
     b28:	0e 94 e4 1b 	call	0x37c8	; 0x37c8 <__addsf3>
     b2c:	21 ee       	ldi	r18, 0xE1	; 225
     b2e:	3e e2       	ldi	r19, 0x2E	; 46
     b30:	45 e6       	ldi	r20, 0x65	; 101
     b32:	52 e4       	ldi	r21, 0x42	; 66
     b34:	0e 94 55 1e 	call	0x3caa	; 0x3caa <__mulsf3>
     b38:	9b 01       	movw	r18, r22
     b3a:	ac 01       	movw	r20, r24
     b3c:	60 91 c3 01 	lds	r22, 0x01C3	; 0x8001c3 <angley>
     b40:	70 91 c4 01 	lds	r23, 0x01C4	; 0x8001c4 <angley+0x1>
     b44:	80 91 c5 01 	lds	r24, 0x01C5	; 0x8001c5 <angley+0x2>
     b48:	90 91 c6 01 	lds	r25, 0x01C6	; 0x8001c6 <angley+0x3>
     b4c:	0e 94 e3 1b 	call	0x37c6	; 0x37c6 <__subsf3>
     b50:	6b 01       	movw	r12, r22
     b52:	7c 01       	movw	r14, r24
     b54:	c0 92 cf 01 	sts	0x01CF, r12	; 0x8001cf <y>
     b58:	d0 92 d0 01 	sts	0x01D0, r13	; 0x8001d0 <y+0x1>
     b5c:	e0 92 d1 01 	sts	0x01D1, r14	; 0x8001d1 <y+0x2>
     b60:	f0 92 d2 01 	sts	0x01D2, r15	; 0x8001d2 <y+0x3>
C:\Users\dheer\OneDrive\Documents\Arduino\DE-FIRMWARE-REFINED/DE-FIRMWARE-REFINED.ino:394
  z = anglez - (RAD_TO_DEG * (atan2(-yAng, -xAng) + PI));
     b64:	29 81       	ldd	r18, Y+1	; 0x01
     b66:	3a 81       	ldd	r19, Y+2	; 0x02
     b68:	4b 81       	ldd	r20, Y+3	; 0x03
     b6a:	5c 81       	ldd	r21, Y+4	; 0x04
     b6c:	c3 01       	movw	r24, r6
     b6e:	b2 01       	movw	r22, r4
     b70:	0e 94 63 1c 	call	0x38c6	; 0x38c6 <atan2>
     b74:	2b ed       	ldi	r18, 0xDB	; 219
     b76:	3f e0       	ldi	r19, 0x0F	; 15
     b78:	49 e4       	ldi	r20, 0x49	; 73
     b7a:	50 e4       	ldi	r21, 0x40	; 64
     b7c:	0e 94 e4 1b 	call	0x37c8	; 0x37c8 <__addsf3>
     b80:	21 ee       	ldi	r18, 0xE1	; 225
     b82:	3e e2       	ldi	r19, 0x2E	; 46
     b84:	45 e6       	ldi	r20, 0x65	; 101
     b86:	52 e4       	ldi	r21, 0x42	; 66
     b88:	0e 94 55 1e 	call	0x3caa	; 0x3caa <__mulsf3>
     b8c:	9b 01       	movw	r18, r22
     b8e:	ac 01       	movw	r20, r24
     b90:	60 91 bf 01 	lds	r22, 0x01BF	; 0x8001bf <anglez>
     b94:	70 91 c0 01 	lds	r23, 0x01C0	; 0x8001c0 <anglez+0x1>
     b98:	80 91 c1 01 	lds	r24, 0x01C1	; 0x8001c1 <anglez+0x2>
     b9c:	90 91 c2 01 	lds	r25, 0x01C2	; 0x8001c2 <anglez+0x3>
     ba0:	0e 94 e3 1b 	call	0x37c6	; 0x37c6 <__subsf3>
     ba4:	2b 01       	movw	r4, r22
     ba6:	3c 01       	movw	r6, r24
     ba8:	40 92 cb 01 	sts	0x01CB, r4	; 0x8001cb <z>
     bac:	50 92 cc 01 	sts	0x01CC, r5	; 0x8001cc <z+0x1>
     bb0:	60 92 cd 01 	sts	0x01CD, r6	; 0x8001cd <z+0x2>
     bb4:	70 92 ce 01 	sts	0x01CE, r7	; 0x8001ce <z+0x3>
C:\Users\dheer\OneDrive\Documents\Arduino\DE-FIRMWARE-REFINED/DE-FIRMWARE-REFINED.ino:395
  if (x < 0) {
     bb8:	0f b6       	in	r0, 0x3f	; 63
     bba:	f8 94       	cli
     bbc:	de bf       	out	0x3e, r29	; 62
     bbe:	0f be       	out	0x3f, r0	; 63
     bc0:	cd bf       	out	0x3d, r28	; 61
     bc2:	20 e0       	ldi	r18, 0x00	; 0
     bc4:	30 e0       	ldi	r19, 0x00	; 0
     bc6:	a9 01       	movw	r20, r18
     bc8:	c5 01       	movw	r24, r10
     bca:	b4 01       	movw	r22, r8
     bcc:	0e 94 c2 1c 	call	0x3984	; 0x3984 <__cmpsf2>
     bd0:	87 ff       	sbrs	r24, 7
     bd2:	0c c0       	rjmp	.+24     	; 0xbec <mpuUpdate()+0x2e8>
C:\Users\dheer\OneDrive\Documents\Arduino\DE-FIRMWARE-REFINED/DE-FIRMWARE-REFINED.ino:396
    x = -(x);
     bd4:	b7 fa       	bst	r11, 7
     bd6:	b0 94       	com	r11
     bd8:	b7 f8       	bld	r11, 7
     bda:	b0 94       	com	r11
     bdc:	80 92 d3 01 	sts	0x01D3, r8	; 0x8001d3 <x>
     be0:	90 92 d4 01 	sts	0x01D4, r9	; 0x8001d4 <x+0x1>
     be4:	a0 92 d5 01 	sts	0x01D5, r10	; 0x8001d5 <x+0x2>
     be8:	b0 92 d6 01 	sts	0x01D6, r11	; 0x8001d6 <x+0x3>
C:\Users\dheer\OneDrive\Documents\Arduino\DE-FIRMWARE-REFINED/DE-FIRMWARE-REFINED.ino:398
  }
  if (y < 0) {
     bec:	20 e0       	ldi	r18, 0x00	; 0
     bee:	30 e0       	ldi	r19, 0x00	; 0
     bf0:	a9 01       	movw	r20, r18
     bf2:	c7 01       	movw	r24, r14
     bf4:	b6 01       	movw	r22, r12
     bf6:	0e 94 c2 1c 	call	0x3984	; 0x3984 <__cmpsf2>
     bfa:	87 ff       	sbrs	r24, 7
     bfc:	0c c0       	rjmp	.+24     	; 0xc16 <mpuUpdate()+0x312>
C:\Users\dheer\OneDrive\Documents\Arduino\DE-FIRMWARE-REFINED/DE-FIRMWARE-REFINED.ino:399
    y = -(y);
     bfe:	f7 fa       	bst	r15, 7
     c00:	f0 94       	com	r15
     c02:	f7 f8       	bld	r15, 7
     c04:	f0 94       	com	r15
     c06:	c0 92 cf 01 	sts	0x01CF, r12	; 0x8001cf <y>
     c0a:	d0 92 d0 01 	sts	0x01D0, r13	; 0x8001d0 <y+0x1>
     c0e:	e0 92 d1 01 	sts	0x01D1, r14	; 0x8001d1 <y+0x2>
     c12:	f0 92 d2 01 	sts	0x01D2, r15	; 0x8001d2 <y+0x3>
C:\Users\dheer\OneDrive\Documents\Arduino\DE-FIRMWARE-REFINED/DE-FIRMWARE-REFINED.ino:401
  }
  if (z < 0) {
     c16:	20 e0       	ldi	r18, 0x00	; 0
     c18:	30 e0       	ldi	r19, 0x00	; 0
     c1a:	a9 01       	movw	r20, r18
     c1c:	c3 01       	movw	r24, r6
     c1e:	b2 01       	movw	r22, r4
     c20:	0e 94 c2 1c 	call	0x3984	; 0x3984 <__cmpsf2>
     c24:	87 ff       	sbrs	r24, 7
     c26:	0c c0       	rjmp	.+24     	; 0xc40 <mpuUpdate()+0x33c>
C:\Users\dheer\OneDrive\Documents\Arduino\DE-FIRMWARE-REFINED/DE-FIRMWARE-REFINED.ino:402
    z = -(z);
     c28:	77 fa       	bst	r7, 7
     c2a:	70 94       	com	r7
     c2c:	77 f8       	bld	r7, 7
     c2e:	70 94       	com	r7
     c30:	40 92 cb 01 	sts	0x01CB, r4	; 0x8001cb <z>
     c34:	50 92 cc 01 	sts	0x01CC, r5	; 0x8001cc <z+0x1>
     c38:	60 92 cd 01 	sts	0x01CD, r6	; 0x8001cd <z+0x2>
     c3c:	70 92 ce 01 	sts	0x01CE, r7	; 0x8001ce <z+0x3>
C:\Users\dheer\OneDrive\Documents\Arduino\DE-FIRMWARE-REFINED/DE-FIRMWARE-REFINED.ino:404
  }
  wdt_reset();
     c40:	a8 95       	wdr
C:\Users\dheer\OneDrive\Documents\Arduino\DE-FIRMWARE-REFINED/DE-FIRMWARE-REFINED.ino:415

  // mySerial.print("AngleZ= ");
  // mySerial.println(z);

  // mySerial.println("-----------------------------------------");
}
     c42:	0f 90       	pop	r0
     c44:	0f 90       	pop	r0
     c46:	0f 90       	pop	r0
     c48:	0f 90       	pop	r0
     c4a:	df 91       	pop	r29
     c4c:	cf 91       	pop	r28
     c4e:	1f 91       	pop	r17
     c50:	0f 91       	pop	r16
     c52:	ff 90       	pop	r15
     c54:	ef 90       	pop	r14
     c56:	df 90       	pop	r13
     c58:	cf 90       	pop	r12
     c5a:	bf 90       	pop	r11
     c5c:	af 90       	pop	r10
     c5e:	9f 90       	pop	r9
     c60:	8f 90       	pop	r8
     c62:	7f 90       	pop	r7
     c64:	6f 90       	pop	r6
     c66:	5f 90       	pop	r5
     c68:	4f 90       	pop	r4
     c6a:	08 95       	ret

00000c6c <mpuStabilise()>:
_Z12mpuStabilisev():
C:\Users\dheer\OneDrive\Documents\Arduino\DE-FIRMWARE-REFINED/DE-FIRMWARE-REFINED.ino:443
    return filteredValue / count;
  }
}


void mpuStabilise() {
     c6c:	4f 92       	push	r4
     c6e:	5f 92       	push	r5
     c70:	6f 92       	push	r6
     c72:	7f 92       	push	r7
     c74:	8f 92       	push	r8
     c76:	9f 92       	push	r9
     c78:	af 92       	push	r10
     c7a:	bf 92       	push	r11
     c7c:	cf 92       	push	r12
     c7e:	df 92       	push	r13
     c80:	ef 92       	push	r14
     c82:	ff 92       	push	r15
     c84:	0f 93       	push	r16
     c86:	1f 93       	push	r17
     c88:	cf 93       	push	r28
     c8a:	df 93       	push	r29
     c8c:	00 d0       	rcall	.+0      	; 0xc8e <mpuStabilise()+0x22>
     c8e:	00 d0       	rcall	.+0      	; 0xc90 <mpuStabilise()+0x24>
     c90:	cd b7       	in	r28, 0x3d	; 61
     c92:	de b7       	in	r29, 0x3e	; 62
C:\Users\dheer\OneDrive\Documents\Arduino\DE-FIRMWARE-REFINED/DE-FIRMWARE-REFINED.ino:444
  wdt_reset();
     c94:	a8 95       	wdr
C:\Users\dheer\OneDrive\Documents\Arduino\DE-FIRMWARE-REFINED/DE-FIRMWARE-REFINED.ino:445
  mySerial.println(F("-----------------------------------------"));
     c96:	63 ed       	ldi	r22, 0xD3	; 211
     c98:	71 e0       	ldi	r23, 0x01	; 1
     c9a:	88 e9       	ldi	r24, 0x98	; 152
     c9c:	93 e0       	ldi	r25, 0x03	; 3
     c9e:	0e 94 ce 16 	call	0x2d9c	; 0x2d9c <Print::println(__FlashStringHelper const*)>
C:\Users\dheer\OneDrive\Documents\Arduino\DE-FIRMWARE-REFINED/DE-FIRMWARE-REFINED.ino:446
  mySerial.println(F("stabilising gyro please wait"));
     ca2:	66 eb       	ldi	r22, 0xB6	; 182
     ca4:	71 e0       	ldi	r23, 0x01	; 1
     ca6:	88 e9       	ldi	r24, 0x98	; 152
     ca8:	93 e0       	ldi	r25, 0x03	; 3
     caa:	0e 94 ce 16 	call	0x2d9c	; 0x2d9c <Print::println(__FlashStringHelper const*)>
C:\Users\dheer\OneDrive\Documents\Arduino\DE-FIRMWARE-REFINED/DE-FIRMWARE-REFINED.ino:447
  mySerial.println(F("-----------------------------------------"));
     cae:	6c e8       	ldi	r22, 0x8C	; 140
     cb0:	71 e0       	ldi	r23, 0x01	; 1
     cb2:	88 e9       	ldi	r24, 0x98	; 152
     cb4:	93 e0       	ldi	r25, 0x03	; 3
     cb6:	0e 94 ce 16 	call	0x2d9c	; 0x2d9c <Print::println(__FlashStringHelper const*)>
C:\Users\dheer\OneDrive\Documents\Arduino\DE-FIRMWARE-REFINED/DE-FIRMWARE-REFINED.ino:448
  Wire.beginTransmission(MPU_addr);
     cba:	68 e6       	ldi	r22, 0x68	; 104
     cbc:	87 eb       	ldi	r24, 0xB7	; 183
     cbe:	93 e0       	ldi	r25, 0x03	; 3
     cc0:	0e 94 32 13 	call	0x2664	; 0x2664 <TwoWire::beginTransmission(unsigned char)>
C:\Users\dheer\OneDrive\Documents\Arduino\DE-FIRMWARE-REFINED/DE-FIRMWARE-REFINED.ino:449
  Wire.write(0x3B);
     cc4:	6b e3       	ldi	r22, 0x3B	; 59
     cc6:	70 e0       	ldi	r23, 0x00	; 0
     cc8:	87 eb       	ldi	r24, 0xB7	; 183
     cca:	93 e0       	ldi	r25, 0x03	; 3
     ccc:	0e 94 f4 01 	call	0x3e8	; 0x3e8 <TwoWire::write(int)>
C:\Users\dheer\OneDrive\Documents\Arduino\DE-FIRMWARE-REFINED/DE-FIRMWARE-REFINED.ino:450
  Wire.endTransmission(false);
     cd0:	60 e0       	ldi	r22, 0x00	; 0
     cd2:	87 eb       	ldi	r24, 0xB7	; 183
     cd4:	93 e0       	ldi	r25, 0x03	; 3
     cd6:	0e 94 3c 13 	call	0x2678	; 0x2678 <TwoWire::endTransmission(unsigned char)>
C:\Users\dheer\OneDrive\Documents\Arduino\DE-FIRMWARE-REFINED/DE-FIRMWARE-REFINED.ino:451
  Wire.requestFrom(MPU_addr, 14, true);
     cda:	21 e0       	ldi	r18, 0x01	; 1
     cdc:	30 e0       	ldi	r19, 0x00	; 0
     cde:	4e e0       	ldi	r20, 0x0E	; 14
     ce0:	50 e0       	ldi	r21, 0x00	; 0
     ce2:	68 e6       	ldi	r22, 0x68	; 104
     ce4:	70 e0       	ldi	r23, 0x00	; 0
     ce6:	87 eb       	ldi	r24, 0xB7	; 183
     ce8:	93 e0       	ldi	r25, 0x03	; 3
     cea:	0e 94 b2 13 	call	0x2764	; 0x2764 <TwoWire::requestFrom(int, int, int)>
C:\Users\dheer\OneDrive\Documents\Arduino\DE-FIRMWARE-REFINED/DE-FIRMWARE-REFINED.ino:452
  AcX = Wire.read() << 8 | Wire.read();
     cee:	87 eb       	ldi	r24, 0xB7	; 183
     cf0:	93 e0       	ldi	r25, 0x03	; 3
     cf2:	0e 94 6b 12 	call	0x24d6	; 0x24d6 <TwoWire::read()>
     cf6:	89 83       	std	Y+1, r24	; 0x01
     cf8:	87 eb       	ldi	r24, 0xB7	; 183
     cfa:	93 e0       	ldi	r25, 0x03	; 3
     cfc:	0e 94 6b 12 	call	0x24d6	; 0x24d6 <TwoWire::read()>
     d00:	20 e0       	ldi	r18, 0x00	; 0
     d02:	39 81       	ldd	r19, Y+1	; 0x01
     d04:	82 2b       	or	r24, r18
     d06:	93 2b       	or	r25, r19
     d08:	90 93 bd 01 	sts	0x01BD, r25	; 0x8001bd <AcX+0x1>
     d0c:	80 93 bc 01 	sts	0x01BC, r24	; 0x8001bc <AcX>
C:\Users\dheer\OneDrive\Documents\Arduino\DE-FIRMWARE-REFINED/DE-FIRMWARE-REFINED.ino:453
  AcY = Wire.read() << 8 | Wire.read();
     d10:	87 eb       	ldi	r24, 0xB7	; 183
     d12:	93 e0       	ldi	r25, 0x03	; 3
     d14:	0e 94 6b 12 	call	0x24d6	; 0x24d6 <TwoWire::read()>
     d18:	89 83       	std	Y+1, r24	; 0x01
     d1a:	87 eb       	ldi	r24, 0xB7	; 183
     d1c:	93 e0       	ldi	r25, 0x03	; 3
     d1e:	0e 94 6b 12 	call	0x24d6	; 0x24d6 <TwoWire::read()>
     d22:	20 e0       	ldi	r18, 0x00	; 0
     d24:	39 81       	ldd	r19, Y+1	; 0x01
     d26:	82 2b       	or	r24, r18
     d28:	93 2b       	or	r25, r19
     d2a:	90 93 bb 01 	sts	0x01BB, r25	; 0x8001bb <AcY+0x1>
     d2e:	80 93 ba 01 	sts	0x01BA, r24	; 0x8001ba <AcY>
C:\Users\dheer\OneDrive\Documents\Arduino\DE-FIRMWARE-REFINED/DE-FIRMWARE-REFINED.ino:454
  AcZ = Wire.read() << 8 | Wire.read();
     d32:	87 eb       	ldi	r24, 0xB7	; 183
     d34:	93 e0       	ldi	r25, 0x03	; 3
     d36:	0e 94 6b 12 	call	0x24d6	; 0x24d6 <TwoWire::read()>
     d3a:	89 83       	std	Y+1, r24	; 0x01
     d3c:	87 eb       	ldi	r24, 0xB7	; 183
     d3e:	93 e0       	ldi	r25, 0x03	; 3
     d40:	0e 94 6b 12 	call	0x24d6	; 0x24d6 <TwoWire::read()>
     d44:	20 e0       	ldi	r18, 0x00	; 0
     d46:	39 81       	ldd	r19, Y+1	; 0x01
     d48:	82 2b       	or	r24, r18
     d4a:	93 2b       	or	r25, r19
     d4c:	90 93 b9 01 	sts	0x01B9, r25	; 0x8001b9 <AcZ+0x1>
     d50:	80 93 b8 01 	sts	0x01B8, r24	; 0x8001b8 <AcZ>
C:\Users\dheer\OneDrive\Documents\Arduino\DE-FIRMWARE-REFINED/DE-FIRMWARE-REFINED.ino:455
  int16_t xAng = map(AcX, minVal, maxVal, -90, 90);
     d54:	e0 90 66 00 	lds	r14, 0x0066	; 0x800066 <maxVal>
     d58:	f0 90 67 00 	lds	r15, 0x0067	; 0x800067 <maxVal+0x1>
     d5c:	10 e0       	ldi	r17, 0x00	; 0
     d5e:	00 e0       	ldi	r16, 0x00	; 0
     d60:	20 91 68 00 	lds	r18, 0x0068	; 0x800068 <minVal>
     d64:	30 91 69 00 	lds	r19, 0x0069	; 0x800069 <minVal+0x1>
     d68:	50 e0       	ldi	r21, 0x00	; 0
     d6a:	40 e0       	ldi	r20, 0x00	; 0
     d6c:	60 91 bc 01 	lds	r22, 0x01BC	; 0x8001bc <AcX>
     d70:	70 91 bd 01 	lds	r23, 0x01BD	; 0x8001bd <AcX+0x1>
     d74:	07 2e       	mov	r0, r23
     d76:	00 0c       	add	r0, r0
     d78:	88 0b       	sbc	r24, r24
     d7a:	99 0b       	sbc	r25, r25
     d7c:	1f 92       	push	r1
     d7e:	1f 92       	push	r1
     d80:	1f 92       	push	r1
     d82:	ea e5       	ldi	r30, 0x5A	; 90
     d84:	ef 93       	push	r30
     d86:	e6 ea       	ldi	r30, 0xA6	; 166
     d88:	ae 2e       	mov	r10, r30
     d8a:	bb 24       	eor	r11, r11
     d8c:	ba 94       	dec	r11
     d8e:	cb 2c       	mov	r12, r11
     d90:	db 2c       	mov	r13, r11
     d92:	0e 94 62 17 	call	0x2ec4	; 0x2ec4 <map(long, long, long, long, long)>
     d96:	2b 01       	movw	r4, r22
C:\Users\dheer\OneDrive\Documents\Arduino\DE-FIRMWARE-REFINED/DE-FIRMWARE-REFINED.ino:456
  int16_t yAng = map(AcY, minVal, maxVal, -90, 90);
     d98:	e0 90 66 00 	lds	r14, 0x0066	; 0x800066 <maxVal>
     d9c:	f0 90 67 00 	lds	r15, 0x0067	; 0x800067 <maxVal+0x1>
     da0:	10 e0       	ldi	r17, 0x00	; 0
     da2:	00 e0       	ldi	r16, 0x00	; 0
     da4:	20 91 68 00 	lds	r18, 0x0068	; 0x800068 <minVal>
     da8:	30 91 69 00 	lds	r19, 0x0069	; 0x800069 <minVal+0x1>
     dac:	50 e0       	ldi	r21, 0x00	; 0
     dae:	40 e0       	ldi	r20, 0x00	; 0
     db0:	60 91 ba 01 	lds	r22, 0x01BA	; 0x8001ba <AcY>
     db4:	70 91 bb 01 	lds	r23, 0x01BB	; 0x8001bb <AcY+0x1>
     db8:	07 2e       	mov	r0, r23
     dba:	00 0c       	add	r0, r0
     dbc:	88 0b       	sbc	r24, r24
     dbe:	99 0b       	sbc	r25, r25
     dc0:	1f 92       	push	r1
     dc2:	1f 92       	push	r1
     dc4:	1f 92       	push	r1
     dc6:	ea e5       	ldi	r30, 0x5A	; 90
     dc8:	ef 93       	push	r30
     dca:	0e 94 62 17 	call	0x2ec4	; 0x2ec4 <map(long, long, long, long, long)>
     dce:	69 83       	std	Y+1, r22	; 0x01
     dd0:	7a 83       	std	Y+2, r23	; 0x02
     dd2:	8b 83       	std	Y+3, r24	; 0x03
     dd4:	9c 83       	std	Y+4, r25	; 0x04
C:\Users\dheer\OneDrive\Documents\Arduino\DE-FIRMWARE-REFINED/DE-FIRMWARE-REFINED.ino:457
  int16_t zAng = map(AcZ, minVal, maxVal, -90, 90);
     dd6:	e0 90 66 00 	lds	r14, 0x0066	; 0x800066 <maxVal>
     dda:	f0 90 67 00 	lds	r15, 0x0067	; 0x800067 <maxVal+0x1>
     dde:	10 e0       	ldi	r17, 0x00	; 0
     de0:	00 e0       	ldi	r16, 0x00	; 0
     de2:	20 91 68 00 	lds	r18, 0x0068	; 0x800068 <minVal>
     de6:	30 91 69 00 	lds	r19, 0x0069	; 0x800069 <minVal+0x1>
     dea:	50 e0       	ldi	r21, 0x00	; 0
     dec:	40 e0       	ldi	r20, 0x00	; 0
     dee:	60 91 b8 01 	lds	r22, 0x01B8	; 0x8001b8 <AcZ>
     df2:	70 91 b9 01 	lds	r23, 0x01B9	; 0x8001b9 <AcZ+0x1>
     df6:	07 2e       	mov	r0, r23
     df8:	00 0c       	add	r0, r0
     dfa:	88 0b       	sbc	r24, r24
     dfc:	99 0b       	sbc	r25, r25
     dfe:	1f 92       	push	r1
     e00:	1f 92       	push	r1
     e02:	1f 92       	push	r1
     e04:	ea e5       	ldi	r30, 0x5A	; 90
     e06:	ef 93       	push	r30
     e08:	0e 94 62 17 	call	0x2ec4	; 0x2ec4 <map(long, long, long, long, long)>
C:\Users\dheer\OneDrive\Documents\Arduino\DE-FIRMWARE-REFINED/DE-FIRMWARE-REFINED.ino:458
  wdt_reset();
     e0c:	a8 95       	wdr
C:\Users\dheer\OneDrive\Documents\Arduino\DE-FIRMWARE-REFINED/DE-FIRMWARE-REFINED.ino:459
  anglex = RAD_TO_DEG * (atan2(-yAng, -zAng) + PI);
     e0e:	71 95       	neg	r23
     e10:	61 95       	neg	r22
     e12:	71 09       	sbc	r23, r1
     e14:	07 2e       	mov	r0, r23
     e16:	00 0c       	add	r0, r0
     e18:	88 0b       	sbc	r24, r24
     e1a:	99 0b       	sbc	r25, r25
     e1c:	0e 94 71 1d 	call	0x3ae2	; 0x3ae2 <__floatsisf>
     e20:	6b 01       	movw	r12, r22
     e22:	7c 01       	movw	r14, r24
     e24:	69 81       	ldd	r22, Y+1	; 0x01
     e26:	7a 81       	ldd	r23, Y+2	; 0x02
     e28:	71 95       	neg	r23
     e2a:	61 95       	neg	r22
     e2c:	71 09       	sbc	r23, r1
     e2e:	07 2e       	mov	r0, r23
     e30:	00 0c       	add	r0, r0
     e32:	88 0b       	sbc	r24, r24
     e34:	99 0b       	sbc	r25, r25
     e36:	0e 94 71 1d 	call	0x3ae2	; 0x3ae2 <__floatsisf>
     e3a:	4b 01       	movw	r8, r22
     e3c:	5c 01       	movw	r10, r24
     e3e:	a7 01       	movw	r20, r14
     e40:	96 01       	movw	r18, r12
     e42:	0e 94 63 1c 	call	0x38c6	; 0x38c6 <atan2>
     e46:	2b ed       	ldi	r18, 0xDB	; 219
     e48:	3f e0       	ldi	r19, 0x0F	; 15
     e4a:	49 e4       	ldi	r20, 0x49	; 73
     e4c:	50 e4       	ldi	r21, 0x40	; 64
     e4e:	0e 94 e4 1b 	call	0x37c8	; 0x37c8 <__addsf3>
     e52:	21 ee       	ldi	r18, 0xE1	; 225
     e54:	3e e2       	ldi	r19, 0x2E	; 46
     e56:	45 e6       	ldi	r20, 0x65	; 101
     e58:	52 e4       	ldi	r21, 0x42	; 66
     e5a:	0e 94 55 1e 	call	0x3caa	; 0x3caa <__mulsf3>
     e5e:	60 93 c7 01 	sts	0x01C7, r22	; 0x8001c7 <anglex>
     e62:	70 93 c8 01 	sts	0x01C8, r23	; 0x8001c8 <anglex+0x1>
     e66:	80 93 c9 01 	sts	0x01C9, r24	; 0x8001c9 <anglex+0x2>
     e6a:	90 93 ca 01 	sts	0x01CA, r25	; 0x8001ca <anglex+0x3>
C:\Users\dheer\OneDrive\Documents\Arduino\DE-FIRMWARE-REFINED/DE-FIRMWARE-REFINED.ino:460
  angley = RAD_TO_DEG * (atan2(-xAng, -zAng) + PI);
     e6e:	66 27       	eor	r22, r22
     e70:	77 27       	eor	r23, r23
     e72:	64 19       	sub	r22, r4
     e74:	75 09       	sbc	r23, r5
     e76:	07 2e       	mov	r0, r23
     e78:	00 0c       	add	r0, r0
     e7a:	88 0b       	sbc	r24, r24
     e7c:	99 0b       	sbc	r25, r25
     e7e:	0e 94 71 1d 	call	0x3ae2	; 0x3ae2 <__floatsisf>
     e82:	2b 01       	movw	r4, r22
     e84:	3c 01       	movw	r6, r24
     e86:	a7 01       	movw	r20, r14
     e88:	96 01       	movw	r18, r12
     e8a:	0e 94 63 1c 	call	0x38c6	; 0x38c6 <atan2>
     e8e:	2b ed       	ldi	r18, 0xDB	; 219
     e90:	3f e0       	ldi	r19, 0x0F	; 15
     e92:	49 e4       	ldi	r20, 0x49	; 73
     e94:	50 e4       	ldi	r21, 0x40	; 64
     e96:	0e 94 e4 1b 	call	0x37c8	; 0x37c8 <__addsf3>
     e9a:	21 ee       	ldi	r18, 0xE1	; 225
     e9c:	3e e2       	ldi	r19, 0x2E	; 46
     e9e:	45 e6       	ldi	r20, 0x65	; 101
     ea0:	52 e4       	ldi	r21, 0x42	; 66
     ea2:	0e 94 55 1e 	call	0x3caa	; 0x3caa <__mulsf3>
     ea6:	60 93 c3 01 	sts	0x01C3, r22	; 0x8001c3 <angley>
     eaa:	70 93 c4 01 	sts	0x01C4, r23	; 0x8001c4 <angley+0x1>
     eae:	80 93 c5 01 	sts	0x01C5, r24	; 0x8001c5 <angley+0x2>
     eb2:	90 93 c6 01 	sts	0x01C6, r25	; 0x8001c6 <angley+0x3>
C:\Users\dheer\OneDrive\Documents\Arduino\DE-FIRMWARE-REFINED/DE-FIRMWARE-REFINED.ino:461
  anglez = RAD_TO_DEG * (atan2(-yAng, -xAng) + PI);
     eb6:	a3 01       	movw	r20, r6
     eb8:	92 01       	movw	r18, r4
     eba:	c5 01       	movw	r24, r10
     ebc:	b4 01       	movw	r22, r8
     ebe:	0e 94 63 1c 	call	0x38c6	; 0x38c6 <atan2>
     ec2:	2b ed       	ldi	r18, 0xDB	; 219
     ec4:	3f e0       	ldi	r19, 0x0F	; 15
     ec6:	49 e4       	ldi	r20, 0x49	; 73
     ec8:	50 e4       	ldi	r21, 0x40	; 64
     eca:	0e 94 e4 1b 	call	0x37c8	; 0x37c8 <__addsf3>
     ece:	21 ee       	ldi	r18, 0xE1	; 225
     ed0:	3e e2       	ldi	r19, 0x2E	; 46
     ed2:	45 e6       	ldi	r20, 0x65	; 101
     ed4:	52 e4       	ldi	r21, 0x42	; 66
     ed6:	0e 94 55 1e 	call	0x3caa	; 0x3caa <__mulsf3>
     eda:	60 93 bf 01 	sts	0x01BF, r22	; 0x8001bf <anglez>
     ede:	70 93 c0 01 	sts	0x01C0, r23	; 0x8001c0 <anglez+0x1>
     ee2:	80 93 c1 01 	sts	0x01C1, r24	; 0x8001c1 <anglez+0x2>
     ee6:	90 93 c2 01 	sts	0x01C2, r25	; 0x8001c2 <anglez+0x3>
C:\Users\dheer\OneDrive\Documents\Arduino\DE-FIRMWARE-REFINED/DE-FIRMWARE-REFINED.ino:463

  delay(1000);
     eea:	0f b6       	in	r0, 0x3f	; 63
     eec:	f8 94       	cli
     eee:	de bf       	out	0x3e, r29	; 62
     ef0:	0f be       	out	0x3f, r0	; 63
     ef2:	cd bf       	out	0x3d, r28	; 61
     ef4:	68 ee       	ldi	r22, 0xE8	; 232
     ef6:	73 e0       	ldi	r23, 0x03	; 3
     ef8:	80 e0       	ldi	r24, 0x00	; 0
     efa:	90 e0       	ldi	r25, 0x00	; 0
C:\Users\dheer\OneDrive\Documents\Arduino\DE-FIRMWARE-REFINED/DE-FIRMWARE-REFINED.ino:464
}
     efc:	0f 90       	pop	r0
     efe:	0f 90       	pop	r0
     f00:	0f 90       	pop	r0
     f02:	0f 90       	pop	r0
     f04:	df 91       	pop	r29
     f06:	cf 91       	pop	r28
     f08:	1f 91       	pop	r17
     f0a:	0f 91       	pop	r16
     f0c:	ff 90       	pop	r15
     f0e:	ef 90       	pop	r14
     f10:	df 90       	pop	r13
     f12:	cf 90       	pop	r12
     f14:	bf 90       	pop	r11
     f16:	af 90       	pop	r10
     f18:	9f 90       	pop	r9
     f1a:	8f 90       	pop	r8
     f1c:	7f 90       	pop	r7
     f1e:	6f 90       	pop	r6
     f20:	5f 90       	pop	r5
     f22:	4f 90       	pop	r4
C:\Users\dheer\OneDrive\Documents\Arduino\DE-FIRMWARE-REFINED/DE-FIRMWARE-REFINED.ino:463
  wdt_reset();
  anglex = RAD_TO_DEG * (atan2(-yAng, -zAng) + PI);
  angley = RAD_TO_DEG * (atan2(-xAng, -zAng) + PI);
  anglez = RAD_TO_DEG * (atan2(-yAng, -xAng) + PI);

  delay(1000);
     f24:	0c 94 06 1a 	jmp	0x340c	; 0x340c <delay>

00000f28 <setup>:
setup():
C:\Users\dheer\OneDrive\Documents\Arduino\DE-FIRMWARE-REFINED/DE-FIRMWARE-REFINED.ino:112
void mpuUpdate();
bool clearSnsOutData();

/*~~~~~~~~~~~~~~~~setup-start~~~~~~~~~~~~~~~*/
/*~~~~~~~~~~~~~~~~~~~~~~~~~~~~~~~~~~~~~~~~~~*/
void setup() {
     f28:	0f 93       	push	r16
wdt_enable():
c:\users\dheer\appdata\local\arduino15\packages\arduino\tools\avr-gcc\7.3.0-atmel3.6.1-arduino7\avr\include\avr/wdt.h:469
				: "I" (_SFR_IO_ADDR(_WD_CONTROL_REG)),
				"r" ((uint8_t)(_BV(_WD_CHANGE_BIT) | _BV(WDE))),
				"r" ((uint8_t) ((value & 0x08 ? _WD_PS3_MASK : 0x00) |
						_BV(WDE) | (value & 0x07)) )
				: "r0"
		);
     f2a:	88 e1       	ldi	r24, 0x18	; 24
     f2c:	9f e0       	ldi	r25, 0x0F	; 15
     f2e:	0f b6       	in	r0, 0x3f	; 63
     f30:	f8 94       	cli
     f32:	a8 95       	wdr
     f34:	81 bd       	out	0x21, r24	; 33
     f36:	0f be       	out	0x3f, r0	; 63
     f38:	91 bd       	out	0x21, r25	; 33
setup():
C:\Users\dheer\OneDrive\Documents\Arduino\DE-FIRMWARE-REFINED/DE-FIRMWARE-REFINED.ino:116

  wdt_enable(7);
  // wdt_disable();
  wdt_reset();
     f3a:	a8 95       	wdr
C:\Users\dheer\OneDrive\Documents\Arduino\DE-FIRMWARE-REFINED/DE-FIRMWARE-REFINED.ino:117
  pinMode(STAT_LED, OUTPUT); /*satus LED*/
     f3c:	61 e0       	ldi	r22, 0x01	; 1
     f3e:	8e e1       	ldi	r24, 0x1E	; 30
     f40:	0e 94 77 1a 	call	0x34ee	; 0x34ee <pinMode>
C:\Users\dheer\OneDrive\Documents\Arduino\DE-FIRMWARE-REFINED/DE-FIRMWARE-REFINED.ino:121

  /*~~~~~init-mpu~~~~~*/
  /*~~~~~~~~~~~~~~~~~*/
  Wire.begin();
     f44:	87 eb       	ldi	r24, 0xB7	; 183
     f46:	93 e0       	ldi	r25, 0x03	; 3
     f48:	0e 94 20 13 	call	0x2640	; 0x2640 <TwoWire::begin()>
C:\Users\dheer\OneDrive\Documents\Arduino\DE-FIRMWARE-REFINED/DE-FIRMWARE-REFINED.ino:122
  Wire.beginTransmission(MPU_addr);
     f4c:	68 e6       	ldi	r22, 0x68	; 104
     f4e:	87 eb       	ldi	r24, 0xB7	; 183
     f50:	93 e0       	ldi	r25, 0x03	; 3
     f52:	0e 94 32 13 	call	0x2664	; 0x2664 <TwoWire::beginTransmission(unsigned char)>
C:\Users\dheer\OneDrive\Documents\Arduino\DE-FIRMWARE-REFINED/DE-FIRMWARE-REFINED.ino:123
  wdt_reset();
     f56:	a8 95       	wdr
C:\Users\dheer\OneDrive\Documents\Arduino\DE-FIRMWARE-REFINED/DE-FIRMWARE-REFINED.ino:124
  Wire.write(0x6B);
     f58:	6b e6       	ldi	r22, 0x6B	; 107
     f5a:	70 e0       	ldi	r23, 0x00	; 0
     f5c:	87 eb       	ldi	r24, 0xB7	; 183
     f5e:	93 e0       	ldi	r25, 0x03	; 3
     f60:	0e 94 f4 01 	call	0x3e8	; 0x3e8 <TwoWire::write(int)>
C:\Users\dheer\OneDrive\Documents\Arduino\DE-FIRMWARE-REFINED/DE-FIRMWARE-REFINED.ino:125
  Wire.write(0);
     f64:	70 e0       	ldi	r23, 0x00	; 0
     f66:	60 e0       	ldi	r22, 0x00	; 0
     f68:	87 eb       	ldi	r24, 0xB7	; 183
     f6a:	93 e0       	ldi	r25, 0x03	; 3
     f6c:	0e 94 f4 01 	call	0x3e8	; 0x3e8 <TwoWire::write(int)>
C:\Users\dheer\OneDrive\Documents\Arduino\DE-FIRMWARE-REFINED/DE-FIRMWARE-REFINED.ino:127

  Wire.endTransmission(true);
     f70:	61 e0       	ldi	r22, 0x01	; 1
     f72:	87 eb       	ldi	r24, 0xB7	; 183
     f74:	93 e0       	ldi	r25, 0x03	; 3
     f76:	0e 94 3c 13 	call	0x2678	; 0x2678 <TwoWire::endTransmission(unsigned char)>
C:\Users\dheer\OneDrive\Documents\Arduino\DE-FIRMWARE-REFINED/DE-FIRMWARE-REFINED.ino:129
  /*~~~~~~~~~~~~~~~~~*/
  wdt_reset();
     f7a:	a8 95       	wdr
C:\Users\dheer\OneDrive\Documents\Arduino\DE-FIRMWARE-REFINED/DE-FIRMWARE-REFINED.ino:130
  mySerial.begin(9600);
     f7c:	40 e8       	ldi	r20, 0x80	; 128
     f7e:	55 e2       	ldi	r21, 0x25	; 37
     f80:	60 e0       	ldi	r22, 0x00	; 0
     f82:	70 e0       	ldi	r23, 0x00	; 0
     f84:	88 e9       	ldi	r24, 0x98	; 152
     f86:	93 e0       	ldi	r25, 0x03	; 3
     f88:	0e 94 1a 12 	call	0x2434	; 0x2434 <SendOnlySoftwareSerial::begin(long)>
C:\Users\dheer\OneDrive\Documents\Arduino\DE-FIRMWARE-REFINED/DE-FIRMWARE-REFINED.ino:131
  wdt_reset();
     f8c:	a8 95       	wdr
C:\Users\dheer\OneDrive\Documents\Arduino\DE-FIRMWARE-REFINED/DE-FIRMWARE-REFINED.ino:132
  mySerial.println(F("~~~~~~~~~~~~~~~~~Diesel-Eye-V1.2~~~~~~~~~~~~~~~~~~"));
     f8e:	6c e5       	ldi	r22, 0x5C	; 92
     f90:	72 e0       	ldi	r23, 0x02	; 2
     f92:	88 e9       	ldi	r24, 0x98	; 152
     f94:	93 e0       	ldi	r25, 0x03	; 3
     f96:	0e 94 ce 16 	call	0x2d9c	; 0x2d9c <Print::println(__FlashStringHelper const*)>
C:\Users\dheer\OneDrive\Documents\Arduino\DE-FIRMWARE-REFINED/DE-FIRMWARE-REFINED.ino:133
  wdt_reset();
     f9a:	a8 95       	wdr
C:\Users\dheer\OneDrive\Documents\Arduino\DE-FIRMWARE-REFINED/DE-FIRMWARE-REFINED.ino:134
  sensorOut.begin(9600);
     f9c:	40 e8       	ldi	r20, 0x80	; 128
     f9e:	55 e2       	ldi	r21, 0x25	; 37
     fa0:	60 e0       	ldi	r22, 0x00	; 0
     fa2:	70 e0       	ldi	r23, 0x00	; 0
     fa4:	83 e8       	ldi	r24, 0x83	; 131
     fa6:	93 e0       	ldi	r25, 0x03	; 3
     fa8:	0e 94 1a 12 	call	0x2434	; 0x2434 <SendOnlySoftwareSerial::begin(long)>
C:\Users\dheer\OneDrive\Documents\Arduino\DE-FIRMWARE-REFINED/DE-FIRMWARE-REFINED.ino:136

  SPI.begin();
     fac:	0e 94 32 12 	call	0x2464	; 0x2464 <SPIClass::begin()>
C:\Users\dheer\OneDrive\Documents\Arduino\DE-FIRMWARE-REFINED/DE-FIRMWARE-REFINED.ino:137
  Wire.begin();
     fb0:	87 eb       	ldi	r24, 0xB7	; 183
     fb2:	93 e0       	ldi	r25, 0x03	; 3
     fb4:	0e 94 20 13 	call	0x2640	; 0x2640 <TwoWire::begin()>
C:\Users\dheer\OneDrive\Documents\Arduino\DE-FIRMWARE-REFINED/DE-FIRMWARE-REFINED.ino:139

  mySerial.println(F("-- Starting TDC7200 test --"));
     fb8:	60 e4       	ldi	r22, 0x40	; 64
     fba:	72 e0       	ldi	r23, 0x02	; 2
     fbc:	88 e9       	ldi	r24, 0x98	; 152
     fbe:	93 e0       	ldi	r25, 0x03	; 3
     fc0:	0e 94 ce 16 	call	0x2d9c	; 0x2d9c <Print::println(__FlashStringHelper const*)>
C:\Users\dheer\OneDrive\Documents\Arduino\DE-FIRMWARE-REFINED/DE-FIRMWARE-REFINED.ino:141

  if (not tof.begin()) {
     fc4:	82 e3       	ldi	r24, 0x32	; 50
     fc6:	91 e0       	ldi	r25, 0x01	; 1
     fc8:	0e 94 0b 10 	call	0x2016	; 0x2016 <TDC7200::begin()>
     fcc:	81 11       	cpse	r24, r1
     fce:	0c c0       	rjmp	.+24     	; 0xfe8 <setup+0xc0>
C:\Users\dheer\OneDrive\Documents\Arduino\DE-FIRMWARE-REFINED/DE-FIRMWARE-REFINED.ino:142
    mySerial.println(F("Failed to init TDC7200"));
     fd0:	69 e2       	ldi	r22, 0x29	; 41
     fd2:	72 e0       	ldi	r23, 0x02	; 2
     fd4:	88 e9       	ldi	r24, 0x98	; 152
     fd6:	93 e0       	ldi	r25, 0x03	; 3
     fd8:	0e 94 ce 16 	call	0x2d9c	; 0x2d9c <Print::println(__FlashStringHelper const*)>
C:\Users\dheer\OneDrive\Documents\Arduino\DE-FIRMWARE-REFINED/DE-FIRMWARE-REFINED.ino:143
    delay(1000);
     fdc:	68 ee       	ldi	r22, 0xE8	; 232
     fde:	73 e0       	ldi	r23, 0x03	; 3
     fe0:	80 e0       	ldi	r24, 0x00	; 0
     fe2:	90 e0       	ldi	r25, 0x00	; 0
     fe4:	0e 94 06 1a 	call	0x340c	; 0x340c <delay>
C:\Users\dheer\OneDrive\Documents\Arduino\DE-FIRMWARE-REFINED/DE-FIRMWARE-REFINED.ino:146
  }

  pinMode(PIN_TDC7200_INT, INPUT);  // active low (open drain)
     fe8:	60 e0       	ldi	r22, 0x00	; 0
     fea:	8f e1       	ldi	r24, 0x1F	; 31
     fec:	0e 94 77 1a 	call	0x34ee	; 0x34ee <pinMode>
C:\Users\dheer\OneDrive\Documents\Arduino\DE-FIRMWARE-REFINED/DE-FIRMWARE-REFINED.ino:148

  if (not tof.setupMeasurement(10,         // cal2Periods
     ff0:	02 e0       	ldi	r16, 0x02	; 2
     ff2:	21 e0       	ldi	r18, 0x01	; 1
     ff4:	41 e0       	ldi	r20, 0x01	; 1
     ff6:	6a e0       	ldi	r22, 0x0A	; 10
     ff8:	82 e3       	ldi	r24, 0x32	; 50
     ffa:	91 e0       	ldi	r25, 0x01	; 1
     ffc:	0e 94 f1 10 	call	0x21e2	; 0x21e2 <TDC7200::setupMeasurement(unsigned char, unsigned char, unsigned char, unsigned char)>
    1000:	81 11       	cpse	r24, r1
    1002:	06 c0       	rjmp	.+12     	; 0x1010 <setup+0xe8>
C:\Users\dheer\OneDrive\Documents\Arduino\DE-FIRMWARE-REFINED/DE-FIRMWARE-REFINED.ino:153
                               1,          // avgCycles
                               NUM_STOPS,  // numStops
                               2))         // mode
  {
    mySerial.println(F("Failed to setup measurement"));
    1004:	6d e0       	ldi	r22, 0x0D	; 13
    1006:	72 e0       	ldi	r23, 0x02	; 2
    1008:	88 e9       	ldi	r24, 0x98	; 152
    100a:	93 e0       	ldi	r25, 0x03	; 3
    100c:	0e 94 ce 16 	call	0x2d9c	; 0x2d9c <Print::println(__FlashStringHelper const*)>
C:\Users\dheer\OneDrive\Documents\Arduino\DE-FIRMWARE-REFINED/DE-FIRMWARE-REFINED.ino:159
  }


  /*~~~~~pin-modes~~~~~*/
  /*~~~~~~~~~~~~~~~~~~~*/
  pinMode(PIN_TDC1000_ENABLE, OUTPUT);
    1010:	61 e0       	ldi	r22, 0x01	; 1
    1012:	8c e0       	ldi	r24, 0x0C	; 12
    1014:	0e 94 77 1a 	call	0x34ee	; 0x34ee <pinMode>
C:\Users\dheer\OneDrive\Documents\Arduino\DE-FIRMWARE-REFINED/DE-FIRMWARE-REFINED.ino:160
  pinMode(PIN_TDC1000_RESET, OUTPUT);
    1018:	61 e0       	ldi	r22, 0x01	; 1
    101a:	82 e1       	ldi	r24, 0x12	; 18
    101c:	0e 94 77 1a 	call	0x34ee	; 0x34ee <pinMode>
C:\Users\dheer\OneDrive\Documents\Arduino\DE-FIRMWARE-REFINED/DE-FIRMWARE-REFINED.ino:162

  pinMode(PIN_TDC1000_ERRB, INPUT_PULLUP);
    1020:	62 e0       	ldi	r22, 0x02	; 2
    1022:	87 e1       	ldi	r24, 0x17	; 23
    1024:	0e 94 77 1a 	call	0x34ee	; 0x34ee <pinMode>
C:\Users\dheer\OneDrive\Documents\Arduino\DE-FIRMWARE-REFINED/DE-FIRMWARE-REFINED.ino:163
  pinMode(PIN_TDC1000_SPI_CS, OUTPUT);
    1028:	61 e0       	ldi	r22, 0x01	; 1
    102a:	8e e0       	ldi	r24, 0x0E	; 14
    102c:	0e 94 77 1a 	call	0x34ee	; 0x34ee <pinMode>
C:\Users\dheer\OneDrive\Documents\Arduino\DE-FIRMWARE-REFINED/DE-FIRMWARE-REFINED.ino:165

  pinMode(PIN_TDC1000_OSC_ENABLE, OUTPUT);
    1030:	61 e0       	ldi	r22, 0x01	; 1
    1032:	83 e1       	ldi	r24, 0x13	; 19
    1034:	0e 94 77 1a 	call	0x34ee	; 0x34ee <pinMode>
C:\Users\dheer\OneDrive\Documents\Arduino\DE-FIRMWARE-REFINED/DE-FIRMWARE-REFINED.ino:167

  digitalWrite(PIN_TDC1000_ENABLE, HIGH);
    1038:	61 e0       	ldi	r22, 0x01	; 1
    103a:	8c e0       	ldi	r24, 0x0C	; 12
    103c:	0e 94 b3 1a 	call	0x3566	; 0x3566 <digitalWrite>
C:\Users\dheer\OneDrive\Documents\Arduino\DE-FIRMWARE-REFINED/DE-FIRMWARE-REFINED.ino:168
  digitalWrite(PIN_TDC1000_RESET, HIGH);
    1040:	61 e0       	ldi	r22, 0x01	; 1
    1042:	82 e1       	ldi	r24, 0x12	; 18
    1044:	0e 94 b3 1a 	call	0x3566	; 0x3566 <digitalWrite>
C:\Users\dheer\OneDrive\Documents\Arduino\DE-FIRMWARE-REFINED/DE-FIRMWARE-REFINED.ino:170

  delay(12);
    1048:	6c e0       	ldi	r22, 0x0C	; 12
    104a:	70 e0       	ldi	r23, 0x00	; 0
    104c:	80 e0       	ldi	r24, 0x00	; 0
    104e:	90 e0       	ldi	r25, 0x00	; 0
    1050:	0e 94 06 1a 	call	0x340c	; 0x340c <delay>
C:\Users\dheer\OneDrive\Documents\Arduino\DE-FIRMWARE-REFINED/DE-FIRMWARE-REFINED.ino:172

  digitalWrite(PIN_TDC1000_RESET, LOW);
    1054:	60 e0       	ldi	r22, 0x00	; 0
    1056:	82 e1       	ldi	r24, 0x12	; 18
    1058:	0e 94 b3 1a 	call	0x3566	; 0x3566 <digitalWrite>
C:\Users\dheer\OneDrive\Documents\Arduino\DE-FIRMWARE-REFINED/DE-FIRMWARE-REFINED.ino:173
  digitalWrite(PIN_TDC1000_CHSEL, LOW);
    105c:	60 e0       	ldi	r22, 0x00	; 0
    105e:	84 e1       	ldi	r24, 0x14	; 20
    1060:	0e 94 b3 1a 	call	0x3566	; 0x3566 <digitalWrite>
C:\Users\dheer\OneDrive\Documents\Arduino\DE-FIRMWARE-REFINED/DE-FIRMWARE-REFINED.ino:175

  digitalWrite(PIN_TDC1000_OSC_ENABLE, HIGH);
    1064:	61 e0       	ldi	r22, 0x01	; 1
    1066:	83 e1       	ldi	r24, 0x13	; 19
    1068:	0e 94 b3 1a 	call	0x3566	; 0x3566 <digitalWrite>
C:\Users\dheer\OneDrive\Documents\Arduino\DE-FIRMWARE-REFINED/DE-FIRMWARE-REFINED.ino:180


  /*~~~~~TDC-1000~~~~~~*/
  /*~~~~~~~~~~~~~~~~~~~*/
  TDC1000Write(CONFIG_0, 0X1F);  //2A//44zz
    106c:	6f e1       	ldi	r22, 0x1F	; 31
    106e:	80 e0       	ldi	r24, 0x00	; 0
    1070:	0e 94 34 04 	call	0x868	; 0x868 <TDC1000Write(unsigned char, unsigned char)>
C:\Users\dheer\OneDrive\Documents\Arduino\DE-FIRMWARE-REFINED/DE-FIRMWARE-REFINED.ino:181
  TDC1000Write(CONFIG_1, 0X41);  //41
    1074:	61 e4       	ldi	r22, 0x41	; 65
    1076:	81 e0       	ldi	r24, 0x01	; 1
    1078:	0e 94 34 04 	call	0x868	; 0x868 <TDC1000Write(unsigned char, unsigned char)>
C:\Users\dheer\OneDrive\Documents\Arduino\DE-FIRMWARE-REFINED/DE-FIRMWARE-REFINED.ino:183

  TDC1000Write(CONFIG_1, 0X41);  //41
    107c:	61 e4       	ldi	r22, 0x41	; 65
    107e:	81 e0       	ldi	r24, 0x01	; 1
    1080:	0e 94 34 04 	call	0x868	; 0x868 <TDC1000Write(unsigned char, unsigned char)>
C:\Users\dheer\OneDrive\Documents\Arduino\DE-FIRMWARE-REFINED/DE-FIRMWARE-REFINED.ino:184
  TDC1000Write(CONFIG_2, 0X2);   //02//0
    1084:	62 e0       	ldi	r22, 0x02	; 2
    1086:	82 e0       	ldi	r24, 0x02	; 2
    1088:	0e 94 34 04 	call	0x868	; 0x868 <TDC1000Write(unsigned char, unsigned char)>
C:\Users\dheer\OneDrive\Documents\Arduino\DE-FIRMWARE-REFINED/DE-FIRMWARE-REFINED.ino:186

  TDC1000Write(CONFIG_3, 0x0);   //D//C
    108c:	60 e0       	ldi	r22, 0x00	; 0
    108e:	83 e0       	ldi	r24, 0x03	; 3
    1090:	0e 94 34 04 	call	0x868	; 0x868 <TDC1000Write(unsigned char, unsigned char)>
C:\Users\dheer\OneDrive\Documents\Arduino\DE-FIRMWARE-REFINED/DE-FIRMWARE-REFINED.ino:187
  TDC1000Write(CONFIG_4, 0X1e);  //5F
    1094:	6e e1       	ldi	r22, 0x1E	; 30
    1096:	84 e0       	ldi	r24, 0x04	; 4
    1098:	0e 94 34 04 	call	0x868	; 0x868 <TDC1000Write(unsigned char, unsigned char)>
C:\Users\dheer\OneDrive\Documents\Arduino\DE-FIRMWARE-REFINED/DE-FIRMWARE-REFINED.ino:189

  TDC1000Write(TOF_1, 0X80);  //80//40
    109c:	60 e8       	ldi	r22, 0x80	; 128
    109e:	85 e0       	ldi	r24, 0x05	; 5
    10a0:	0e 94 34 04 	call	0x868	; 0x868 <TDC1000Write(unsigned char, unsigned char)>
C:\Users\dheer\OneDrive\Documents\Arduino\DE-FIRMWARE-REFINED/DE-FIRMWARE-REFINED.ino:190
  TDC1000Write(TOF_0, 0X1e);  //1E
    10a4:	6e e1       	ldi	r22, 0x1E	; 30
    10a6:	86 e0       	ldi	r24, 0x06	; 6
    10a8:	0e 94 34 04 	call	0x868	; 0x868 <TDC1000Write(unsigned char, unsigned char)>
C:\Users\dheer\OneDrive\Documents\Arduino\DE-FIRMWARE-REFINED/DE-FIRMWARE-REFINED.ino:192

  TDC1000Write(ERROR_FLAGS, 0X00);  //0
    10ac:	60 e0       	ldi	r22, 0x00	; 0
    10ae:	87 e0       	ldi	r24, 0x07	; 7
    10b0:	0e 94 34 04 	call	0x868	; 0x868 <TDC1000Write(unsigned char, unsigned char)>
C:\Users\dheer\OneDrive\Documents\Arduino\DE-FIRMWARE-REFINED/DE-FIRMWARE-REFINED.ino:193
  TDC1000Write(TIMEOUT, 0x33);      //33//23
    10b4:	63 e3       	ldi	r22, 0x33	; 51
    10b6:	88 e0       	ldi	r24, 0x08	; 8
    10b8:	0e 94 34 04 	call	0x868	; 0x868 <TDC1000Write(unsigned char, unsigned char)>
C:\Users\dheer\OneDrive\Documents\Arduino\DE-FIRMWARE-REFINED/DE-FIRMWARE-REFINED.ino:195

  TDC1000Write(CLOCK_RATE, 0x6);  //6//1
    10bc:	66 e0       	ldi	r22, 0x06	; 6
    10be:	89 e0       	ldi	r24, 0x09	; 9
    10c0:	0e 94 34 04 	call	0x868	; 0x868 <TDC1000Write(unsigned char, unsigned char)>
C:\Users\dheer\OneDrive\Documents\Arduino\DE-FIRMWARE-REFINED/DE-FIRMWARE-REFINED.ino:196
  TDC1000Write(CONFIG_0, 0X1F);
    10c4:	6f e1       	ldi	r22, 0x1F	; 31
    10c6:	80 e0       	ldi	r24, 0x00	; 0
    10c8:	0e 94 34 04 	call	0x868	; 0x868 <TDC1000Write(unsigned char, unsigned char)>
C:\Users\dheer\OneDrive\Documents\Arduino\DE-FIRMWARE-REFINED/DE-FIRMWARE-REFINED.ino:197
  wdt_reset();
    10cc:	a8 95       	wdr
C:\Users\dheer\OneDrive\Documents\Arduino\DE-FIRMWARE-REFINED/DE-FIRMWARE-REFINED.ino:199

  for (int i = 0; i < dataSize; i++) { /*use memset instead*/
    10ce:	20 91 6a 00 	lds	r18, 0x006A	; 0x80006a <dataSize>
    10d2:	30 e0       	ldi	r19, 0x00	; 0
    10d4:	e3 ef       	ldi	r30, 0xF3	; 243
    10d6:	f1 e0       	ldi	r31, 0x01	; 1
    10d8:	90 e0       	ldi	r25, 0x00	; 0
    10da:	80 e0       	ldi	r24, 0x00	; 0
C:\Users\dheer\OneDrive\Documents\Arduino\DE-FIRMWARE-REFINED/DE-FIRMWARE-REFINED.ino:199 (discriminator 3)
    10dc:	82 17       	cp	r24, r18
    10de:	93 07       	cpc	r25, r19
    10e0:	34 f4       	brge	.+12     	; 0x10ee <setup+0x1c6>
C:\Users\dheer\OneDrive\Documents\Arduino\DE-FIRMWARE-REFINED/DE-FIRMWARE-REFINED.ino:200 (discriminator 2)
    data[i] = 0.0;
    10e2:	11 92       	st	Z+, r1
    10e4:	11 92       	st	Z+, r1
    10e6:	11 92       	st	Z+, r1
    10e8:	11 92       	st	Z+, r1
C:\Users\dheer\OneDrive\Documents\Arduino\DE-FIRMWARE-REFINED/DE-FIRMWARE-REFINED.ino:199 (discriminator 2)

  TDC1000Write(CLOCK_RATE, 0x6);  //6//1
  TDC1000Write(CONFIG_0, 0X1F);
  wdt_reset();

  for (int i = 0; i < dataSize; i++) { /*use memset instead*/
    10ea:	01 96       	adiw	r24, 0x01	; 1
    10ec:	f7 cf       	rjmp	.-18     	; 0x10dc <setup+0x1b4>
C:\Users\dheer\OneDrive\Documents\Arduino\DE-FIRMWARE-REFINED/DE-FIRMWARE-REFINED.ino:204
    data[i] = 0.0;
  }
  // memset(data,0, sizeof(data));

  mpuStabilise(); /*changed name to more sensable one*/
    10ee:	0e 94 36 06 	call	0xc6c	; 0xc6c <mpuStabilise()>
C:\Users\dheer\OneDrive\Documents\Arduino\DE-FIRMWARE-REFINED/DE-FIRMWARE-REFINED.ino:205
  wdt_reset();
    10f2:	a8 95       	wdr
C:\Users\dheer\OneDrive\Documents\Arduino\DE-FIRMWARE-REFINED/DE-FIRMWARE-REFINED.ino:206
}
    10f4:	0f 91       	pop	r16
    10f6:	08 95       	ret

000010f8 <sensorPacket(unsigned int, unsigned int, int, int, int, int, int, int, int)>:
_Z12sensorPacketjjiiiiiii():
C:\Users\dheer\OneDrive\Documents\Arduino\DE-FIRMWARE-REFINED/DE-FIRMWARE-REFINED.ino:468
  delay(1000);
}



void sensorPacket(uint16_t infuel, uint16_t fuelHeight, int16_t gyrox, int16_t gyroy, int16_t gyroz, int16_t accelx, int16_t accely, int16_t accelz, int16_t temp) {
    10f8:	8f 92       	push	r8
    10fa:	9f 92       	push	r9
    10fc:	af 92       	push	r10
    10fe:	bf 92       	push	r11
    1100:	cf 92       	push	r12
    1102:	df 92       	push	r13
    1104:	ef 92       	push	r14
    1106:	ff 92       	push	r15
    1108:	1f 93       	push	r17
    110a:	cf 93       	push	r28
    110c:	df 93       	push	r29
    110e:	cd b7       	in	r28, 0x3d	; 61
    1110:	de b7       	in	r29, 0x3e	; 62
C:\Users\dheer\OneDrive\Documents\Arduino\DE-FIRMWARE-REFINED/DE-FIRMWARE-REFINED.ino:470
  /**XD,0000,00,00000,0000,0000,00000,0000,0000,80#^0000,0000,0000,000,000,000,031!*/
  wdt_reset();
    1112:	a8 95       	wdr
C:\Users\dheer\OneDrive\Documents\Arduino\DE-FIRMWARE-REFINED/DE-FIRMWARE-REFINED.ino:471
  memset(snsOutData, 0, sizeof(snsOutData)); /*clear snsOutData buff*/
    1114:	ec e4       	ldi	r30, 0x4C	; 76
    1116:	f1 e0       	ldi	r31, 0x01	; 1
    1118:	14 e6       	ldi	r17, 0x64	; 100
    111a:	df 01       	movw	r26, r30
    111c:	1d 92       	st	X+, r1
    111e:	1a 95       	dec	r17
    1120:	e9 f7       	brne	.-6      	; 0x111c <sensorPacket(unsigned int, unsigned int, int, int, int, int, int, int, int)+0x24>
C:\Users\dheer\OneDrive\Documents\Arduino\DE-FIRMWARE-REFINED/DE-FIRMWARE-REFINED.ino:472
  wdt_reset();
    1122:	a8 95       	wdr
C:\Users\dheer\OneDrive\Documents\Arduino\DE-FIRMWARE-REFINED/DE-FIRMWARE-REFINED.ino:473
  sprintf(snsOutData, "%s,%05d,%s,%05d,%s%04d,%04d,%04d,%03d,%03d,%03d,%03d%s", "*XD,0000,00", fuelHeight, "0000,0000", infuel, "0000,0000,80#^", gyrox, gyroy, gyroy, accelx, accely, accelz, temp, "!\r\n");
    1124:	a6 e7       	ldi	r26, 0x76	; 118
    1126:	b0 e0       	ldi	r27, 0x00	; 0
    1128:	bf 93       	push	r27
    112a:	af 93       	push	r26
    112c:	9f 92       	push	r9
    112e:	8f 92       	push	r8
    1130:	bf 92       	push	r11
    1132:	af 92       	push	r10
    1134:	df 92       	push	r13
    1136:	cf 92       	push	r12
    1138:	ff 92       	push	r15
    113a:	ef 92       	push	r14
    113c:	3f 93       	push	r19
    113e:	2f 93       	push	r18
    1140:	3f 93       	push	r19
    1142:	2f 93       	push	r18
    1144:	5f 93       	push	r21
    1146:	4f 93       	push	r20
    1148:	2a e7       	ldi	r18, 0x7A	; 122
    114a:	30 e0       	ldi	r19, 0x00	; 0
    114c:	3f 93       	push	r19
    114e:	2f 93       	push	r18
    1150:	9f 93       	push	r25
    1152:	8f 93       	push	r24
    1154:	89 e8       	ldi	r24, 0x89	; 137
    1156:	90 e0       	ldi	r25, 0x00	; 0
    1158:	9f 93       	push	r25
    115a:	8f 93       	push	r24
    115c:	7f 93       	push	r23
    115e:	6f 93       	push	r22
    1160:	83 e9       	ldi	r24, 0x93	; 147
    1162:	90 e0       	ldi	r25, 0x00	; 0
    1164:	9f 93       	push	r25
    1166:	8f 93       	push	r24
    1168:	8f e9       	ldi	r24, 0x9F	; 159
    116a:	90 e0       	ldi	r25, 0x00	; 0
    116c:	9f 93       	push	r25
    116e:	8f 93       	push	r24
    1170:	ff 93       	push	r31
    1172:	ef 93       	push	r30
    1174:	0e 94 31 23 	call	0x4662	; 0x4662 <sprintf>
C:\Users\dheer\OneDrive\Documents\Arduino\DE-FIRMWARE-REFINED/DE-FIRMWARE-REFINED.ino:474
  wdt_reset();
    1178:	a8 95       	wdr
C:\Users\dheer\OneDrive\Documents\Arduino\DE-FIRMWARE-REFINED/DE-FIRMWARE-REFINED.ino:475
  mySerial.print(F("sns>"));
    117a:	67 e8       	ldi	r22, 0x87	; 135
    117c:	71 e0       	ldi	r23, 0x01	; 1
    117e:	88 e9       	ldi	r24, 0x98	; 152
    1180:	93 e0       	ldi	r25, 0x03	; 3
    1182:	0e 94 90 16 	call	0x2d20	; 0x2d20 <Print::print(__FlashStringHelper const*)>
C:\Users\dheer\OneDrive\Documents\Arduino\DE-FIRMWARE-REFINED/DE-FIRMWARE-REFINED.ino:476
  wdt_reset();
    1186:	a8 95       	wdr
C:\Users\dheer\OneDrive\Documents\Arduino\DE-FIRMWARE-REFINED/DE-FIRMWARE-REFINED.ino:477
  mySerial.print(snsOutData);
    1188:	6c e4       	ldi	r22, 0x4C	; 76
    118a:	71 e0       	ldi	r23, 0x01	; 1
    118c:	88 e9       	ldi	r24, 0x98	; 152
    118e:	93 e0       	ldi	r25, 0x03	; 3
    1190:	0e 94 c2 16 	call	0x2d84	; 0x2d84 <Print::print(char const*)>
C:\Users\dheer\OneDrive\Documents\Arduino\DE-FIRMWARE-REFINED/DE-FIRMWARE-REFINED.ino:478
  mySerial.print(F("time>"));
    1194:	61 e8       	ldi	r22, 0x81	; 129
    1196:	71 e0       	ldi	r23, 0x01	; 1
    1198:	88 e9       	ldi	r24, 0x98	; 152
    119a:	93 e0       	ldi	r25, 0x03	; 3
    119c:	0e 94 90 16 	call	0x2d20	; 0x2d20 <Print::print(__FlashStringHelper const*)>
C:\Users\dheer\OneDrive\Documents\Arduino\DE-FIRMWARE-REFINED/DE-FIRMWARE-REFINED.ino:479
  mySerial.print(millis());
    11a0:	0e 94 d4 19 	call	0x33a8	; 0x33a8 <millis>
    11a4:	ab 01       	movw	r20, r22
    11a6:	bc 01       	movw	r22, r24
    11a8:	2a e0       	ldi	r18, 0x0A	; 10
    11aa:	30 e0       	ldi	r19, 0x00	; 0
    11ac:	88 e9       	ldi	r24, 0x98	; 152
    11ae:	93 e0       	ldi	r25, 0x03	; 3
    11b0:	0e 94 55 17 	call	0x2eaa	; 0x2eaa <Print::print(unsigned long, int)>
C:\Users\dheer\OneDrive\Documents\Arduino\DE-FIRMWARE-REFINED/DE-FIRMWARE-REFINED.ino:480
  wdt_reset();
    11b4:	a8 95       	wdr
C:\Users\dheer\OneDrive\Documents\Arduino\DE-FIRMWARE-REFINED/DE-FIRMWARE-REFINED.ino:481
  mySerial.println(F("<sns"));
    11b6:	6c e7       	ldi	r22, 0x7C	; 124
    11b8:	71 e0       	ldi	r23, 0x01	; 1
    11ba:	88 e9       	ldi	r24, 0x98	; 152
    11bc:	93 e0       	ldi	r25, 0x03	; 3
    11be:	0e 94 ce 16 	call	0x2d9c	; 0x2d9c <Print::println(__FlashStringHelper const*)>
C:\Users\dheer\OneDrive\Documents\Arduino\DE-FIRMWARE-REFINED/DE-FIRMWARE-REFINED.ino:482
  wdt_reset();
    11c2:	a8 95       	wdr
    11c4:	0f b6       	in	r0, 0x3f	; 63
    11c6:	f8 94       	cli
    11c8:	de bf       	out	0x3e, r29	; 62
    11ca:	0f be       	out	0x3f, r0	; 63
    11cc:	cd bf       	out	0x3d, r28	; 61
C:\Users\dheer\OneDrive\Documents\Arduino\DE-FIRMWARE-REFINED/DE-FIRMWARE-REFINED.ino:485
  // sensorOut.flush();
  // sensorOut.println(snsOutData);
  for (uint8_t k =0; k<strlen(snsOutData);k++){
    11ce:	10 e0       	ldi	r17, 0x00	; 0
    11d0:	8c e4       	ldi	r24, 0x4C	; 76
    11d2:	e8 2e       	mov	r14, r24
    11d4:	81 e0       	ldi	r24, 0x01	; 1
    11d6:	f8 2e       	mov	r15, r24
C:\Users\dheer\OneDrive\Documents\Arduino\DE-FIRMWARE-REFINED/DE-FIRMWARE-REFINED.ino:485 (discriminator 3)
    11d8:	d7 01       	movw	r26, r14
    11da:	0d 90       	ld	r0, X+
    11dc:	00 20       	and	r0, r0
    11de:	e9 f7       	brne	.-6      	; 0x11da <sensorPacket(unsigned int, unsigned int, int, int, int, int, int, int, int)+0xe2>
    11e0:	9d 01       	movw	r18, r26
    11e2:	2d 54       	subi	r18, 0x4D	; 77
    11e4:	31 40       	sbci	r19, 0x01	; 1
    11e6:	81 2f       	mov	r24, r17
    11e8:	90 e0       	ldi	r25, 0x00	; 0
    11ea:	82 17       	cp	r24, r18
    11ec:	93 07       	cpc	r25, r19
    11ee:	50 f4       	brcc	.+20     	; 0x1204 <sensorPacket(unsigned int, unsigned int, int, int, int, int, int, int, int)+0x10c>
C:\Users\dheer\OneDrive\Documents\Arduino\DE-FIRMWARE-REFINED/DE-FIRMWARE-REFINED.ino:486 (discriminator 2)
  sensorOut.write(snsOutData[k]);
    11f0:	84 5b       	subi	r24, 0xB4	; 180
    11f2:	9e 4f       	sbci	r25, 0xFE	; 254
    11f4:	fc 01       	movw	r30, r24
    11f6:	60 81       	ld	r22, Z
    11f8:	83 e8       	ldi	r24, 0x83	; 131
    11fa:	93 e0       	ldi	r25, 0x03	; 3
    11fc:	0e 94 76 11 	call	0x22ec	; 0x22ec <SendOnlySoftwareSerial::write(unsigned char)>
C:\Users\dheer\OneDrive\Documents\Arduino\DE-FIRMWARE-REFINED/DE-FIRMWARE-REFINED.ino:485 (discriminator 2)
  wdt_reset();
  mySerial.println(F("<sns"));
  wdt_reset();
  // sensorOut.flush();
  // sensorOut.println(snsOutData);
  for (uint8_t k =0; k<strlen(snsOutData);k++){
    1200:	1f 5f       	subi	r17, 0xFF	; 255
    1202:	ea cf       	rjmp	.-44     	; 0x11d8 <sensorPacket(unsigned int, unsigned int, int, int, int, int, int, int, int)+0xe0>
C:\Users\dheer\OneDrive\Documents\Arduino\DE-FIRMWARE-REFINED/DE-FIRMWARE-REFINED.ino:488
  sensorOut.write(snsOutData[k]);
  }
}
    1204:	df 91       	pop	r29
    1206:	cf 91       	pop	r28
    1208:	1f 91       	pop	r17
    120a:	ff 90       	pop	r15
    120c:	ef 90       	pop	r14
    120e:	df 90       	pop	r13
    1210:	cf 90       	pop	r12
    1212:	bf 90       	pop	r11
    1214:	af 90       	pop	r10
    1216:	9f 90       	pop	r9
    1218:	8f 90       	pop	r8
    121a:	08 95       	ret

0000121c <loop>:
loop():
C:\Users\dheer\OneDrive\Documents\Arduino\DE-FIRMWARE-REFINED/DE-FIRMWARE-REFINED.ino:209
  mpuStabilise(); /*changed name to more sensable one*/
  wdt_reset();
}


void loop() {
    121c:	4f 92       	push	r4
    121e:	5f 92       	push	r5
    1220:	6f 92       	push	r6
    1222:	7f 92       	push	r7
    1224:	8f 92       	push	r8
    1226:	9f 92       	push	r9
    1228:	af 92       	push	r10
    122a:	bf 92       	push	r11
    122c:	cf 92       	push	r12
    122e:	df 92       	push	r13
    1230:	ef 92       	push	r14
    1232:	ff 92       	push	r15
    1234:	0f 93       	push	r16
    1236:	1f 93       	push	r17
    1238:	cf 93       	push	r28
    123a:	df 93       	push	r29
    123c:	cd b7       	in	r28, 0x3d	; 61
    123e:	de b7       	in	r29, 0x3e	; 62
    1240:	68 97       	sbiw	r28, 0x18	; 24
    1242:	0f b6       	in	r0, 0x3f	; 63
    1244:	f8 94       	cli
    1246:	de bf       	out	0x3e, r29	; 62
    1248:	0f be       	out	0x3f, r0	; 63
    124a:	cd bf       	out	0x3d, r28	; 61
C:\Users\dheer\OneDrive\Documents\Arduino\DE-FIRMWARE-REFINED/DE-FIRMWARE-REFINED.ino:211

  wdt_reset();
    124c:	a8 95       	wdr
C:\Users\dheer\OneDrive\Documents\Arduino\DE-FIRMWARE-REFINED/DE-FIRMWARE-REFINED.ino:212
  mpuUpdate();
    124e:	0e 94 82 04 	call	0x904	; 0x904 <mpuUpdate()>
C:\Users\dheer\OneDrive\Documents\Arduino\DE-FIRMWARE-REFINED/DE-FIRMWARE-REFINED.ino:213
  wdt_reset();
    1252:	a8 95       	wdr
C:\Users\dheer\OneDrive\Documents\Arduino\DE-FIRMWARE-REFINED/DE-FIRMWARE-REFINED.ino:219
#ifdef DEBUG_MODE       //define the macro to use debug mode
  tdc7200configRead();  //uncomment to print reg config of tdc7200
  tdc1000configRead();  //uncomment to print reg config of tdc1000
#endif

  wdt_reset();
    1254:	a8 95       	wdr
C:\Users\dheer\OneDrive\Documents\Arduino\DE-FIRMWARE-REFINED/DE-FIRMWARE-REFINED.ino:223

  /*~~~~~~~~~~~~ULTRA-SONIC-READINGS~~~~~~~~~~~~~*/
  /*~~~~~~~~~~~~~~~~~~~~~~~~~~~~~~~~~~~~~~~~~~~~~*/
  for (uint8_t i = 0; i <= dataSize; i++) {
    1256:	10 e0       	ldi	r17, 0x00	; 0
C:\Users\dheer\OneDrive\Documents\Arduino\DE-FIRMWARE-REFINED/DE-FIRMWARE-REFINED.ino:223 (discriminator 3)
    1258:	80 91 6a 00 	lds	r24, 0x006A	; 0x80006a <dataSize>
    125c:	81 17       	cp	r24, r17
    125e:	60 f1       	brcs	.+88     	; 0x12b8 <loop+0x9c>
C:\Users\dheer\OneDrive\Documents\Arduino\DE-FIRMWARE-REFINED/DE-FIRMWARE-REFINED.ino:224 (discriminator 2)
    data[i] = round(calculateHeight());
    1260:	0e 94 cc 02 	call	0x598	; 0x598 <calculateHeight()>
    1264:	6b 01       	movw	r12, r22
    1266:	7c 01       	movw	r14, r24
_Z5roundIfElRKT_():
C:\Users\dheer\AppData\Local\Arduino15\packages\MightyCore\hardware\avr\2.2.1\cores\MCUdude_corefiles/Arduino.h:325 (discriminator 2)
		return (a < b) ? b : a;
	}

	template<class T>
	long round(const T& x) {
		return (long)(x >= 0 ? (x + 0.5) : (x - 0.5));
    1268:	20 e0       	ldi	r18, 0x00	; 0
    126a:	30 e0       	ldi	r19, 0x00	; 0
    126c:	a9 01       	movw	r20, r18
    126e:	0e 94 48 1e 	call	0x3c90	; 0x3c90 <__gesf2>
    1272:	20 e0       	ldi	r18, 0x00	; 0
    1274:	30 e0       	ldi	r19, 0x00	; 0
    1276:	40 e0       	ldi	r20, 0x00	; 0
    1278:	5f e3       	ldi	r21, 0x3F	; 63
    127a:	87 fd       	sbrc	r24, 7
    127c:	18 c0       	rjmp	.+48     	; 0x12ae <loop+0x92>
C:\Users\dheer\AppData\Local\Arduino15\packages\MightyCore\hardware\avr\2.2.1\cores\MCUdude_corefiles/Arduino.h:325
    127e:	c7 01       	movw	r24, r14
    1280:	b6 01       	movw	r22, r12
    1282:	0e 94 e4 1b 	call	0x37c8	; 0x37c8 <__addsf3>
    1286:	0e 94 39 1d 	call	0x3a72	; 0x3a72 <__fixsfsi>
loop():
C:\Users\dheer\OneDrive\Documents\Arduino\DE-FIRMWARE-REFINED/DE-FIRMWARE-REFINED.ino:224
    128a:	44 e0       	ldi	r20, 0x04	; 4
    128c:	14 9f       	mul	r17, r20
    128e:	90 01       	movw	r18, r0
    1290:	11 24       	eor	r1, r1
    1292:	d9 01       	movw	r26, r18
    1294:	ad 50       	subi	r26, 0x0D	; 13
    1296:	be 4f       	sbci	r27, 0xFE	; 254
    1298:	7d 01       	movw	r14, r26
    129a:	0e 94 71 1d 	call	0x3ae2	; 0x3ae2 <__floatsisf>
    129e:	f7 01       	movw	r30, r14
    12a0:	60 83       	st	Z, r22
    12a2:	71 83       	std	Z+1, r23	; 0x01
    12a4:	82 83       	std	Z+2, r24	; 0x02
    12a6:	93 83       	std	Z+3, r25	; 0x03
C:\Users\dheer\OneDrive\Documents\Arduino\DE-FIRMWARE-REFINED/DE-FIRMWARE-REFINED.ino:225
    wdt_reset();
    12a8:	a8 95       	wdr
C:\Users\dheer\OneDrive\Documents\Arduino\DE-FIRMWARE-REFINED/DE-FIRMWARE-REFINED.ino:223

  wdt_reset();

  /*~~~~~~~~~~~~ULTRA-SONIC-READINGS~~~~~~~~~~~~~*/
  /*~~~~~~~~~~~~~~~~~~~~~~~~~~~~~~~~~~~~~~~~~~~~~*/
  for (uint8_t i = 0; i <= dataSize; i++) {
    12aa:	1f 5f       	subi	r17, 0xFF	; 255
    12ac:	d5 cf       	rjmp	.-86     	; 0x1258 <loop+0x3c>
_Z5roundIfElRKT_():
C:\Users\dheer\AppData\Local\Arduino15\packages\MightyCore\hardware\avr\2.2.1\cores\MCUdude_corefiles/Arduino.h:325
    12ae:	c7 01       	movw	r24, r14
    12b0:	b6 01       	movw	r22, r12
    12b2:	0e 94 e3 1b 	call	0x37c6	; 0x37c6 <__subsf3>
    12b6:	e7 cf       	rjmp	.-50     	; 0x1286 <loop+0x6a>
loop():
C:\Users\dheer\OneDrive\Documents\Arduino\DE-FIRMWARE-REFINED/DE-FIRMWARE-REFINED.ino:227
    data[i] = round(calculateHeight());
    wdt_reset();
  }
  wdt_reset();
    12b8:	a8 95       	wdr
C:\Users\dheer\OneDrive\Documents\Arduino\DE-FIRMWARE-REFINED/DE-FIRMWARE-REFINED.ino:228
  float val = calculateFilteredValue(data, dataSize, 2);
    12ba:	20 e0       	ldi	r18, 0x00	; 0
    12bc:	30 e0       	ldi	r19, 0x00	; 0
    12be:	40 e0       	ldi	r20, 0x00	; 0
    12c0:	50 e4       	ldi	r21, 0x40	; 64
    12c2:	60 91 6a 00 	lds	r22, 0x006A	; 0x80006a <dataSize>
    12c6:	83 ef       	ldi	r24, 0xF3	; 243
    12c8:	91 e0       	ldi	r25, 0x01	; 1
    12ca:	0e 94 fb 01 	call	0x3f6	; 0x3f6 <calculateFilteredValue(float*, unsigned char, float)>
    12ce:	6b 01       	movw	r12, r22
    12d0:	7c 01       	movw	r14, r24
C:\Users\dheer\OneDrive\Documents\Arduino\DE-FIRMWARE-REFINED/DE-FIRMWARE-REFINED.ino:230

  wdt_reset();
    12d2:	a8 95       	wdr
C:\Users\dheer\OneDrive\Documents\Arduino\DE-FIRMWARE-REFINED/DE-FIRMWARE-REFINED.ino:232

  if (val > 65) {
    12d4:	20 e0       	ldi	r18, 0x00	; 0
    12d6:	30 e0       	ldi	r19, 0x00	; 0
    12d8:	42 e8       	ldi	r20, 0x82	; 130
    12da:	52 e4       	ldi	r21, 0x42	; 66
    12dc:	0e 94 48 1e 	call	0x3c90	; 0x3c90 <__gesf2>
    12e0:	18 16       	cp	r1, r24
    12e2:	9c f5       	brge	.+102    	; 0x134a <loop+0x12e>
C:\Users\dheer\OneDrive\Documents\Arduino\DE-FIRMWARE-REFINED/DE-FIRMWARE-REFINED.ino:233
    filteredValue = val;
    12e4:	c0 92 df 01 	sts	0x01DF, r12	; 0x8001df <filteredValue>
    12e8:	d0 92 e0 01 	sts	0x01E0, r13	; 0x8001e0 <filteredValue+0x1>
    12ec:	e0 92 e1 01 	sts	0x01E1, r14	; 0x8001e1 <filteredValue+0x2>
    12f0:	f0 92 e2 01 	sts	0x01E2, r15	; 0x8001e2 <filteredValue+0x3>
C:\Users\dheer\OneDrive\Documents\Arduino\DE-FIRMWARE-REFINED/DE-FIRMWARE-REFINED.ino:234
    mySerial.print(F("filtered value:"));
    12f4:	6d ef       	ldi	r22, 0xFD	; 253
    12f6:	71 e0       	ldi	r23, 0x01	; 1
    12f8:	88 e9       	ldi	r24, 0x98	; 152
    12fa:	93 e0       	ldi	r25, 0x03	; 3
    12fc:	0e 94 90 16 	call	0x2d20	; 0x2d20 <Print::print(__FlashStringHelper const*)>
C:\Users\dheer\OneDrive\Documents\Arduino\DE-FIRMWARE-REFINED/DE-FIRMWARE-REFINED.ino:235
    mySerial.println(String(filteredValue));
    1300:	40 91 df 01 	lds	r20, 0x01DF	; 0x8001df <filteredValue>
    1304:	50 91 e0 01 	lds	r21, 0x01E0	; 0x8001e0 <filteredValue+0x1>
    1308:	60 91 e1 01 	lds	r22, 0x01E1	; 0x8001e1 <filteredValue+0x2>
    130c:	70 91 e2 01 	lds	r23, 0x01E2	; 0x8001e2 <filteredValue+0x3>
    1310:	22 e0       	ldi	r18, 0x02	; 2
    1312:	ce 01       	movw	r24, r28
    1314:	01 96       	adiw	r24, 0x01	; 1
    1316:	0e 94 c5 18 	call	0x318a	; 0x318a <String::String(float, unsigned char)>
    131a:	be 01       	movw	r22, r28
    131c:	6f 5f       	subi	r22, 0xFF	; 255
    131e:	7f 4f       	sbci	r23, 0xFF	; 255
    1320:	88 e9       	ldi	r24, 0x98	; 152
    1322:	93 e0       	ldi	r25, 0x03	; 3
    1324:	0e 94 e0 16 	call	0x2dc0	; 0x2dc0 <Print::println(String const&)>
    1328:	ce 01       	movw	r24, r28
    132a:	01 96       	adiw	r24, 0x01	; 1
    132c:	0e 94 a4 17 	call	0x2f48	; 0x2f48 <String::~String()>
C:\Users\dheer\OneDrive\Documents\Arduino\DE-FIRMWARE-REFINED/DE-FIRMWARE-REFINED.ino:236
    switch (step) {
    1330:	10 91 be 01 	lds	r17, 0x01BE	; 0x8001be <step>
    1334:	12 30       	cpi	r17, 0x02	; 2
    1336:	09 f4       	brne	.+2      	; 0x133a <loop+0x11e>
    1338:	c0 c1       	rjmp	.+896    	; 0x16ba <loop+0x49e>
    133a:	08 f0       	brcs	.+2      	; 0x133e <loop+0x122>
    133c:	16 c1       	rjmp	.+556    	; 0x156a <loop+0x34e>
    133e:	11 23       	and	r17, r17
    1340:	09 f4       	brne	.+2      	; 0x1344 <loop+0x128>
    1342:	6b c1       	rjmp	.+726    	; 0x161a <loop+0x3fe>
    1344:	11 30       	cpi	r17, 0x01	; 1
    1346:	09 f4       	brne	.+2      	; 0x134a <loop+0x12e>
    1348:	7a c1       	rjmp	.+756    	; 0x163e <loop+0x422>
C:\Users\dheer\OneDrive\Documents\Arduino\DE-FIRMWARE-REFINED/DE-FIRMWARE-REFINED.ino:350
          step = 0;
        }
    }
  }

  wdt_reset();
    134a:	a8 95       	wdr
C:\Users\dheer\OneDrive\Documents\Arduino\DE-FIRMWARE-REFINED/DE-FIRMWARE-REFINED.ino:352

  fuellvl = lastval[0] * 10;
    134c:	20 e0       	ldi	r18, 0x00	; 0
    134e:	30 e0       	ldi	r19, 0x00	; 0
    1350:	40 e2       	ldi	r20, 0x20	; 32
    1352:	51 e4       	ldi	r21, 0x41	; 65
    1354:	60 91 e3 01 	lds	r22, 0x01E3	; 0x8001e3 <lastval>
    1358:	70 91 e4 01 	lds	r23, 0x01E4	; 0x8001e4 <lastval+0x1>
    135c:	80 91 e5 01 	lds	r24, 0x01E5	; 0x8001e5 <lastval+0x2>
    1360:	90 91 e6 01 	lds	r25, 0x01E6	; 0x8001e6 <lastval+0x3>
    1364:	0e 94 55 1e 	call	0x3caa	; 0x3caa <__mulsf3>
    1368:	60 93 d7 01 	sts	0x01D7, r22	; 0x8001d7 <fuellvl>
    136c:	70 93 d8 01 	sts	0x01D8, r23	; 0x8001d8 <fuellvl+0x1>
    1370:	80 93 d9 01 	sts	0x01D9, r24	; 0x8001d9 <fuellvl+0x2>
    1374:	90 93 da 01 	sts	0x01DA, r25	; 0x8001da <fuellvl+0x3>
C:\Users\dheer\OneDrive\Documents\Arduino\DE-FIRMWARE-REFINED/DE-FIRMWARE-REFINED.ino:353
  instantfuellvl = filteredValue * 10;
    1378:	20 e0       	ldi	r18, 0x00	; 0
    137a:	30 e0       	ldi	r19, 0x00	; 0
    137c:	40 e2       	ldi	r20, 0x20	; 32
    137e:	51 e4       	ldi	r21, 0x41	; 65
    1380:	60 91 df 01 	lds	r22, 0x01DF	; 0x8001df <filteredValue>
    1384:	70 91 e0 01 	lds	r23, 0x01E0	; 0x8001e0 <filteredValue+0x1>
    1388:	80 91 e1 01 	lds	r24, 0x01E1	; 0x8001e1 <filteredValue+0x2>
    138c:	90 91 e2 01 	lds	r25, 0x01E2	; 0x8001e2 <filteredValue+0x3>
    1390:	0e 94 55 1e 	call	0x3caa	; 0x3caa <__mulsf3>
    1394:	60 93 db 01 	sts	0x01DB, r22	; 0x8001db <instantfuellvl>
    1398:	70 93 dc 01 	sts	0x01DC, r23	; 0x8001dc <instantfuellvl+0x1>
    139c:	80 93 dd 01 	sts	0x01DD, r24	; 0x8001dd <instantfuellvl+0x2>
    13a0:	90 93 de 01 	sts	0x01DE, r25	; 0x8001de <instantfuellvl+0x3>
C:\Users\dheer\OneDrive\Documents\Arduino\DE-FIRMWARE-REFINED/DE-FIRMWARE-REFINED.ino:354
  currentMillis = millis();  // store the current time
    13a4:	0e 94 d4 19 	call	0x33a8	; 0x33a8 <millis>
    13a8:	60 93 b0 01 	sts	0x01B0, r22	; 0x8001b0 <currentMillis>
    13ac:	70 93 b1 01 	sts	0x01B1, r23	; 0x8001b1 <currentMillis+0x1>
    13b0:	80 93 b2 01 	sts	0x01B2, r24	; 0x8001b2 <currentMillis+0x2>
    13b4:	90 93 b3 01 	sts	0x01B3, r25	; 0x8001b3 <currentMillis+0x3>
C:\Users\dheer\OneDrive\Documents\Arduino\DE-FIRMWARE-REFINED/DE-FIRMWARE-REFINED.ino:355
  wdt_reset();
    13b8:	a8 95       	wdr
C:\Users\dheer\OneDrive\Documents\Arduino\DE-FIRMWARE-REFINED/DE-FIRMWARE-REFINED.ino:356
  if (currentMillis - previousMillis >= period) {  // check if 10000ms passed
    13ba:	80 91 b0 01 	lds	r24, 0x01B0	; 0x8001b0 <currentMillis>
    13be:	90 91 b1 01 	lds	r25, 0x01B1	; 0x8001b1 <currentMillis+0x1>
    13c2:	a0 91 b2 01 	lds	r26, 0x01B2	; 0x8001b2 <currentMillis+0x2>
    13c6:	b0 91 b3 01 	lds	r27, 0x01B3	; 0x8001b3 <currentMillis+0x3>
    13ca:	40 91 b4 01 	lds	r20, 0x01B4	; 0x8001b4 <previousMillis>
    13ce:	50 91 b5 01 	lds	r21, 0x01B5	; 0x8001b5 <previousMillis+0x1>
    13d2:	60 91 b6 01 	lds	r22, 0x01B6	; 0x8001b6 <previousMillis+0x2>
    13d6:	70 91 b7 01 	lds	r23, 0x01B7	; 0x8001b7 <previousMillis+0x3>
    13da:	84 1b       	sub	r24, r20
    13dc:	95 0b       	sbc	r25, r21
    13de:	a6 0b       	sbc	r26, r22
    13e0:	b7 0b       	sbc	r27, r23
    13e2:	80 3d       	cpi	r24, 0xD0	; 208
    13e4:	97 40       	sbci	r25, 0x07	; 7
    13e6:	a1 05       	cpc	r26, r1
    13e8:	b1 05       	cpc	r27, r1
    13ea:	08 f4       	brcc	.+2      	; 0x13ee <loop+0x1d2>
    13ec:	9b c0       	rjmp	.+310    	; 0x1524 <loop+0x308>
C:\Users\dheer\OneDrive\Documents\Arduino\DE-FIRMWARE-REFINED/DE-FIRMWARE-REFINED.ino:357
    wdt_reset();
    13ee:	a8 95       	wdr
C:\Users\dheer\OneDrive\Documents\Arduino\DE-FIRMWARE-REFINED/DE-FIRMWARE-REFINED.ino:358
    previousMillis = currentMillis;
    13f0:	80 91 b0 01 	lds	r24, 0x01B0	; 0x8001b0 <currentMillis>
    13f4:	90 91 b1 01 	lds	r25, 0x01B1	; 0x8001b1 <currentMillis+0x1>
    13f8:	a0 91 b2 01 	lds	r26, 0x01B2	; 0x8001b2 <currentMillis+0x2>
    13fc:	b0 91 b3 01 	lds	r27, 0x01B3	; 0x8001b3 <currentMillis+0x3>
    1400:	80 93 b4 01 	sts	0x01B4, r24	; 0x8001b4 <previousMillis>
    1404:	90 93 b5 01 	sts	0x01B5, r25	; 0x8001b5 <previousMillis+0x1>
    1408:	a0 93 b6 01 	sts	0x01B6, r26	; 0x8001b6 <previousMillis+0x2>
    140c:	b0 93 b7 01 	sts	0x01B7, r27	; 0x8001b7 <previousMillis+0x3>
C:\Users\dheer\OneDrive\Documents\Arduino\DE-FIRMWARE-REFINED/DE-FIRMWARE-REFINED.ino:359
    mySerial.println("sensor val:" + String(fuellvl) + "mm");
    1410:	40 91 d7 01 	lds	r20, 0x01D7	; 0x8001d7 <fuellvl>
    1414:	50 91 d8 01 	lds	r21, 0x01D8	; 0x8001d8 <fuellvl+0x1>
    1418:	60 91 d9 01 	lds	r22, 0x01D9	; 0x8001d9 <fuellvl+0x2>
    141c:	70 91 da 01 	lds	r23, 0x01DA	; 0x8001da <fuellvl+0x3>
    1420:	22 e0       	ldi	r18, 0x02	; 2
    1422:	ce 01       	movw	r24, r28
    1424:	07 96       	adiw	r24, 0x07	; 7
    1426:	0e 94 c5 18 	call	0x318a	; 0x318a <String::String(float, unsigned char)>
_ZN15StringSumHelperC4EPKc():
C:\Users\dheer\AppData\Local\Arduino15\packages\MightyCore\hardware\avr\2.2.1\cores\MCUdude_corefiles/WString.h:217

class StringSumHelper : public String
{
public:
  StringSumHelper(const String &s) : String(s) {}
  StringSumHelper(const char *p) : String(p) {}
    142a:	66 ed       	ldi	r22, 0xD6	; 214
    142c:	70 e0       	ldi	r23, 0x00	; 0
    142e:	ce 01       	movw	r24, r28
    1430:	01 96       	adiw	r24, 0x01	; 1
    1432:	0e 94 16 18 	call	0x302c	; 0x302c <String::String(char const*)>
loop():
C:\Users\dheer\OneDrive\Documents\Arduino\DE-FIRMWARE-REFINED/DE-FIRMWARE-REFINED.ino:359
    1436:	be 01       	movw	r22, r28
    1438:	69 5f       	subi	r22, 0xF9	; 249
    143a:	7f 4f       	sbci	r23, 0xFF	; 255
    143c:	ce 01       	movw	r24, r28
    143e:	01 96       	adiw	r24, 0x01	; 1
    1440:	0e 94 34 19 	call	0x3268	; 0x3268 <operator+(StringSumHelper const&, String const&)>
    1444:	63 e7       	ldi	r22, 0x73	; 115
    1446:	70 e0       	ldi	r23, 0x00	; 0
    1448:	0e 94 47 19 	call	0x328e	; 0x328e <operator+(StringSumHelper const&, char const*)>
    144c:	bc 01       	movw	r22, r24
    144e:	88 e9       	ldi	r24, 0x98	; 152
    1450:	93 e0       	ldi	r25, 0x03	; 3
    1452:	0e 94 e0 16 	call	0x2dc0	; 0x2dc0 <Print::println(String const&)>
_ZN15StringSumHelperD4Ev():
C:\Users\dheer\AppData\Local\Arduino15\packages\MightyCore\hardware\avr\2.2.1\cores\MCUdude_corefiles/WString.h:213
       #if __cplusplus >= 201103L || defined(__GXX_EXPERIMENTAL_CXX0X__)
  void move(String &rhs);
  #endif
};

class StringSumHelper : public String
    1456:	ce 01       	movw	r24, r28
    1458:	01 96       	adiw	r24, 0x01	; 1
    145a:	0e 94 a4 17 	call	0x2f48	; 0x2f48 <String::~String()>
loop():
C:\Users\dheer\OneDrive\Documents\Arduino\DE-FIRMWARE-REFINED/DE-FIRMWARE-REFINED.ino:359
    145e:	ce 01       	movw	r24, r28
    1460:	07 96       	adiw	r24, 0x07	; 7
    1462:	0e 94 a4 17 	call	0x2f48	; 0x2f48 <String::~String()>
C:\Users\dheer\OneDrive\Documents\Arduino\DE-FIRMWARE-REFINED/DE-FIRMWARE-REFINED.ino:360
    mySerial.println("before fn cll");
    1466:	62 ee       	ldi	r22, 0xE2	; 226
    1468:	70 e0       	ldi	r23, 0x00	; 0
    146a:	88 e9       	ldi	r24, 0x98	; 152
    146c:	93 e0       	ldi	r25, 0x03	; 3
    146e:	0e 94 f2 16 	call	0x2de4	; 0x2de4 <Print::println(char const*)>
C:\Users\dheer\OneDrive\Documents\Arduino\DE-FIRMWARE-REFINED/DE-FIRMWARE-REFINED.ino:361
    sensorPacket(instantfuellvl, fuellvl, x, y, z, 0, 0, 0, 31);
    1472:	60 91 cb 01 	lds	r22, 0x01CB	; 0x8001cb <z>
    1476:	70 91 cc 01 	lds	r23, 0x01CC	; 0x8001cc <z+0x1>
    147a:	80 91 cd 01 	lds	r24, 0x01CD	; 0x8001cd <z+0x2>
    147e:	90 91 ce 01 	lds	r25, 0x01CE	; 0x8001ce <z+0x3>
    1482:	0e 94 39 1d 	call	0x3a72	; 0x3a72 <__fixsfsi>
    1486:	6d 87       	std	Y+13, r22	; 0x0d
    1488:	7e 87       	std	Y+14, r23	; 0x0e
    148a:	8f 87       	std	Y+15, r24	; 0x0f
    148c:	98 8b       	std	Y+16, r25	; 0x10
    148e:	60 91 cf 01 	lds	r22, 0x01CF	; 0x8001cf <y>
    1492:	70 91 d0 01 	lds	r23, 0x01D0	; 0x8001d0 <y+0x1>
    1496:	80 91 d1 01 	lds	r24, 0x01D1	; 0x8001d1 <y+0x2>
    149a:	90 91 d2 01 	lds	r25, 0x01D2	; 0x8001d2 <y+0x3>
    149e:	0e 94 39 1d 	call	0x3a72	; 0x3a72 <__fixsfsi>
    14a2:	69 8b       	std	Y+17, r22	; 0x11
    14a4:	7a 8b       	std	Y+18, r23	; 0x12
    14a6:	8b 8b       	std	Y+19, r24	; 0x13
    14a8:	9c 8b       	std	Y+20, r25	; 0x14
    14aa:	60 91 d3 01 	lds	r22, 0x01D3	; 0x8001d3 <x>
    14ae:	70 91 d4 01 	lds	r23, 0x01D4	; 0x8001d4 <x+0x1>
    14b2:	80 91 d5 01 	lds	r24, 0x01D5	; 0x8001d5 <x+0x2>
    14b6:	90 91 d6 01 	lds	r25, 0x01D6	; 0x8001d6 <x+0x3>
    14ba:	0e 94 39 1d 	call	0x3a72	; 0x3a72 <__fixsfsi>
    14be:	6d 8b       	std	Y+21, r22	; 0x15
    14c0:	7e 8b       	std	Y+22, r23	; 0x16
    14c2:	8f 8b       	std	Y+23, r24	; 0x17
    14c4:	98 8f       	std	Y+24, r25	; 0x18
    14c6:	60 91 d7 01 	lds	r22, 0x01D7	; 0x8001d7 <fuellvl>
    14ca:	70 91 d8 01 	lds	r23, 0x01D8	; 0x8001d8 <fuellvl+0x1>
    14ce:	80 91 d9 01 	lds	r24, 0x01D9	; 0x8001d9 <fuellvl+0x2>
    14d2:	90 91 da 01 	lds	r25, 0x01DA	; 0x8001da <fuellvl+0x3>
    14d6:	0e 94 40 1d 	call	0x3a80	; 0x3a80 <__fixunssfsi>
    14da:	2b 01       	movw	r4, r22
    14dc:	60 91 db 01 	lds	r22, 0x01DB	; 0x8001db <instantfuellvl>
    14e0:	70 91 dc 01 	lds	r23, 0x01DC	; 0x8001dc <instantfuellvl+0x1>
    14e4:	80 91 dd 01 	lds	r24, 0x01DD	; 0x8001dd <instantfuellvl+0x2>
    14e8:	90 91 de 01 	lds	r25, 0x01DE	; 0x8001de <instantfuellvl+0x3>
    14ec:	0e 94 40 1d 	call	0x3a80	; 0x3a80 <__fixunssfsi>
    14f0:	cb 01       	movw	r24, r22
    14f2:	2f e1       	ldi	r18, 0x1F	; 31
    14f4:	82 2e       	mov	r8, r18
    14f6:	91 2c       	mov	r9, r1
    14f8:	b1 2c       	mov	r11, r1
    14fa:	a1 2c       	mov	r10, r1
    14fc:	d1 2c       	mov	r13, r1
    14fe:	c1 2c       	mov	r12, r1
    1500:	f1 2c       	mov	r15, r1
    1502:	e1 2c       	mov	r14, r1
    1504:	0d 85       	ldd	r16, Y+13	; 0x0d
    1506:	1e 85       	ldd	r17, Y+14	; 0x0e
    1508:	29 89       	ldd	r18, Y+17	; 0x11
    150a:	3a 89       	ldd	r19, Y+18	; 0x12
    150c:	4d 89       	ldd	r20, Y+21	; 0x15
    150e:	5e 89       	ldd	r21, Y+22	; 0x16
    1510:	b2 01       	movw	r22, r4
    1512:	0e 94 7c 08 	call	0x10f8	; 0x10f8 <sensorPacket(unsigned int, unsigned int, int, int, int, int, int, int, int)>
C:\Users\dheer\OneDrive\Documents\Arduino\DE-FIRMWARE-REFINED/DE-FIRMWARE-REFINED.ino:362
    mySerial.println("aftr fn cll");
    1516:	60 ef       	ldi	r22, 0xF0	; 240
    1518:	70 e0       	ldi	r23, 0x00	; 0
    151a:	88 e9       	ldi	r24, 0x98	; 152
    151c:	93 e0       	ldi	r25, 0x03	; 3
    151e:	0e 94 f2 16 	call	0x2de4	; 0x2de4 <Print::println(char const*)>
C:\Users\dheer\OneDrive\Documents\Arduino\DE-FIRMWARE-REFINED/DE-FIRMWARE-REFINED.ino:363
    wdt_reset();
    1522:	a8 95       	wdr
C:\Users\dheer\OneDrive\Documents\Arduino\DE-FIRMWARE-REFINED/DE-FIRMWARE-REFINED.ino:369
  }

  // for (uint8_t i = 0; i < dataSize; i++) {/*use memset instead*/
  //   data[i] = 0.0;
  // }
  wdt_reset();
    1524:	a8 95       	wdr
C:\Users\dheer\OneDrive\Documents\Arduino\DE-FIRMWARE-REFINED/DE-FIRMWARE-REFINED.ino:370
  memset(data, 0, sizeof(data));
    1526:	e3 ef       	ldi	r30, 0xF3	; 243
    1528:	f1 e0       	ldi	r31, 0x01	; 1
    152a:	80 e9       	ldi	r24, 0x90	; 144
    152c:	91 e0       	ldi	r25, 0x01	; 1
    152e:	df 01       	movw	r26, r30
    1530:	9c 01       	movw	r18, r24
    1532:	1d 92       	st	X+, r1
    1534:	21 50       	subi	r18, 0x01	; 1
    1536:	30 40       	sbci	r19, 0x00	; 0
    1538:	e1 f7       	brne	.-8      	; 0x1532 <loop+0x316>
C:\Users\dheer\OneDrive\Documents\Arduino\DE-FIRMWARE-REFINED/DE-FIRMWARE-REFINED.ino:371
  wdt_reset();
    153a:	a8 95       	wdr
C:\Users\dheer\OneDrive\Documents\Arduino\DE-FIRMWARE-REFINED/DE-FIRMWARE-REFINED.ino:375

  //mySerial.println("height:" + String(lastval[0]));
  // mySerial.println("step:" + String(step));
}
    153c:	68 96       	adiw	r28, 0x18	; 24
    153e:	0f b6       	in	r0, 0x3f	; 63
    1540:	f8 94       	cli
    1542:	de bf       	out	0x3e, r29	; 62
    1544:	0f be       	out	0x3f, r0	; 63
    1546:	cd bf       	out	0x3d, r28	; 61
    1548:	df 91       	pop	r29
    154a:	cf 91       	pop	r28
    154c:	1f 91       	pop	r17
    154e:	0f 91       	pop	r16
    1550:	ff 90       	pop	r15
    1552:	ef 90       	pop	r14
    1554:	df 90       	pop	r13
    1556:	cf 90       	pop	r12
    1558:	bf 90       	pop	r11
    155a:	af 90       	pop	r10
    155c:	9f 90       	pop	r9
    155e:	8f 90       	pop	r8
    1560:	7f 90       	pop	r7
    1562:	6f 90       	pop	r6
    1564:	5f 90       	pop	r5
    1566:	4f 90       	pop	r4
    1568:	08 95       	ret
C:\Users\dheer\OneDrive\Documents\Arduino\DE-FIRMWARE-REFINED/DE-FIRMWARE-REFINED.ino:236

  if (val > 65) {
    filteredValue = val;
    mySerial.print(F("filtered value:"));
    mySerial.println(String(filteredValue));
    switch (step) {
    156a:	13 30       	cpi	r17, 0x03	; 3
    156c:	09 f4       	brne	.+2      	; 0x1570 <loop+0x354>
    156e:	18 c1       	rjmp	.+560    	; 0x17a0 <loop+0x584>
    1570:	14 30       	cpi	r17, 0x04	; 4
    1572:	09 f0       	breq	.+2      	; 0x1576 <loop+0x35a>
    1574:	ea ce       	rjmp	.-556    	; 0x134a <loop+0x12e>
C:\Users\dheer\OneDrive\Documents\Arduino\DE-FIRMWARE-REFINED/DE-FIRMWARE-REFINED.ino:307
          }
        }
        break;

      case 4:
        wdt_reset();
    1576:	a8 95       	wdr
C:\Users\dheer\OneDrive\Documents\Arduino\DE-FIRMWARE-REFINED/DE-FIRMWARE-REFINED.ino:308
        if (filteredValue >= lastval[0] - 2 && filteredValue <= lastval[0] + 2) {  //Step 3: Set counter to zero and delete lastval[1] and lastval[2]
    1578:	c0 90 e3 01 	lds	r12, 0x01E3	; 0x8001e3 <lastval>
    157c:	d0 90 e4 01 	lds	r13, 0x01E4	; 0x8001e4 <lastval+0x1>
    1580:	e0 90 e5 01 	lds	r14, 0x01E5	; 0x8001e5 <lastval+0x2>
    1584:	f0 90 e6 01 	lds	r15, 0x01E6	; 0x8001e6 <lastval+0x3>
    1588:	40 90 df 01 	lds	r4, 0x01DF	; 0x8001df <filteredValue>
    158c:	50 90 e0 01 	lds	r5, 0x01E0	; 0x8001e0 <filteredValue+0x1>
    1590:	60 90 e1 01 	lds	r6, 0x01E1	; 0x8001e1 <filteredValue+0x2>
    1594:	70 90 e2 01 	lds	r7, 0x01E2	; 0x8001e2 <filteredValue+0x3>
    1598:	20 e0       	ldi	r18, 0x00	; 0
    159a:	30 e0       	ldi	r19, 0x00	; 0
    159c:	40 e0       	ldi	r20, 0x00	; 0
    159e:	50 e4       	ldi	r21, 0x40	; 64
    15a0:	c7 01       	movw	r24, r14
    15a2:	b6 01       	movw	r22, r12
    15a4:	0e 94 e3 1b 	call	0x37c6	; 0x37c6 <__subsf3>
    15a8:	a3 01       	movw	r20, r6
    15aa:	92 01       	movw	r18, r4
    15ac:	0e 94 c2 1c 	call	0x3984	; 0x3984 <__cmpsf2>
    15b0:	18 16       	cp	r1, r24
    15b2:	0c f4       	brge	.+2      	; 0x15b6 <loop+0x39a>
    15b4:	b2 c1       	rjmp	.+868    	; 0x191a <loop+0x6fe>
C:\Users\dheer\OneDrive\Documents\Arduino\DE-FIRMWARE-REFINED/DE-FIRMWARE-REFINED.ino:308 (discriminator 1)
    15b6:	20 e0       	ldi	r18, 0x00	; 0
    15b8:	30 e0       	ldi	r19, 0x00	; 0
    15ba:	40 e0       	ldi	r20, 0x00	; 0
    15bc:	50 e4       	ldi	r21, 0x40	; 64
    15be:	c7 01       	movw	r24, r14
    15c0:	b6 01       	movw	r22, r12
    15c2:	0e 94 e4 1b 	call	0x37c8	; 0x37c8 <__addsf3>
    15c6:	9b 01       	movw	r18, r22
    15c8:	ac 01       	movw	r20, r24
    15ca:	c3 01       	movw	r24, r6
    15cc:	b2 01       	movw	r22, r4
    15ce:	0e 94 c2 1c 	call	0x3984	; 0x3984 <__cmpsf2>
    15d2:	18 16       	cp	r1, r24
    15d4:	0c f4       	brge	.+2      	; 0x15d8 <loop+0x3bc>
    15d6:	a1 c1       	rjmp	.+834    	; 0x191a <loop+0x6fe>
C:\Users\dheer\OneDrive\Documents\Arduino\DE-FIRMWARE-REFINED/DE-FIRMWARE-REFINED.ino:310

          lastval[1] = 0;
    15d8:	10 92 e7 01 	sts	0x01E7, r1	; 0x8001e7 <lastval+0x4>
    15dc:	10 92 e8 01 	sts	0x01E8, r1	; 0x8001e8 <lastval+0x5>
    15e0:	10 92 e9 01 	sts	0x01E9, r1	; 0x8001e9 <lastval+0x6>
    15e4:	10 92 ea 01 	sts	0x01EA, r1	; 0x8001ea <lastval+0x7>
C:\Users\dheer\OneDrive\Documents\Arduino\DE-FIRMWARE-REFINED/DE-FIRMWARE-REFINED.ino:311
          lastval[2] = 0;
    15e8:	10 92 eb 01 	sts	0x01EB, r1	; 0x8001eb <lastval+0x8>
    15ec:	10 92 ec 01 	sts	0x01EC, r1	; 0x8001ec <lastval+0x9>
    15f0:	10 92 ed 01 	sts	0x01ED, r1	; 0x8001ed <lastval+0xa>
    15f4:	10 92 ee 01 	sts	0x01EE, r1	; 0x8001ee <lastval+0xb>
C:\Users\dheer\OneDrive\Documents\Arduino\DE-FIRMWARE-REFINED/DE-FIRMWARE-REFINED.ino:313

          lastval[3] = 0;
    15f8:	10 92 ef 01 	sts	0x01EF, r1	; 0x8001ef <lastval+0xc>
    15fc:	10 92 f0 01 	sts	0x01F0, r1	; 0x8001f0 <lastval+0xd>
    1600:	10 92 f1 01 	sts	0x01F1, r1	; 0x8001f1 <lastval+0xe>
    1604:	10 92 f2 01 	sts	0x01F2, r1	; 0x8001f2 <lastval+0xf>
C:\Users\dheer\OneDrive\Documents\Arduino\DE-FIRMWARE-REFINED/DE-FIRMWARE-REFINED.ino:314
          lastval[4] = 0;
    1608:	10 92 f3 01 	sts	0x01F3, r1	; 0x8001f3 <data>
    160c:	10 92 f4 01 	sts	0x01F4, r1	; 0x8001f4 <data+0x1>
    1610:	10 92 f5 01 	sts	0x01F5, r1	; 0x8001f5 <data+0x2>
    1614:	10 92 f6 01 	sts	0x01F6, r1	; 0x8001f6 <data+0x3>
    1618:	10 c0       	rjmp	.+32     	; 0x163a <loop+0x41e>
C:\Users\dheer\OneDrive\Documents\Arduino\DE-FIRMWARE-REFINED/DE-FIRMWARE-REFINED.ino:240
    mySerial.println(String(filteredValue));
    switch (step) {
      wdt_reset();
      case 0: /*Step 0: Store the value in lastval[0]*/

        lastval[0] = filteredValue;
    161a:	80 91 df 01 	lds	r24, 0x01DF	; 0x8001df <filteredValue>
    161e:	90 91 e0 01 	lds	r25, 0x01E0	; 0x8001e0 <filteredValue+0x1>
    1622:	a0 91 e1 01 	lds	r26, 0x01E1	; 0x8001e1 <filteredValue+0x2>
    1626:	b0 91 e2 01 	lds	r27, 0x01E2	; 0x8001e2 <filteredValue+0x3>
    162a:	80 93 e3 01 	sts	0x01E3, r24	; 0x8001e3 <lastval>
    162e:	90 93 e4 01 	sts	0x01E4, r25	; 0x8001e4 <lastval+0x1>
    1632:	a0 93 e5 01 	sts	0x01E5, r26	; 0x8001e5 <lastval+0x2>
    1636:	b0 93 e6 01 	sts	0x01E6, r27	; 0x8001e6 <lastval+0x3>
C:\Users\dheer\OneDrive\Documents\Arduino\DE-FIRMWARE-REFINED/DE-FIRMWARE-REFINED.ino:325

          if (filteredValue >= lastval[1] - 2 && filteredValue <= lastval[1] + 2 && filteredValue >= lastval[2] - 2 && filteredValue <= lastval[2] + 2 && filteredValue >= lastval[3] - 2 && filteredValue <= lastval[3] + 2) {
            // Step 3: Calculate average and update lastval[0]
            wdt_reset();
            lastval[0] = (lastval[1] + lastval[2] + lastval[3] + filteredValue) / 4;
            step = 1;
    163a:	81 e0       	ldi	r24, 0x01	; 1
    163c:	3b c0       	rjmp	.+118    	; 0x16b4 <loop+0x498>
C:\Users\dheer\OneDrive\Documents\Arduino\DE-FIRMWARE-REFINED/DE-FIRMWARE-REFINED.ino:245
        lastval[0] = filteredValue;
        step = 1;
        break;
        wdt_reset();
      case 1: /*Step 1: Compare with lastval[0]*/
        wdt_reset();
    163e:	a8 95       	wdr
C:\Users\dheer\OneDrive\Documents\Arduino\DE-FIRMWARE-REFINED/DE-FIRMWARE-REFINED.ino:246
        if (filteredValue >= lastval[0] - 2 && filteredValue <= lastval[0] + 2) {  // Value is within the range of lastval[0], do nothing
    1640:	80 90 e3 01 	lds	r8, 0x01E3	; 0x8001e3 <lastval>
    1644:	90 90 e4 01 	lds	r9, 0x01E4	; 0x8001e4 <lastval+0x1>
    1648:	a0 90 e5 01 	lds	r10, 0x01E5	; 0x8001e5 <lastval+0x2>
    164c:	b0 90 e6 01 	lds	r11, 0x01E6	; 0x8001e6 <lastval+0x3>
    1650:	c0 90 df 01 	lds	r12, 0x01DF	; 0x8001df <filteredValue>
    1654:	d0 90 e0 01 	lds	r13, 0x01E0	; 0x8001e0 <filteredValue+0x1>
    1658:	e0 90 e1 01 	lds	r14, 0x01E1	; 0x8001e1 <filteredValue+0x2>
    165c:	f0 90 e2 01 	lds	r15, 0x01E2	; 0x8001e2 <filteredValue+0x3>
    1660:	20 e0       	ldi	r18, 0x00	; 0
    1662:	30 e0       	ldi	r19, 0x00	; 0
    1664:	40 e0       	ldi	r20, 0x00	; 0
    1666:	50 e4       	ldi	r21, 0x40	; 64
    1668:	c5 01       	movw	r24, r10
    166a:	b4 01       	movw	r22, r8
    166c:	0e 94 e3 1b 	call	0x37c6	; 0x37c6 <__subsf3>
    1670:	a7 01       	movw	r20, r14
    1672:	96 01       	movw	r18, r12
    1674:	0e 94 c2 1c 	call	0x3984	; 0x3984 <__cmpsf2>
    1678:	18 16       	cp	r1, r24
    167a:	9c f0       	brlt	.+38     	; 0x16a2 <loop+0x486>
C:\Users\dheer\OneDrive\Documents\Arduino\DE-FIRMWARE-REFINED/DE-FIRMWARE-REFINED.ino:246 (discriminator 1)
    167c:	20 e0       	ldi	r18, 0x00	; 0
    167e:	30 e0       	ldi	r19, 0x00	; 0
    1680:	40 e0       	ldi	r20, 0x00	; 0
    1682:	50 e4       	ldi	r21, 0x40	; 64
    1684:	c5 01       	movw	r24, r10
    1686:	b4 01       	movw	r22, r8
    1688:	0e 94 e4 1b 	call	0x37c8	; 0x37c8 <__addsf3>
    168c:	9b 01       	movw	r18, r22
    168e:	ac 01       	movw	r20, r24
    1690:	c7 01       	movw	r24, r14
    1692:	b6 01       	movw	r22, r12
    1694:	0e 94 c2 1c 	call	0x3984	; 0x3984 <__cmpsf2>
    1698:	18 16       	cp	r1, r24
    169a:	1c f0       	brlt	.+6      	; 0x16a2 <loop+0x486>
C:\Users\dheer\OneDrive\Documents\Arduino\DE-FIRMWARE-REFINED/DE-FIRMWARE-REFINED.ino:247
          step = 1;
    169c:	10 93 be 01 	sts	0x01BE, r17	; 0x8001be <step>
C:\Users\dheer\OneDrive\Documents\Arduino\DE-FIRMWARE-REFINED/DE-FIRMWARE-REFINED.ino:248
          break;
    16a0:	54 ce       	rjmp	.-856    	; 0x134a <loop+0x12e>
C:\Users\dheer\OneDrive\Documents\Arduino\DE-FIRMWARE-REFINED/DE-FIRMWARE-REFINED.ino:250
        } else {  // Step 1: Store the value in lastval[1] and increment counter
          lastval[1] = filteredValue;
    16a2:	c0 92 e7 01 	sts	0x01E7, r12	; 0x8001e7 <lastval+0x4>
    16a6:	d0 92 e8 01 	sts	0x01E8, r13	; 0x8001e8 <lastval+0x5>
    16aa:	e0 92 e9 01 	sts	0x01E9, r14	; 0x8001e9 <lastval+0x6>
    16ae:	f0 92 ea 01 	sts	0x01EA, r15	; 0x8001ea <lastval+0x7>
C:\Users\dheer\OneDrive\Documents\Arduino\DE-FIRMWARE-REFINED/DE-FIRMWARE-REFINED.ino:271
          step = 3;

        } else {  // Step 2: Replace the value in lastval[1] with a

          lastval[1] = filteredValue;
          step = 2;
    16b2:	82 e0       	ldi	r24, 0x02	; 2
C:\Users\dheer\OneDrive\Documents\Arduino\DE-FIRMWARE-REFINED/DE-FIRMWARE-REFINED.ino:335
            // Step 3: Replace lastval[1] with lastval[3] and lastval[2] with a
            wdt_reset();
            lastval[1] = lastval[4];
            lastval[2] = filteredValue;

            step = 3;
    16b4:	80 93 be 01 	sts	0x01BE, r24	; 0x8001be <step>
C:\Users\dheer\OneDrive\Documents\Arduino\DE-FIRMWARE-REFINED/DE-FIRMWARE-REFINED.ino:336
            break;
    16b8:	48 ce       	rjmp	.-880    	; 0x134a <loop+0x12e>
C:\Users\dheer\OneDrive\Documents\Arduino\DE-FIRMWARE-REFINED/DE-FIRMWARE-REFINED.ino:257
        }

        break;

      case 2: /*Step 2: Compare with lastval[0] and lastval[1]*/
        wdt_reset();
    16ba:	a8 95       	wdr
C:\Users\dheer\OneDrive\Documents\Arduino\DE-FIRMWARE-REFINED/DE-FIRMWARE-REFINED.ino:258
        if (filteredValue >= lastval[0] - 2 && filteredValue <= lastval[0] + 2) {  // Step 2: Decrement counter and delete lastval[1]
    16bc:	c0 90 e3 01 	lds	r12, 0x01E3	; 0x8001e3 <lastval>
    16c0:	d0 90 e4 01 	lds	r13, 0x01E4	; 0x8001e4 <lastval+0x1>
    16c4:	e0 90 e5 01 	lds	r14, 0x01E5	; 0x8001e5 <lastval+0x2>
    16c8:	f0 90 e6 01 	lds	r15, 0x01E6	; 0x8001e6 <lastval+0x3>
    16cc:	40 90 df 01 	lds	r4, 0x01DF	; 0x8001df <filteredValue>
    16d0:	50 90 e0 01 	lds	r5, 0x01E0	; 0x8001e0 <filteredValue+0x1>
    16d4:	60 90 e1 01 	lds	r6, 0x01E1	; 0x8001e1 <filteredValue+0x2>
    16d8:	70 90 e2 01 	lds	r7, 0x01E2	; 0x8001e2 <filteredValue+0x3>
    16dc:	20 e0       	ldi	r18, 0x00	; 0
    16de:	30 e0       	ldi	r19, 0x00	; 0
    16e0:	40 e0       	ldi	r20, 0x00	; 0
    16e2:	50 e4       	ldi	r21, 0x40	; 64
    16e4:	c7 01       	movw	r24, r14
    16e6:	b6 01       	movw	r22, r12
    16e8:	0e 94 e3 1b 	call	0x37c6	; 0x37c6 <__subsf3>
    16ec:	a3 01       	movw	r20, r6
    16ee:	92 01       	movw	r18, r4
    16f0:	0e 94 c2 1c 	call	0x3984	; 0x3984 <__cmpsf2>
    16f4:	18 16       	cp	r1, r24
    16f6:	cc f0       	brlt	.+50     	; 0x172a <loop+0x50e>
C:\Users\dheer\OneDrive\Documents\Arduino\DE-FIRMWARE-REFINED/DE-FIRMWARE-REFINED.ino:258 (discriminator 1)
    16f8:	20 e0       	ldi	r18, 0x00	; 0
    16fa:	30 e0       	ldi	r19, 0x00	; 0
    16fc:	40 e0       	ldi	r20, 0x00	; 0
    16fe:	50 e4       	ldi	r21, 0x40	; 64
    1700:	c7 01       	movw	r24, r14
    1702:	b6 01       	movw	r22, r12
    1704:	0e 94 e4 1b 	call	0x37c8	; 0x37c8 <__addsf3>
    1708:	9b 01       	movw	r18, r22
    170a:	ac 01       	movw	r20, r24
    170c:	c3 01       	movw	r24, r6
    170e:	b2 01       	movw	r22, r4
    1710:	0e 94 c2 1c 	call	0x3984	; 0x3984 <__cmpsf2>
    1714:	18 16       	cp	r1, r24
    1716:	4c f0       	brlt	.+18     	; 0x172a <loop+0x50e>
C:\Users\dheer\OneDrive\Documents\Arduino\DE-FIRMWARE-REFINED/DE-FIRMWARE-REFINED.ino:260

          lastval[1] = 0;
    1718:	10 92 e7 01 	sts	0x01E7, r1	; 0x8001e7 <lastval+0x4>
    171c:	10 92 e8 01 	sts	0x01E8, r1	; 0x8001e8 <lastval+0x5>
    1720:	10 92 e9 01 	sts	0x01E9, r1	; 0x8001e9 <lastval+0x6>
    1724:	10 92 ea 01 	sts	0x01EA, r1	; 0x8001ea <lastval+0x7>
    1728:	88 cf       	rjmp	.-240    	; 0x163a <loop+0x41e>
C:\Users\dheer\OneDrive\Documents\Arduino\DE-FIRMWARE-REFINED/DE-FIRMWARE-REFINED.ino:263
          step = 1;

        } else if (filteredValue >= lastval[1] - 2 && filteredValue <= lastval[1] + 2) {  // Step 2: Store the value in lastval[2] and increment counter
    172a:	c0 90 e7 01 	lds	r12, 0x01E7	; 0x8001e7 <lastval+0x4>
    172e:	d0 90 e8 01 	lds	r13, 0x01E8	; 0x8001e8 <lastval+0x5>
    1732:	e0 90 e9 01 	lds	r14, 0x01E9	; 0x8001e9 <lastval+0x6>
    1736:	f0 90 ea 01 	lds	r15, 0x01EA	; 0x8001ea <lastval+0x7>
    173a:	20 e0       	ldi	r18, 0x00	; 0
    173c:	30 e0       	ldi	r19, 0x00	; 0
    173e:	40 e0       	ldi	r20, 0x00	; 0
    1740:	50 e4       	ldi	r21, 0x40	; 64
    1742:	c7 01       	movw	r24, r14
    1744:	b6 01       	movw	r22, r12
    1746:	0e 94 e3 1b 	call	0x37c6	; 0x37c6 <__subsf3>
    174a:	9b 01       	movw	r18, r22
    174c:	ac 01       	movw	r20, r24
    174e:	c3 01       	movw	r24, r6
    1750:	b2 01       	movw	r22, r4
    1752:	0e 94 48 1e 	call	0x3c90	; 0x3c90 <__gesf2>
    1756:	87 fd       	sbrc	r24, 7
    1758:	1a c0       	rjmp	.+52     	; 0x178e <loop+0x572>
C:\Users\dheer\OneDrive\Documents\Arduino\DE-FIRMWARE-REFINED/DE-FIRMWARE-REFINED.ino:263 (discriminator 1)
    175a:	20 e0       	ldi	r18, 0x00	; 0
    175c:	30 e0       	ldi	r19, 0x00	; 0
    175e:	40 e0       	ldi	r20, 0x00	; 0
    1760:	50 e4       	ldi	r21, 0x40	; 64
    1762:	c7 01       	movw	r24, r14
    1764:	b6 01       	movw	r22, r12
    1766:	0e 94 e4 1b 	call	0x37c8	; 0x37c8 <__addsf3>
    176a:	9b 01       	movw	r18, r22
    176c:	ac 01       	movw	r20, r24
    176e:	c3 01       	movw	r24, r6
    1770:	b2 01       	movw	r22, r4
    1772:	0e 94 c2 1c 	call	0x3984	; 0x3984 <__cmpsf2>
    1776:	18 16       	cp	r1, r24
    1778:	54 f0       	brlt	.+20     	; 0x178e <loop+0x572>
C:\Users\dheer\OneDrive\Documents\Arduino\DE-FIRMWARE-REFINED/DE-FIRMWARE-REFINED.ino:265

          lastval[2] = filteredValue;
    177a:	40 92 eb 01 	sts	0x01EB, r4	; 0x8001eb <lastval+0x8>
    177e:	50 92 ec 01 	sts	0x01EC, r5	; 0x8001ec <lastval+0x9>
    1782:	60 92 ed 01 	sts	0x01ED, r6	; 0x8001ed <lastval+0xa>
    1786:	70 92 ee 01 	sts	0x01EE, r7	; 0x8001ee <lastval+0xb>
C:\Users\dheer\OneDrive\Documents\Arduino\DE-FIRMWARE-REFINED/DE-FIRMWARE-REFINED.ino:335
            // Step 3: Replace lastval[1] with lastval[3] and lastval[2] with a
            wdt_reset();
            lastval[1] = lastval[4];
            lastval[2] = filteredValue;

            step = 3;
    178a:	83 e0       	ldi	r24, 0x03	; 3
    178c:	93 cf       	rjmp	.-218    	; 0x16b4 <loop+0x498>
C:\Users\dheer\OneDrive\Documents\Arduino\DE-FIRMWARE-REFINED/DE-FIRMWARE-REFINED.ino:270
          lastval[2] = filteredValue;
          step = 3;

        } else {  // Step 2: Replace the value in lastval[1] with a

          lastval[1] = filteredValue;
    178e:	40 92 e7 01 	sts	0x01E7, r4	; 0x8001e7 <lastval+0x4>
    1792:	50 92 e8 01 	sts	0x01E8, r5	; 0x8001e8 <lastval+0x5>
    1796:	60 92 e9 01 	sts	0x01E9, r6	; 0x8001e9 <lastval+0x6>
    179a:	70 92 ea 01 	sts	0x01EA, r7	; 0x8001ea <lastval+0x7>
    179e:	89 cf       	rjmp	.-238    	; 0x16b2 <loop+0x496>
C:\Users\dheer\OneDrive\Documents\Arduino\DE-FIRMWARE-REFINED/DE-FIRMWARE-REFINED.ino:276
          step = 2;
        }

        break;
      case 3: /*Step 3: Compare with lastval[0], lastval[1], and lastval[2]*/
        wdt_reset();
    17a0:	a8 95       	wdr
C:\Users\dheer\OneDrive\Documents\Arduino\DE-FIRMWARE-REFINED/DE-FIRMWARE-REFINED.ino:277
        if (filteredValue >= lastval[0] - 2 && filteredValue <= lastval[0] + 2) {  // Step 3: Set counter to zero and delete lastval[1] and lastval[2]
    17a2:	80 90 e3 01 	lds	r8, 0x01E3	; 0x8001e3 <lastval>
    17a6:	90 90 e4 01 	lds	r9, 0x01E4	; 0x8001e4 <lastval+0x1>
    17aa:	a0 90 e5 01 	lds	r10, 0x01E5	; 0x8001e5 <lastval+0x2>
    17ae:	b0 90 e6 01 	lds	r11, 0x01E6	; 0x8001e6 <lastval+0x3>
    17b2:	c0 90 df 01 	lds	r12, 0x01DF	; 0x8001df <filteredValue>
    17b6:	d0 90 e0 01 	lds	r13, 0x01E0	; 0x8001e0 <filteredValue+0x1>
    17ba:	e0 90 e1 01 	lds	r14, 0x01E1	; 0x8001e1 <filteredValue+0x2>
    17be:	f0 90 e2 01 	lds	r15, 0x01E2	; 0x8001e2 <filteredValue+0x3>
    17c2:	20 e0       	ldi	r18, 0x00	; 0
    17c4:	30 e0       	ldi	r19, 0x00	; 0
    17c6:	40 e0       	ldi	r20, 0x00	; 0
    17c8:	50 e4       	ldi	r21, 0x40	; 64
    17ca:	c5 01       	movw	r24, r10
    17cc:	b4 01       	movw	r22, r8
    17ce:	0e 94 e3 1b 	call	0x37c6	; 0x37c6 <__subsf3>
    17d2:	a7 01       	movw	r20, r14
    17d4:	96 01       	movw	r18, r12
    17d6:	0e 94 c2 1c 	call	0x3984	; 0x3984 <__cmpsf2>
    17da:	18 16       	cp	r1, r24
    17dc:	14 f1       	brlt	.+68     	; 0x1822 <loop+0x606>
C:\Users\dheer\OneDrive\Documents\Arduino\DE-FIRMWARE-REFINED/DE-FIRMWARE-REFINED.ino:277 (discriminator 1)
    17de:	20 e0       	ldi	r18, 0x00	; 0
    17e0:	30 e0       	ldi	r19, 0x00	; 0
    17e2:	40 e0       	ldi	r20, 0x00	; 0
    17e4:	50 e4       	ldi	r21, 0x40	; 64
    17e6:	c5 01       	movw	r24, r10
    17e8:	b4 01       	movw	r22, r8
    17ea:	0e 94 e4 1b 	call	0x37c8	; 0x37c8 <__addsf3>
    17ee:	9b 01       	movw	r18, r22
    17f0:	ac 01       	movw	r20, r24
    17f2:	c7 01       	movw	r24, r14
    17f4:	b6 01       	movw	r22, r12
    17f6:	0e 94 c2 1c 	call	0x3984	; 0x3984 <__cmpsf2>
    17fa:	18 16       	cp	r1, r24
    17fc:	94 f0       	brlt	.+36     	; 0x1822 <loop+0x606>
C:\Users\dheer\OneDrive\Documents\Arduino\DE-FIRMWARE-REFINED/DE-FIRMWARE-REFINED.ino:278
          wdt_reset();
    17fe:	a8 95       	wdr
C:\Users\dheer\OneDrive\Documents\Arduino\DE-FIRMWARE-REFINED/DE-FIRMWARE-REFINED.ino:279
          lastval[1] = 0;
    1800:	10 92 e7 01 	sts	0x01E7, r1	; 0x8001e7 <lastval+0x4>
    1804:	10 92 e8 01 	sts	0x01E8, r1	; 0x8001e8 <lastval+0x5>
    1808:	10 92 e9 01 	sts	0x01E9, r1	; 0x8001e9 <lastval+0x6>
    180c:	10 92 ea 01 	sts	0x01EA, r1	; 0x8001ea <lastval+0x7>
C:\Users\dheer\OneDrive\Documents\Arduino\DE-FIRMWARE-REFINED/DE-FIRMWARE-REFINED.ino:280
          lastval[2] = 0;
    1810:	10 92 eb 01 	sts	0x01EB, r1	; 0x8001eb <lastval+0x8>
    1814:	10 92 ec 01 	sts	0x01EC, r1	; 0x8001ec <lastval+0x9>
    1818:	10 92 ed 01 	sts	0x01ED, r1	; 0x8001ed <lastval+0xa>
    181c:	10 92 ee 01 	sts	0x01EE, r1	; 0x8001ee <lastval+0xb>
    1820:	0c cf       	rjmp	.-488    	; 0x163a <loop+0x41e>
C:\Users\dheer\OneDrive\Documents\Arduino\DE-FIRMWARE-REFINED/DE-FIRMWARE-REFINED.ino:287
          step = 1;

          break;

        } else {  // Step 3: Compare with lastval[1], lastval[2], and lastval[3]
          wdt_reset();
    1822:	a8 95       	wdr
C:\Users\dheer\OneDrive\Documents\Arduino\DE-FIRMWARE-REFINED/DE-FIRMWARE-REFINED.ino:288
          if (filteredValue >= lastval[1] - 2 && filteredValue <= lastval[1] + 2 && filteredValue >= lastval[2] - 2 && filteredValue <= lastval[2] + 2) {  // Step 3: Calculate average and update lastval[0]
    1824:	c0 90 e7 01 	lds	r12, 0x01E7	; 0x8001e7 <lastval+0x4>
    1828:	d0 90 e8 01 	lds	r13, 0x01E8	; 0x8001e8 <lastval+0x5>
    182c:	e0 90 e9 01 	lds	r14, 0x01E9	; 0x8001e9 <lastval+0x6>
    1830:	f0 90 ea 01 	lds	r15, 0x01EA	; 0x8001ea <lastval+0x7>
    1834:	40 90 df 01 	lds	r4, 0x01DF	; 0x8001df <filteredValue>
    1838:	50 90 e0 01 	lds	r5, 0x01E0	; 0x8001e0 <filteredValue+0x1>
    183c:	60 90 e1 01 	lds	r6, 0x01E1	; 0x8001e1 <filteredValue+0x2>
    1840:	70 90 e2 01 	lds	r7, 0x01E2	; 0x8001e2 <filteredValue+0x3>
    1844:	20 e0       	ldi	r18, 0x00	; 0
    1846:	30 e0       	ldi	r19, 0x00	; 0
    1848:	40 e0       	ldi	r20, 0x00	; 0
    184a:	50 e4       	ldi	r21, 0x40	; 64
    184c:	c7 01       	movw	r24, r14
    184e:	b6 01       	movw	r22, r12
    1850:	0e 94 e3 1b 	call	0x37c6	; 0x37c6 <__subsf3>
    1854:	a3 01       	movw	r20, r6
    1856:	92 01       	movw	r18, r4
    1858:	0e 94 c2 1c 	call	0x3984	; 0x3984 <__cmpsf2>
    185c:	18 16       	cp	r1, r24
    185e:	0c f4       	brge	.+2      	; 0x1862 <loop+0x646>
    1860:	53 c0       	rjmp	.+166    	; 0x1908 <loop+0x6ec>
C:\Users\dheer\OneDrive\Documents\Arduino\DE-FIRMWARE-REFINED/DE-FIRMWARE-REFINED.ino:288 (discriminator 1)
    1862:	20 e0       	ldi	r18, 0x00	; 0
    1864:	30 e0       	ldi	r19, 0x00	; 0
    1866:	40 e0       	ldi	r20, 0x00	; 0
    1868:	50 e4       	ldi	r21, 0x40	; 64
    186a:	c7 01       	movw	r24, r14
    186c:	b6 01       	movw	r22, r12
    186e:	0e 94 e4 1b 	call	0x37c8	; 0x37c8 <__addsf3>
    1872:	9b 01       	movw	r18, r22
    1874:	ac 01       	movw	r20, r24
    1876:	c3 01       	movw	r24, r6
    1878:	b2 01       	movw	r22, r4
    187a:	0e 94 c2 1c 	call	0x3984	; 0x3984 <__cmpsf2>
    187e:	18 16       	cp	r1, r24
    1880:	0c f4       	brge	.+2      	; 0x1884 <loop+0x668>
    1882:	42 c0       	rjmp	.+132    	; 0x1908 <loop+0x6ec>
C:\Users\dheer\OneDrive\Documents\Arduino\DE-FIRMWARE-REFINED/DE-FIRMWARE-REFINED.ino:288 (discriminator 2)
    1884:	80 90 eb 01 	lds	r8, 0x01EB	; 0x8001eb <lastval+0x8>
    1888:	90 90 ec 01 	lds	r9, 0x01EC	; 0x8001ec <lastval+0x9>
    188c:	a0 90 ed 01 	lds	r10, 0x01ED	; 0x8001ed <lastval+0xa>
    1890:	b0 90 ee 01 	lds	r11, 0x01EE	; 0x8001ee <lastval+0xb>
    1894:	20 e0       	ldi	r18, 0x00	; 0
    1896:	30 e0       	ldi	r19, 0x00	; 0
    1898:	40 e0       	ldi	r20, 0x00	; 0
    189a:	50 e4       	ldi	r21, 0x40	; 64
    189c:	c5 01       	movw	r24, r10
    189e:	b4 01       	movw	r22, r8
    18a0:	0e 94 e3 1b 	call	0x37c6	; 0x37c6 <__subsf3>
    18a4:	9b 01       	movw	r18, r22
    18a6:	ac 01       	movw	r20, r24
    18a8:	c3 01       	movw	r24, r6
    18aa:	b2 01       	movw	r22, r4
    18ac:	0e 94 48 1e 	call	0x3c90	; 0x3c90 <__gesf2>
    18b0:	87 fd       	sbrc	r24, 7
    18b2:	2a c0       	rjmp	.+84     	; 0x1908 <loop+0x6ec>
C:\Users\dheer\OneDrive\Documents\Arduino\DE-FIRMWARE-REFINED/DE-FIRMWARE-REFINED.ino:288 (discriminator 3)
    18b4:	20 e0       	ldi	r18, 0x00	; 0
    18b6:	30 e0       	ldi	r19, 0x00	; 0
    18b8:	40 e0       	ldi	r20, 0x00	; 0
    18ba:	50 e4       	ldi	r21, 0x40	; 64
    18bc:	c5 01       	movw	r24, r10
    18be:	b4 01       	movw	r22, r8
    18c0:	0e 94 e4 1b 	call	0x37c8	; 0x37c8 <__addsf3>
    18c4:	9b 01       	movw	r18, r22
    18c6:	ac 01       	movw	r20, r24
    18c8:	c3 01       	movw	r24, r6
    18ca:	b2 01       	movw	r22, r4
    18cc:	0e 94 c2 1c 	call	0x3984	; 0x3984 <__cmpsf2>
    18d0:	18 16       	cp	r1, r24
    18d2:	d4 f0       	brlt	.+52     	; 0x1908 <loop+0x6ec>
C:\Users\dheer\OneDrive\Documents\Arduino\DE-FIRMWARE-REFINED/DE-FIRMWARE-REFINED.ino:290

            lastval[3] = (lastval[1] + lastval[2] + filteredValue) / 3;
    18d4:	a5 01       	movw	r20, r10
    18d6:	94 01       	movw	r18, r8
    18d8:	c7 01       	movw	r24, r14
    18da:	b6 01       	movw	r22, r12
    18dc:	0e 94 e4 1b 	call	0x37c8	; 0x37c8 <__addsf3>
    18e0:	a3 01       	movw	r20, r6
    18e2:	92 01       	movw	r18, r4
    18e4:	0e 94 e4 1b 	call	0x37c8	; 0x37c8 <__addsf3>
    18e8:	20 e0       	ldi	r18, 0x00	; 0
    18ea:	30 e0       	ldi	r19, 0x00	; 0
    18ec:	40 e4       	ldi	r20, 0x40	; 64
    18ee:	50 e4       	ldi	r21, 0x40	; 64
    18f0:	0e 94 c7 1c 	call	0x398e	; 0x398e <__divsf3>
    18f4:	60 93 ef 01 	sts	0x01EF, r22	; 0x8001ef <lastval+0xc>
    18f8:	70 93 f0 01 	sts	0x01F0, r23	; 0x8001f0 <lastval+0xd>
    18fc:	80 93 f1 01 	sts	0x01F1, r24	; 0x8001f1 <lastval+0xe>
    1900:	90 93 f2 01 	sts	0x01F2, r25	; 0x8001f2 <lastval+0xf>
C:\Users\dheer\OneDrive\Documents\Arduino\DE-FIRMWARE-REFINED/DE-FIRMWARE-REFINED.ino:300
            break;

          } else {

            lastval[4] = filteredValue;
            step = 4;
    1904:	84 e0       	ldi	r24, 0x04	; 4
    1906:	d6 ce       	rjmp	.-596    	; 0x16b4 <loop+0x498>
C:\Users\dheer\OneDrive\Documents\Arduino\DE-FIRMWARE-REFINED/DE-FIRMWARE-REFINED.ino:299

            break;

          } else {

            lastval[4] = filteredValue;
    1908:	40 92 f3 01 	sts	0x01F3, r4	; 0x8001f3 <data>
    190c:	50 92 f4 01 	sts	0x01F4, r5	; 0x8001f4 <data+0x1>
    1910:	60 92 f5 01 	sts	0x01F5, r6	; 0x8001f5 <data+0x2>
    1914:	70 92 f6 01 	sts	0x01F6, r7	; 0x8001f6 <data+0x3>
    1918:	f5 cf       	rjmp	.-22     	; 0x1904 <loop+0x6e8>
C:\Users\dheer\OneDrive\Documents\Arduino\DE-FIRMWARE-REFINED/DE-FIRMWARE-REFINED.ino:321
          step = 1;
          break;

        } else {  // Step 3: Compare with lastval[1], lastval[2], and lastval[3]

          if (filteredValue >= lastval[1] - 2 && filteredValue <= lastval[1] + 2 && filteredValue >= lastval[2] - 2 && filteredValue <= lastval[2] + 2 && filteredValue >= lastval[3] - 2 && filteredValue <= lastval[3] + 2) {
    191a:	c0 90 e7 01 	lds	r12, 0x01E7	; 0x8001e7 <lastval+0x4>
    191e:	d0 90 e8 01 	lds	r13, 0x01E8	; 0x8001e8 <lastval+0x5>
    1922:	e0 90 e9 01 	lds	r14, 0x01E9	; 0x8001e9 <lastval+0x6>
    1926:	f0 90 ea 01 	lds	r15, 0x01EA	; 0x8001ea <lastval+0x7>
    192a:	20 e0       	ldi	r18, 0x00	; 0
    192c:	30 e0       	ldi	r19, 0x00	; 0
    192e:	40 e0       	ldi	r20, 0x00	; 0
    1930:	50 e4       	ldi	r21, 0x40	; 64
    1932:	c7 01       	movw	r24, r14
    1934:	b6 01       	movw	r22, r12
    1936:	0e 94 e3 1b 	call	0x37c6	; 0x37c6 <__subsf3>
    193a:	9b 01       	movw	r18, r22
    193c:	ac 01       	movw	r20, r24
    193e:	c3 01       	movw	r24, r6
    1940:	b2 01       	movw	r22, r4
    1942:	0e 94 48 1e 	call	0x3c90	; 0x3c90 <__gesf2>
    1946:	87 fd       	sbrc	r24, 7
    1948:	98 c0       	rjmp	.+304    	; 0x1a7a <loop+0x85e>
C:\Users\dheer\OneDrive\Documents\Arduino\DE-FIRMWARE-REFINED/DE-FIRMWARE-REFINED.ino:321 (discriminator 1)
    194a:	20 e0       	ldi	r18, 0x00	; 0
    194c:	30 e0       	ldi	r19, 0x00	; 0
    194e:	40 e0       	ldi	r20, 0x00	; 0
    1950:	50 e4       	ldi	r21, 0x40	; 64
    1952:	c7 01       	movw	r24, r14
    1954:	b6 01       	movw	r22, r12
    1956:	0e 94 e4 1b 	call	0x37c8	; 0x37c8 <__addsf3>
    195a:	9b 01       	movw	r18, r22
    195c:	ac 01       	movw	r20, r24
    195e:	c3 01       	movw	r24, r6
    1960:	b2 01       	movw	r22, r4
    1962:	0e 94 c2 1c 	call	0x3984	; 0x3984 <__cmpsf2>
    1966:	18 16       	cp	r1, r24
    1968:	0c f4       	brge	.+2      	; 0x196c <loop+0x750>
    196a:	87 c0       	rjmp	.+270    	; 0x1a7a <loop+0x85e>
C:\Users\dheer\OneDrive\Documents\Arduino\DE-FIRMWARE-REFINED/DE-FIRMWARE-REFINED.ino:321 (discriminator 2)
    196c:	c0 90 eb 01 	lds	r12, 0x01EB	; 0x8001eb <lastval+0x8>
    1970:	d0 90 ec 01 	lds	r13, 0x01EC	; 0x8001ec <lastval+0x9>
    1974:	e0 90 ed 01 	lds	r14, 0x01ED	; 0x8001ed <lastval+0xa>
    1978:	f0 90 ee 01 	lds	r15, 0x01EE	; 0x8001ee <lastval+0xb>
    197c:	20 e0       	ldi	r18, 0x00	; 0
    197e:	30 e0       	ldi	r19, 0x00	; 0
    1980:	40 e0       	ldi	r20, 0x00	; 0
    1982:	50 e4       	ldi	r21, 0x40	; 64
    1984:	c7 01       	movw	r24, r14
    1986:	b6 01       	movw	r22, r12
    1988:	0e 94 e3 1b 	call	0x37c6	; 0x37c6 <__subsf3>
    198c:	9b 01       	movw	r18, r22
    198e:	ac 01       	movw	r20, r24
    1990:	c3 01       	movw	r24, r6
    1992:	b2 01       	movw	r22, r4
    1994:	0e 94 48 1e 	call	0x3c90	; 0x3c90 <__gesf2>
    1998:	87 fd       	sbrc	r24, 7
    199a:	6f c0       	rjmp	.+222    	; 0x1a7a <loop+0x85e>
C:\Users\dheer\OneDrive\Documents\Arduino\DE-FIRMWARE-REFINED/DE-FIRMWARE-REFINED.ino:321 (discriminator 3)
    199c:	20 e0       	ldi	r18, 0x00	; 0
    199e:	30 e0       	ldi	r19, 0x00	; 0
    19a0:	40 e0       	ldi	r20, 0x00	; 0
    19a2:	50 e4       	ldi	r21, 0x40	; 64
    19a4:	c7 01       	movw	r24, r14
    19a6:	b6 01       	movw	r22, r12
    19a8:	0e 94 e4 1b 	call	0x37c8	; 0x37c8 <__addsf3>
    19ac:	9b 01       	movw	r18, r22
    19ae:	ac 01       	movw	r20, r24
    19b0:	c3 01       	movw	r24, r6
    19b2:	b2 01       	movw	r22, r4
    19b4:	0e 94 c2 1c 	call	0x3984	; 0x3984 <__cmpsf2>
    19b8:	18 16       	cp	r1, r24
    19ba:	0c f4       	brge	.+2      	; 0x19be <loop+0x7a2>
    19bc:	5e c0       	rjmp	.+188    	; 0x1a7a <loop+0x85e>
C:\Users\dheer\OneDrive\Documents\Arduino\DE-FIRMWARE-REFINED/DE-FIRMWARE-REFINED.ino:321 (discriminator 4)
    19be:	c0 90 ef 01 	lds	r12, 0x01EF	; 0x8001ef <lastval+0xc>
    19c2:	d0 90 f0 01 	lds	r13, 0x01F0	; 0x8001f0 <lastval+0xd>
    19c6:	e0 90 f1 01 	lds	r14, 0x01F1	; 0x8001f1 <lastval+0xe>
    19ca:	f0 90 f2 01 	lds	r15, 0x01F2	; 0x8001f2 <lastval+0xf>
    19ce:	20 e0       	ldi	r18, 0x00	; 0
    19d0:	30 e0       	ldi	r19, 0x00	; 0
    19d2:	40 e0       	ldi	r20, 0x00	; 0
    19d4:	50 e4       	ldi	r21, 0x40	; 64
    19d6:	c7 01       	movw	r24, r14
    19d8:	b6 01       	movw	r22, r12
    19da:	0e 94 e3 1b 	call	0x37c6	; 0x37c6 <__subsf3>
    19de:	9b 01       	movw	r18, r22
    19e0:	ac 01       	movw	r20, r24
    19e2:	c3 01       	movw	r24, r6
    19e4:	b2 01       	movw	r22, r4
    19e6:	0e 94 48 1e 	call	0x3c90	; 0x3c90 <__gesf2>
    19ea:	87 fd       	sbrc	r24, 7
    19ec:	46 c0       	rjmp	.+140    	; 0x1a7a <loop+0x85e>
C:\Users\dheer\OneDrive\Documents\Arduino\DE-FIRMWARE-REFINED/DE-FIRMWARE-REFINED.ino:321 (discriminator 5)
    19ee:	20 e0       	ldi	r18, 0x00	; 0
    19f0:	30 e0       	ldi	r19, 0x00	; 0
    19f2:	40 e0       	ldi	r20, 0x00	; 0
    19f4:	50 e4       	ldi	r21, 0x40	; 64
    19f6:	c7 01       	movw	r24, r14
    19f8:	b6 01       	movw	r22, r12
    19fa:	0e 94 e4 1b 	call	0x37c8	; 0x37c8 <__addsf3>
    19fe:	9b 01       	movw	r18, r22
    1a00:	ac 01       	movw	r20, r24
    1a02:	c3 01       	movw	r24, r6
    1a04:	b2 01       	movw	r22, r4
    1a06:	0e 94 c2 1c 	call	0x3984	; 0x3984 <__cmpsf2>
    1a0a:	18 16       	cp	r1, r24
    1a0c:	b4 f1       	brlt	.+108    	; 0x1a7a <loop+0x85e>
C:\Users\dheer\OneDrive\Documents\Arduino\DE-FIRMWARE-REFINED/DE-FIRMWARE-REFINED.ino:323
            // Step 3: Calculate average and update lastval[0]
            wdt_reset();
    1a0e:	a8 95       	wdr
C:\Users\dheer\OneDrive\Documents\Arduino\DE-FIRMWARE-REFINED/DE-FIRMWARE-REFINED.ino:324
            lastval[0] = (lastval[1] + lastval[2] + lastval[3] + filteredValue) / 4;
    1a10:	20 91 eb 01 	lds	r18, 0x01EB	; 0x8001eb <lastval+0x8>
    1a14:	30 91 ec 01 	lds	r19, 0x01EC	; 0x8001ec <lastval+0x9>
    1a18:	40 91 ed 01 	lds	r20, 0x01ED	; 0x8001ed <lastval+0xa>
    1a1c:	50 91 ee 01 	lds	r21, 0x01EE	; 0x8001ee <lastval+0xb>
    1a20:	60 91 e7 01 	lds	r22, 0x01E7	; 0x8001e7 <lastval+0x4>
    1a24:	70 91 e8 01 	lds	r23, 0x01E8	; 0x8001e8 <lastval+0x5>
    1a28:	80 91 e9 01 	lds	r24, 0x01E9	; 0x8001e9 <lastval+0x6>
    1a2c:	90 91 ea 01 	lds	r25, 0x01EA	; 0x8001ea <lastval+0x7>
    1a30:	0e 94 e4 1b 	call	0x37c8	; 0x37c8 <__addsf3>
    1a34:	20 91 ef 01 	lds	r18, 0x01EF	; 0x8001ef <lastval+0xc>
    1a38:	30 91 f0 01 	lds	r19, 0x01F0	; 0x8001f0 <lastval+0xd>
    1a3c:	40 91 f1 01 	lds	r20, 0x01F1	; 0x8001f1 <lastval+0xe>
    1a40:	50 91 f2 01 	lds	r21, 0x01F2	; 0x8001f2 <lastval+0xf>
    1a44:	0e 94 e4 1b 	call	0x37c8	; 0x37c8 <__addsf3>
    1a48:	20 91 df 01 	lds	r18, 0x01DF	; 0x8001df <filteredValue>
    1a4c:	30 91 e0 01 	lds	r19, 0x01E0	; 0x8001e0 <filteredValue+0x1>
    1a50:	40 91 e1 01 	lds	r20, 0x01E1	; 0x8001e1 <filteredValue+0x2>
    1a54:	50 91 e2 01 	lds	r21, 0x01E2	; 0x8001e2 <filteredValue+0x3>
    1a58:	0e 94 e4 1b 	call	0x37c8	; 0x37c8 <__addsf3>
    1a5c:	20 e0       	ldi	r18, 0x00	; 0
    1a5e:	30 e0       	ldi	r19, 0x00	; 0
    1a60:	40 e8       	ldi	r20, 0x80	; 128
    1a62:	5e e3       	ldi	r21, 0x3E	; 62
    1a64:	0e 94 55 1e 	call	0x3caa	; 0x3caa <__mulsf3>
    1a68:	60 93 e3 01 	sts	0x01E3, r22	; 0x8001e3 <lastval>
    1a6c:	70 93 e4 01 	sts	0x01E4, r23	; 0x8001e4 <lastval+0x1>
    1a70:	80 93 e5 01 	sts	0x01E5, r24	; 0x8001e5 <lastval+0x2>
    1a74:	90 93 e6 01 	sts	0x01E6, r25	; 0x8001e6 <lastval+0x3>
    1a78:	e0 cd       	rjmp	.-1088   	; 0x163a <loop+0x41e>
C:\Users\dheer\OneDrive\Documents\Arduino\DE-FIRMWARE-REFINED/DE-FIRMWARE-REFINED.ino:329
            step = 1;

            break;
          }
          if (filteredValue >= lastval[4] - 2 && filteredValue <= lastval[4] + 2) {
    1a7a:	c0 90 f3 01 	lds	r12, 0x01F3	; 0x8001f3 <data>
    1a7e:	d0 90 f4 01 	lds	r13, 0x01F4	; 0x8001f4 <data+0x1>
    1a82:	e0 90 f5 01 	lds	r14, 0x01F5	; 0x8001f5 <data+0x2>
    1a86:	f0 90 f6 01 	lds	r15, 0x01F6	; 0x8001f6 <data+0x3>
    1a8a:	20 e0       	ldi	r18, 0x00	; 0
    1a8c:	30 e0       	ldi	r19, 0x00	; 0
    1a8e:	40 e0       	ldi	r20, 0x00	; 0
    1a90:	50 e4       	ldi	r21, 0x40	; 64
    1a92:	c7 01       	movw	r24, r14
    1a94:	b6 01       	movw	r22, r12
    1a96:	0e 94 e3 1b 	call	0x37c6	; 0x37c6 <__subsf3>
    1a9a:	9b 01       	movw	r18, r22
    1a9c:	ac 01       	movw	r20, r24
    1a9e:	c3 01       	movw	r24, r6
    1aa0:	b2 01       	movw	r22, r4
    1aa2:	0e 94 48 1e 	call	0x3c90	; 0x3c90 <__gesf2>
    1aa6:	87 fd       	sbrc	r24, 7
    1aa8:	50 cc       	rjmp	.-1888   	; 0x134a <loop+0x12e>
C:\Users\dheer\OneDrive\Documents\Arduino\DE-FIRMWARE-REFINED/DE-FIRMWARE-REFINED.ino:329 (discriminator 1)
    1aaa:	20 e0       	ldi	r18, 0x00	; 0
    1aac:	30 e0       	ldi	r19, 0x00	; 0
    1aae:	40 e0       	ldi	r20, 0x00	; 0
    1ab0:	50 e4       	ldi	r21, 0x40	; 64
    1ab2:	c7 01       	movw	r24, r14
    1ab4:	b6 01       	movw	r22, r12
    1ab6:	0e 94 e4 1b 	call	0x37c8	; 0x37c8 <__addsf3>
    1aba:	9b 01       	movw	r18, r22
    1abc:	ac 01       	movw	r20, r24
    1abe:	c3 01       	movw	r24, r6
    1ac0:	b2 01       	movw	r22, r4
    1ac2:	0e 94 c2 1c 	call	0x3984	; 0x3984 <__cmpsf2>
    1ac6:	18 16       	cp	r1, r24
    1ac8:	0c f4       	brge	.+2      	; 0x1acc <loop+0x8b0>
    1aca:	3f cc       	rjmp	.-1922   	; 0x134a <loop+0x12e>
C:\Users\dheer\OneDrive\Documents\Arduino\DE-FIRMWARE-REFINED/DE-FIRMWARE-REFINED.ino:331
            // Step 3: Replace lastval[1] with lastval[3] and lastval[2] with a
            wdt_reset();
    1acc:	a8 95       	wdr
C:\Users\dheer\OneDrive\Documents\Arduino\DE-FIRMWARE-REFINED/DE-FIRMWARE-REFINED.ino:332
            lastval[1] = lastval[4];
    1ace:	80 91 f3 01 	lds	r24, 0x01F3	; 0x8001f3 <data>
    1ad2:	90 91 f4 01 	lds	r25, 0x01F4	; 0x8001f4 <data+0x1>
    1ad6:	a0 91 f5 01 	lds	r26, 0x01F5	; 0x8001f5 <data+0x2>
    1ada:	b0 91 f6 01 	lds	r27, 0x01F6	; 0x8001f6 <data+0x3>
    1ade:	80 93 e7 01 	sts	0x01E7, r24	; 0x8001e7 <lastval+0x4>
    1ae2:	90 93 e8 01 	sts	0x01E8, r25	; 0x8001e8 <lastval+0x5>
    1ae6:	a0 93 e9 01 	sts	0x01E9, r26	; 0x8001e9 <lastval+0x6>
    1aea:	b0 93 ea 01 	sts	0x01EA, r27	; 0x8001ea <lastval+0x7>
C:\Users\dheer\OneDrive\Documents\Arduino\DE-FIRMWARE-REFINED/DE-FIRMWARE-REFINED.ino:333
            lastval[2] = filteredValue;
    1aee:	80 91 df 01 	lds	r24, 0x01DF	; 0x8001df <filteredValue>
    1af2:	90 91 e0 01 	lds	r25, 0x01E0	; 0x8001e0 <filteredValue+0x1>
    1af6:	a0 91 e1 01 	lds	r26, 0x01E1	; 0x8001e1 <filteredValue+0x2>
    1afa:	b0 91 e2 01 	lds	r27, 0x01E2	; 0x8001e2 <filteredValue+0x3>
    1afe:	80 93 eb 01 	sts	0x01EB, r24	; 0x8001eb <lastval+0x8>
    1b02:	90 93 ec 01 	sts	0x01EC, r25	; 0x8001ec <lastval+0x9>
    1b06:	a0 93 ed 01 	sts	0x01ED, r26	; 0x8001ed <lastval+0xa>
    1b0a:	b0 93 ee 01 	sts	0x01EE, r27	; 0x8001ee <lastval+0xb>
    1b0e:	3d ce       	rjmp	.-902    	; 0x178a <loop+0x56e>

00001b10 <SPIClass::transfer(unsigned char)>:
_ZN8SPIClass8transferEh():
c:\Users\dheer\OneDrive\Documents\Arduino\libraries\TDC7200-master/TDC7200.cpp:185
void TDC7200::setupStopMask(const uint64_t stopMaskPs)
{
    // Convert duration of stopmask from [ps] to clock increments.
    uint16_t stopMaskClk = stopMaskPs / m_clkPeriodPs;
    spiWriteReg8(TDC7200_REG_ADR_CLOCK_CNTR_STOP_MASK_H, stopMaskClk >> 8);
    spiWriteReg8(TDC7200_REG_ADR_CLOCK_CNTR_STOP_MASK_L, stopMaskClk);
    1b10:	8f b9       	out	0x0f, r24	; 15
    1b12:	00 00       	nop
    1b14:	77 9b       	sbis	0x0e, 7	; 14
    1b16:	fe cf       	rjmp	.-4      	; 0x1b14 <SPIClass::transfer(unsigned char)+0x4>
    1b18:	8f b1       	in	r24, 0x0f	; 15
    1b1a:	08 95       	ret

00001b1c <SPIClass::endTransaction()>:
_ZN8SPIClass14endTransactionEv():
    1b1c:	80 91 b5 03 	lds	r24, 0x03B5	; 0x8003b5 <SPIClass::interruptMode>
    1b20:	88 23       	and	r24, r24
    1b22:	61 f0       	breq	.+24     	; 0x1b3c <SPIClass::endTransaction()+0x20>
    1b24:	9f b7       	in	r25, 0x3f	; 63
    1b26:	f8 94       	cli
    1b28:	20 91 b5 03 	lds	r18, 0x03B5	; 0x8003b5 <SPIClass::interruptMode>
    1b2c:	80 91 b3 03 	lds	r24, 0x03B3	; 0x8003b3 <SPIClass::interruptSave>
    1b30:	21 30       	cpi	r18, 0x01	; 1
    1b32:	19 f4       	brne	.+6      	; 0x1b3a <SPIClass::endTransaction()+0x1e>
    1b34:	8b bf       	out	0x3b, r24	; 59
    1b36:	9f bf       	out	0x3f, r25	; 63
    1b38:	08 95       	ret
    1b3a:	8f bf       	out	0x3f, r24	; 63
    1b3c:	08 95       	ret

00001b3e <TDC7200::TDC7200(unsigned char, unsigned char, unsigned long)>:
_ZN7TDC7200C2Ehhm():
    1b3e:	af 92       	push	r10
    1b40:	bf 92       	push	r11
    1b42:	cf 92       	push	r12
    1b44:	df 92       	push	r13
    1b46:	ef 92       	push	r14
    1b48:	ff 92       	push	r15
    1b4a:	0f 93       	push	r16
    1b4c:	1f 93       	push	r17
    1b4e:	cf 93       	push	r28
    1b50:	df 93       	push	r29
    1b52:	ec 01       	movw	r28, r24
    1b54:	68 83       	st	Y, r22
    1b56:	49 83       	std	Y+1, r20	; 0x01
    1b58:	58 01       	movw	r10, r16
    1b5a:	69 01       	movw	r12, r18
    1b5c:	e1 2c       	mov	r14, r1
    1b5e:	f1 2c       	mov	r15, r1
    1b60:	00 e0       	ldi	r16, 0x00	; 0
    1b62:	10 e0       	ldi	r17, 0x00	; 0
    1b64:	20 e0       	ldi	r18, 0x00	; 0
    1b66:	30 e1       	ldi	r19, 0x10	; 16
    1b68:	45 ea       	ldi	r20, 0xA5	; 165
    1b6a:	54 ed       	ldi	r21, 0xD4	; 212
    1b6c:	68 ee       	ldi	r22, 0xE8	; 232
    1b6e:	70 e0       	ldi	r23, 0x00	; 0
    1b70:	80 e0       	ldi	r24, 0x00	; 0
    1b72:	90 e0       	ldi	r25, 0x00	; 0
    1b74:	0e 94 d8 1f 	call	0x3fb0	; 0x3fb0 <__udivdi3>
    1b78:	2a 83       	std	Y+2, r18	; 0x02
    1b7a:	3b 83       	std	Y+3, r19	; 0x03
    1b7c:	4c 83       	std	Y+4, r20	; 0x04
    1b7e:	5d 83       	std	Y+5, r21	; 0x05
    1b80:	1a 8a       	std	Y+18, r1	; 0x12
    1b82:	1b 8a       	std	Y+19, r1	; 0x13
    1b84:	1c 8a       	std	Y+20, r1	; 0x14
    1b86:	1d 8a       	std	Y+21, r1	; 0x15
    1b88:	1e 8a       	std	Y+22, r1	; 0x16
    1b8a:	1f 8a       	std	Y+23, r1	; 0x17
    1b8c:	18 8e       	std	Y+24, r1	; 0x18
    1b8e:	19 8e       	std	Y+25, r1	; 0x19
    1b90:	df 91       	pop	r29
    1b92:	cf 91       	pop	r28
    1b94:	1f 91       	pop	r17
    1b96:	0f 91       	pop	r16
    1b98:	ff 90       	pop	r15
    1b9a:	ef 90       	pop	r14
    1b9c:	df 90       	pop	r13
    1b9e:	cf 90       	pop	r12
    1ba0:	bf 90       	pop	r11
    1ba2:	af 90       	pop	r10
    1ba4:	08 95       	ret

00001ba6 <TDC7200::spiReadReg8(unsigned char)>:
_ZN7TDC720011spiReadReg8Eh():
    1ba6:	1f 93       	push	r17
    1ba8:	cf 93       	push	r28
    1baa:	df 93       	push	r29
    1bac:	ec 01       	movw	r28, r24
    1bae:	16 2f       	mov	r17, r22
    1bb0:	80 e5       	ldi	r24, 0x50	; 80
    1bb2:	91 e0       	ldi	r25, 0x01	; 1
    1bb4:	0e 94 c2 01 	call	0x384	; 0x384 <SPIClass::beginTransaction(SPISettings)>
    1bb8:	60 e0       	ldi	r22, 0x00	; 0
    1bba:	89 81       	ldd	r24, Y+1	; 0x01
    1bbc:	0e 94 b3 1a 	call	0x3566	; 0x3566 <digitalWrite>
    1bc0:	81 2f       	mov	r24, r17
    1bc2:	8f 71       	andi	r24, 0x1F	; 31
    1bc4:	0e 94 88 0d 	call	0x1b10	; 0x1b10 <SPIClass::transfer(unsigned char)>
    1bc8:	80 e0       	ldi	r24, 0x00	; 0
    1bca:	0e 94 88 0d 	call	0x1b10	; 0x1b10 <SPIClass::transfer(unsigned char)>
    1bce:	18 2f       	mov	r17, r24
    1bd0:	61 e0       	ldi	r22, 0x01	; 1
    1bd2:	89 81       	ldd	r24, Y+1	; 0x01
    1bd4:	0e 94 b3 1a 	call	0x3566	; 0x3566 <digitalWrite>
    1bd8:	0e 94 8e 0d 	call	0x1b1c	; 0x1b1c <SPIClass::endTransaction()>
    1bdc:	81 2f       	mov	r24, r17
    1bde:	df 91       	pop	r29
    1be0:	cf 91       	pop	r28
    1be2:	1f 91       	pop	r17
    1be4:	08 95       	ret

00001be6 <TDC7200::spiReadReg24(unsigned char)>:
_ZN7TDC720012spiReadReg24Eh():
    1be6:	cf 92       	push	r12
    1be8:	df 92       	push	r13
    1bea:	ef 92       	push	r14
    1bec:	ff 92       	push	r15
    1bee:	1f 93       	push	r17
    1bf0:	cf 93       	push	r28
    1bf2:	df 93       	push	r29
    1bf4:	ec 01       	movw	r28, r24
    1bf6:	16 2f       	mov	r17, r22
    1bf8:	80 e5       	ldi	r24, 0x50	; 80
    1bfa:	91 e0       	ldi	r25, 0x01	; 1
    1bfc:	0e 94 c2 01 	call	0x384	; 0x384 <SPIClass::beginTransaction(SPISettings)>
    1c00:	60 e0       	ldi	r22, 0x00	; 0
    1c02:	89 81       	ldd	r24, Y+1	; 0x01
    1c04:	0e 94 b3 1a 	call	0x3566	; 0x3566 <digitalWrite>
    1c08:	81 2f       	mov	r24, r17
    1c0a:	8f 71       	andi	r24, 0x1F	; 31
    1c0c:	0e 94 88 0d 	call	0x1b10	; 0x1b10 <SPIClass::transfer(unsigned char)>
    1c10:	80 e0       	ldi	r24, 0x00	; 0
    1c12:	0e 94 88 0d 	call	0x1b10	; 0x1b10 <SPIClass::transfer(unsigned char)>
    1c16:	90 e0       	ldi	r25, 0x00	; 0
    1c18:	b0 e0       	ldi	r27, 0x00	; 0
    1c1a:	a0 e0       	ldi	r26, 0x00	; 0
    1c1c:	cc 24       	eor	r12, r12
    1c1e:	d8 2e       	mov	r13, r24
    1c20:	e9 2e       	mov	r14, r25
    1c22:	fa 2e       	mov	r15, r26
    1c24:	80 e0       	ldi	r24, 0x00	; 0
    1c26:	0e 94 88 0d 	call	0x1b10	; 0x1b10 <SPIClass::transfer(unsigned char)>
    1c2a:	c8 2a       	or	r12, r24
    1c2c:	fe 2c       	mov	r15, r14
    1c2e:	ed 2c       	mov	r14, r13
    1c30:	dc 2c       	mov	r13, r12
    1c32:	cc 24       	eor	r12, r12
    1c34:	80 e0       	ldi	r24, 0x00	; 0
    1c36:	0e 94 88 0d 	call	0x1b10	; 0x1b10 <SPIClass::transfer(unsigned char)>
    1c3a:	c8 2a       	or	r12, r24
    1c3c:	61 e0       	ldi	r22, 0x01	; 1
    1c3e:	89 81       	ldd	r24, Y+1	; 0x01
    1c40:	0e 94 b3 1a 	call	0x3566	; 0x3566 <digitalWrite>
    1c44:	0e 94 8e 0d 	call	0x1b1c	; 0x1b1c <SPIClass::endTransaction()>
    1c48:	c7 01       	movw	r24, r14
    1c4a:	b6 01       	movw	r22, r12
    1c4c:	df 91       	pop	r29
    1c4e:	cf 91       	pop	r28
    1c50:	1f 91       	pop	r17
    1c52:	ff 90       	pop	r15
    1c54:	ef 90       	pop	r14
    1c56:	df 90       	pop	r13
    1c58:	cf 90       	pop	r12
    1c5a:	08 95       	ret

00001c5c <TDC7200::readMeasurement(unsigned char, unsigned long long&)>:
_ZN7TDC720015readMeasurementEhRy():
    1c5c:	2f 92       	push	r2
    1c5e:	3f 92       	push	r3
    1c60:	4f 92       	push	r4
    1c62:	5f 92       	push	r5
    1c64:	6f 92       	push	r6
    1c66:	7f 92       	push	r7
    1c68:	8f 92       	push	r8
    1c6a:	9f 92       	push	r9
    1c6c:	af 92       	push	r10
    1c6e:	bf 92       	push	r11
    1c70:	cf 92       	push	r12
    1c72:	df 92       	push	r13
    1c74:	ef 92       	push	r14
    1c76:	ff 92       	push	r15
    1c78:	0f 93       	push	r16
    1c7a:	1f 93       	push	r17
    1c7c:	cf 93       	push	r28
    1c7e:	df 93       	push	r29
    1c80:	cd b7       	in	r28, 0x3d	; 61
    1c82:	de b7       	in	r29, 0x3e	; 62
    1c84:	64 97       	sbiw	r28, 0x14	; 20
    1c86:	0f b6       	in	r0, 0x3f	; 63
    1c88:	f8 94       	cli
    1c8a:	de bf       	out	0x3e, r29	; 62
    1c8c:	0f be       	out	0x3f, r0	; 63
    1c8e:	cd bf       	out	0x3d, r28	; 61
    1c90:	fa 01       	movw	r30, r20
    1c92:	10 82       	st	Z, r1
    1c94:	11 82       	std	Z+1, r1	; 0x01
    1c96:	12 82       	std	Z+2, r1	; 0x02
    1c98:	13 82       	std	Z+3, r1	; 0x03
    1c9a:	14 82       	std	Z+4, r1	; 0x04
    1c9c:	15 82       	std	Z+5, r1	; 0x05
    1c9e:	16 82       	std	Z+6, r1	; 0x06
    1ca0:	17 82       	std	Z+7, r1	; 0x07
    1ca2:	dc 01       	movw	r26, r24
    1ca4:	19 96       	adiw	r26, 0x09	; 9
    1ca6:	2c 91       	ld	r18, X
    1ca8:	26 17       	cp	r18, r22
    1caa:	08 f4       	brcc	.+2      	; 0x1cae <TDC7200::readMeasurement(unsigned char, unsigned long long&)+0x52>
    1cac:	8c c0       	rjmp	.+280    	; 0x1dc6 <TDC7200::readMeasurement(unsigned char, unsigned long long&)+0x16a>
    1cae:	4a 01       	movw	r8, r20
    1cb0:	69 83       	std	Y+1, r22	; 0x01
    1cb2:	9c 8b       	std	Y+20, r25	; 0x14
    1cb4:	8b 8b       	std	Y+19, r24	; 0x13
    1cb6:	fc 01       	movw	r30, r24
    1cb8:	22 85       	ldd	r18, Z+10	; 0x0a
    1cba:	33 85       	ldd	r19, Z+11	; 0x0b
    1cbc:	44 85       	ldd	r20, Z+12	; 0x0c
    1cbe:	55 85       	ldd	r21, Z+13	; 0x0d
    1cc0:	66 85       	ldd	r22, Z+14	; 0x0e
    1cc2:	77 85       	ldd	r23, Z+15	; 0x0f
    1cc4:	80 89       	ldd	r24, Z+16	; 0x10
    1cc6:	91 89       	ldd	r25, Z+17	; 0x11
    1cc8:	a0 e0       	ldi	r26, 0x00	; 0
    1cca:	0e 94 c4 20 	call	0x4188	; 0x4188 <__cmpdi2_s8>
    1cce:	09 f0       	breq	.+2      	; 0x1cd2 <TDC7200::readMeasurement(unsigned char, unsigned long long&)+0x76>
    1cd0:	72 c0       	rjmp	.+228    	; 0x1db6 <TDC7200::readMeasurement(unsigned char, unsigned long long&)+0x15a>
    1cd2:	6b e1       	ldi	r22, 0x1B	; 27
    1cd4:	cf 01       	movw	r24, r30
    1cd6:	0e 94 f3 0d 	call	0x1be6	; 0x1be6 <TDC7200::spiReadReg24(unsigned char)>
    1cda:	69 87       	std	Y+9, r22	; 0x09
    1cdc:	7a 87       	std	Y+10, r23	; 0x0a
    1cde:	8b 87       	std	Y+11, r24	; 0x0b
    1ce0:	9c 87       	std	Y+12, r25	; 0x0c
    1ce2:	6c e1       	ldi	r22, 0x1C	; 28
    1ce4:	8b 89       	ldd	r24, Y+19	; 0x13
    1ce6:	9c 89       	ldd	r25, Y+20	; 0x14
    1ce8:	0e 94 f3 0d 	call	0x1be6	; 0x1be6 <TDC7200::spiReadReg24(unsigned char)>
    1cec:	6d 87       	std	Y+13, r22	; 0x0d
    1cee:	7e 87       	std	Y+14, r23	; 0x0e
    1cf0:	8f 87       	std	Y+15, r24	; 0x0f
    1cf2:	98 8b       	std	Y+16, r25	; 0x10
    1cf4:	eb 89       	ldd	r30, Y+19	; 0x13
    1cf6:	fc 89       	ldd	r31, Y+20	; 0x14
    1cf8:	82 81       	ldd	r24, Z+2	; 0x02
    1cfa:	93 81       	ldd	r25, Z+3	; 0x03
    1cfc:	a4 81       	ldd	r26, Z+4	; 0x04
    1cfe:	b5 81       	ldd	r27, Z+5	; 0x05
    1d00:	9c 01       	movw	r18, r24
    1d02:	ad 01       	movw	r20, r26
    1d04:	60 e0       	ldi	r22, 0x00	; 0
    1d06:	70 e0       	ldi	r23, 0x00	; 0
    1d08:	80 e0       	ldi	r24, 0x00	; 0
    1d0a:	90 e0       	ldi	r25, 0x00	; 0
    1d0c:	08 e2       	ldi	r16, 0x28	; 40
    1d0e:	0e 94 7c 20 	call	0x40f8	; 0x40f8 <__ashldi3>
    1d12:	32 2e       	mov	r3, r18
    1d14:	43 2e       	mov	r4, r19
    1d16:	54 2e       	mov	r5, r20
    1d18:	65 2e       	mov	r6, r21
    1d1a:	76 2e       	mov	r7, r22
    1d1c:	27 2e       	mov	r2, r23
    1d1e:	89 8b       	std	Y+17, r24	; 0x11
    1d20:	9a 8b       	std	Y+18, r25	; 0x12
    1d22:	8d 85       	ldd	r24, Y+13	; 0x0d
    1d24:	9e 85       	ldd	r25, Y+14	; 0x0e
    1d26:	af 85       	ldd	r26, Y+15	; 0x0f
    1d28:	b8 89       	ldd	r27, Y+16	; 0x10
    1d2a:	e9 84       	ldd	r14, Y+9	; 0x09
    1d2c:	fa 84       	ldd	r15, Y+10	; 0x0a
    1d2e:	0b 85       	ldd	r16, Y+11	; 0x0b
    1d30:	1c 85       	ldd	r17, Y+12	; 0x0c
    1d32:	8e 19       	sub	r24, r14
    1d34:	9f 09       	sbc	r25, r15
    1d36:	a0 0b       	sbc	r26, r16
    1d38:	b1 0b       	sbc	r27, r17
    1d3a:	9c 01       	movw	r18, r24
    1d3c:	ad 01       	movw	r20, r26
    1d3e:	60 e0       	ldi	r22, 0x00	; 0
    1d40:	70 e0       	ldi	r23, 0x00	; 0
    1d42:	80 e0       	ldi	r24, 0x00	; 0
    1d44:	90 e0       	ldi	r25, 0x00	; 0
    1d46:	04 e1       	ldi	r16, 0x14	; 20
    1d48:	0e 94 7c 20 	call	0x40f8	; 0x40f8 <__ashldi3>
    1d4c:	e6 81       	ldd	r30, Z+6	; 0x06
    1d4e:	e1 50       	subi	r30, 0x01	; 1
    1d50:	ff 0b       	sbc	r31, r31
    1d52:	1f 2f       	mov	r17, r31
    1d54:	11 0f       	add	r17, r17
    1d56:	11 0b       	sbc	r17, r17
    1d58:	5f 01       	movw	r10, r30
    1d5a:	c1 2e       	mov	r12, r17
    1d5c:	d1 2e       	mov	r13, r17
    1d5e:	e1 2e       	mov	r14, r17
    1d60:	f1 2e       	mov	r15, r17
    1d62:	01 2f       	mov	r16, r17
    1d64:	0e 94 a7 1f 	call	0x3f4e	; 0x3f4e <__divdi3>
    1d68:	59 01       	movw	r10, r18
    1d6a:	6a 01       	movw	r12, r20
    1d6c:	7b 01       	movw	r14, r22
    1d6e:	8c 01       	movw	r16, r24
    1d70:	23 2d       	mov	r18, r3
    1d72:	34 2d       	mov	r19, r4
    1d74:	45 2d       	mov	r20, r5
    1d76:	56 2d       	mov	r21, r6
    1d78:	67 2d       	mov	r22, r7
    1d7a:	72 2d       	mov	r23, r2
    1d7c:	89 89       	ldd	r24, Y+17	; 0x11
    1d7e:	9a 89       	ldd	r25, Y+18	; 0x12
    1d80:	0e 94 d8 1f 	call	0x3fb0	; 0x3fb0 <__udivdi3>
    1d84:	ab 89       	ldd	r26, Y+19	; 0x13
    1d86:	bc 89       	ldd	r27, Y+20	; 0x14
    1d88:	1a 96       	adiw	r26, 0x0a	; 10
    1d8a:	2c 93       	st	X, r18
    1d8c:	1a 97       	sbiw	r26, 0x0a	; 10
    1d8e:	1b 96       	adiw	r26, 0x0b	; 11
    1d90:	3c 93       	st	X, r19
    1d92:	1b 97       	sbiw	r26, 0x0b	; 11
    1d94:	1c 96       	adiw	r26, 0x0c	; 12
    1d96:	4c 93       	st	X, r20
    1d98:	1c 97       	sbiw	r26, 0x0c	; 12
    1d9a:	1d 96       	adiw	r26, 0x0d	; 13
    1d9c:	5c 93       	st	X, r21
    1d9e:	1d 97       	sbiw	r26, 0x0d	; 13
    1da0:	1e 96       	adiw	r26, 0x0e	; 14
    1da2:	6c 93       	st	X, r22
    1da4:	1e 97       	sbiw	r26, 0x0e	; 14
    1da6:	1f 96       	adiw	r26, 0x0f	; 15
    1da8:	7c 93       	st	X, r23
    1daa:	1f 97       	sbiw	r26, 0x0f	; 15
    1dac:	50 96       	adiw	r26, 0x10	; 16
    1dae:	8c 93       	st	X, r24
    1db0:	50 97       	sbiw	r26, 0x10	; 16
    1db2:	51 96       	adiw	r26, 0x11	; 17
    1db4:	9c 93       	st	X, r25
    1db6:	eb 89       	ldd	r30, Y+19	; 0x13
    1db8:	fc 89       	ldd	r31, Y+20	; 0x14
    1dba:	80 85       	ldd	r24, Z+8	; 0x08
    1dbc:	81 30       	cpi	r24, 0x01	; 1
    1dbe:	e9 f0       	breq	.+58     	; 0x1dfa <TDC7200::readMeasurement(unsigned char, unsigned long long&)+0x19e>
    1dc0:	82 30       	cpi	r24, 0x02	; 2
    1dc2:	09 f4       	brne	.+2      	; 0x1dc6 <TDC7200::readMeasurement(unsigned char, unsigned long long&)+0x16a>
    1dc4:	74 c0       	rjmp	.+232    	; 0x1eae <TDC7200::readMeasurement(unsigned char, unsigned long long&)+0x252>
    1dc6:	80 e0       	ldi	r24, 0x00	; 0
    1dc8:	64 96       	adiw	r28, 0x14	; 20
    1dca:	0f b6       	in	r0, 0x3f	; 63
    1dcc:	f8 94       	cli
    1dce:	de bf       	out	0x3e, r29	; 62
    1dd0:	0f be       	out	0x3f, r0	; 63
    1dd2:	cd bf       	out	0x3d, r28	; 61
    1dd4:	df 91       	pop	r29
    1dd6:	cf 91       	pop	r28
    1dd8:	1f 91       	pop	r17
    1dda:	0f 91       	pop	r16
    1ddc:	ff 90       	pop	r15
    1dde:	ef 90       	pop	r14
    1de0:	df 90       	pop	r13
    1de2:	cf 90       	pop	r12
    1de4:	bf 90       	pop	r11
    1de6:	af 90       	pop	r10
    1de8:	9f 90       	pop	r9
    1dea:	8f 90       	pop	r8
    1dec:	7f 90       	pop	r7
    1dee:	6f 90       	pop	r6
    1df0:	5f 90       	pop	r5
    1df2:	4f 90       	pop	r4
    1df4:	3f 90       	pop	r3
    1df6:	2f 90       	pop	r2
    1df8:	08 95       	ret
    1dfa:	69 81       	ldd	r22, Y+1	; 0x01
    1dfc:	69 5f       	subi	r22, 0xF9	; 249
    1dfe:	66 0f       	add	r22, r22
    1e00:	8b 89       	ldd	r24, Y+19	; 0x13
    1e02:	9c 89       	ldd	r25, Y+20	; 0x14
    1e04:	0e 94 f3 0d 	call	0x1be6	; 0x1be6 <TDC7200::spiReadReg24(unsigned char)>
    1e08:	7b 01       	movw	r14, r22
    1e0a:	8c 01       	movw	r16, r24
    1e0c:	20 e0       	ldi	r18, 0x00	; 0
    1e0e:	30 e0       	ldi	r19, 0x00	; 0
    1e10:	a9 01       	movw	r20, r18
    1e12:	69 83       	std	Y+1, r22	; 0x01
    1e14:	fa 82       	std	Y+2, r15	; 0x02
    1e16:	8b 83       	std	Y+3, r24	; 0x03
    1e18:	1c 83       	std	Y+4, r17	; 0x04
    1e1a:	2d 83       	std	Y+5, r18	; 0x05
    1e1c:	3e 83       	std	Y+6, r19	; 0x06
    1e1e:	4f 83       	std	Y+7, r20	; 0x07
    1e20:	58 87       	std	Y+8, r21	; 0x08
    1e22:	ab 89       	ldd	r26, Y+19	; 0x13
    1e24:	bc 89       	ldd	r27, Y+20	; 0x14
    1e26:	1a 96       	adiw	r26, 0x0a	; 10
    1e28:	ac 90       	ld	r10, X
    1e2a:	1a 97       	sbiw	r26, 0x0a	; 10
    1e2c:	1b 96       	adiw	r26, 0x0b	; 11
    1e2e:	bc 90       	ld	r11, X
    1e30:	1b 97       	sbiw	r26, 0x0b	; 11
    1e32:	1c 96       	adiw	r26, 0x0c	; 12
    1e34:	cc 90       	ld	r12, X
    1e36:	1c 97       	sbiw	r26, 0x0c	; 12
    1e38:	1d 96       	adiw	r26, 0x0d	; 13
    1e3a:	dc 90       	ld	r13, X
    1e3c:	1d 97       	sbiw	r26, 0x0d	; 13
    1e3e:	1e 96       	adiw	r26, 0x0e	; 14
    1e40:	ec 90       	ld	r14, X
    1e42:	1e 97       	sbiw	r26, 0x0e	; 14
    1e44:	1f 96       	adiw	r26, 0x0f	; 15
    1e46:	fc 90       	ld	r15, X
    1e48:	1f 97       	sbiw	r26, 0x0f	; 15
    1e4a:	50 96       	adiw	r26, 0x10	; 16
    1e4c:	0c 91       	ld	r16, X
    1e4e:	50 97       	sbiw	r26, 0x10	; 16
    1e50:	51 96       	adiw	r26, 0x11	; 17
    1e52:	1c 91       	ld	r17, X
    1e54:	29 81       	ldd	r18, Y+1	; 0x01
    1e56:	3a 81       	ldd	r19, Y+2	; 0x02
    1e58:	4b 81       	ldd	r20, Y+3	; 0x03
    1e5a:	5c 81       	ldd	r21, Y+4	; 0x04
    1e5c:	60 e0       	ldi	r22, 0x00	; 0
    1e5e:	70 e0       	ldi	r23, 0x00	; 0
    1e60:	80 e0       	ldi	r24, 0x00	; 0
    1e62:	90 e0       	ldi	r25, 0x00	; 0
    1e64:	0e 94 22 1f 	call	0x3e44	; 0x3e44 <__muldi3>
    1e68:	04 e1       	ldi	r16, 0x14	; 20
    1e6a:	0e 94 95 20 	call	0x412a	; 0x412a <__ashrdi3>
    1e6e:	f4 01       	movw	r30, r8
    1e70:	20 83       	st	Z, r18
    1e72:	31 83       	std	Z+1, r19	; 0x01
    1e74:	42 83       	std	Z+2, r20	; 0x02
    1e76:	53 83       	std	Z+3, r21	; 0x03
    1e78:	64 83       	std	Z+4, r22	; 0x04
    1e7a:	75 83       	std	Z+5, r23	; 0x05
    1e7c:	86 83       	std	Z+6, r24	; 0x06
    1e7e:	97 83       	std	Z+7, r25	; 0x07
    1e80:	f4 01       	movw	r30, r8
    1e82:	20 81       	ld	r18, Z
    1e84:	31 81       	ldd	r19, Z+1	; 0x01
    1e86:	42 81       	ldd	r20, Z+2	; 0x02
    1e88:	53 81       	ldd	r21, Z+3	; 0x03
    1e8a:	64 81       	ldd	r22, Z+4	; 0x04
    1e8c:	75 81       	ldd	r23, Z+5	; 0x05
    1e8e:	86 81       	ldd	r24, Z+6	; 0x06
    1e90:	97 81       	ldd	r25, Z+7	; 0x07
    1e92:	af ef       	ldi	r26, 0xFF	; 255
    1e94:	0e 94 c4 20 	call	0x4188	; 0x4188 <__cmpdi2_s8>
    1e98:	41 f4       	brne	.+16     	; 0x1eaa <TDC7200::readMeasurement(unsigned char, unsigned long long&)+0x24e>
    1e9a:	10 82       	st	Z, r1
    1e9c:	11 82       	std	Z+1, r1	; 0x01
    1e9e:	12 82       	std	Z+2, r1	; 0x02
    1ea0:	13 82       	std	Z+3, r1	; 0x03
    1ea2:	14 82       	std	Z+4, r1	; 0x04
    1ea4:	15 82       	std	Z+5, r1	; 0x05
    1ea6:	16 82       	std	Z+6, r1	; 0x06
    1ea8:	17 82       	std	Z+7, r1	; 0x07
    1eaa:	81 e0       	ldi	r24, 0x01	; 1
    1eac:	8d cf       	rjmp	.-230    	; 0x1dc8 <TDC7200::readMeasurement(unsigned char, unsigned long long&)+0x16c>
    1eae:	60 e1       	ldi	r22, 0x10	; 16
    1eb0:	8b 89       	ldd	r24, Y+19	; 0x13
    1eb2:	9c 89       	ldd	r25, Y+20	; 0x14
    1eb4:	0e 94 f3 0d 	call	0x1be6	; 0x1be6 <TDC7200::spiReadReg24(unsigned char)>
    1eb8:	6b 01       	movw	r12, r22
    1eba:	7c 01       	movw	r14, r24
    1ebc:	19 81       	ldd	r17, Y+1	; 0x01
    1ebe:	18 5f       	subi	r17, 0xF8	; 248
    1ec0:	11 0f       	add	r17, r17
    1ec2:	61 2f       	mov	r22, r17
    1ec4:	8b 89       	ldd	r24, Y+19	; 0x13
    1ec6:	9c 89       	ldd	r25, Y+20	; 0x14
    1ec8:	0e 94 f3 0d 	call	0x1be6	; 0x1be6 <TDC7200::spiReadReg24(unsigned char)>
    1ecc:	69 83       	std	Y+1, r22	; 0x01
    1ece:	7a 83       	std	Y+2, r23	; 0x02
    1ed0:	8b 83       	std	Y+3, r24	; 0x03
    1ed2:	9c 83       	std	Y+4, r25	; 0x04
    1ed4:	6f ef       	ldi	r22, 0xFF	; 255
    1ed6:	61 0f       	add	r22, r17
    1ed8:	8b 89       	ldd	r24, Y+19	; 0x13
    1eda:	9c 89       	ldd	r25, Y+20	; 0x14
    1edc:	0e 94 f3 0d 	call	0x1be6	; 0x1be6 <TDC7200::spiReadReg24(unsigned char)>
    1ee0:	2b 01       	movw	r4, r22
    1ee2:	3c 01       	movw	r6, r24
    1ee4:	56 01       	movw	r10, r12
    1ee6:	49 81       	ldd	r20, Y+1	; 0x01
    1ee8:	5a 81       	ldd	r21, Y+2	; 0x02
    1eea:	6b 81       	ldd	r22, Y+3	; 0x03
    1eec:	7c 81       	ldd	r23, Y+4	; 0x04
    1eee:	9a 01       	movw	r18, r20
    1ef0:	ab 01       	movw	r20, r22
    1ef2:	60 e0       	ldi	r22, 0x00	; 0
    1ef4:	70 e0       	ldi	r23, 0x00	; 0
    1ef6:	cb 01       	movw	r24, r22
    1ef8:	29 83       	std	Y+1, r18	; 0x01
    1efa:	3a 83       	std	Y+2, r19	; 0x02
    1efc:	4b 83       	std	Y+3, r20	; 0x03
    1efe:	5c 83       	std	Y+4, r21	; 0x04
    1f00:	6d 83       	std	Y+5, r22	; 0x05
    1f02:	7e 83       	std	Y+6, r23	; 0x06
    1f04:	8f 83       	std	Y+7, r24	; 0x07
    1f06:	98 87       	std	Y+8, r25	; 0x08
    1f08:	95 01       	movw	r18, r10
    1f0a:	a7 01       	movw	r20, r14
    1f0c:	60 e0       	ldi	r22, 0x00	; 0
    1f0e:	70 e0       	ldi	r23, 0x00	; 0
    1f10:	80 e0       	ldi	r24, 0x00	; 0
    1f12:	90 e0       	ldi	r25, 0x00	; 0
    1f14:	a9 80       	ldd	r10, Y+1	; 0x01
    1f16:	ba 80       	ldd	r11, Y+2	; 0x02
    1f18:	cb 80       	ldd	r12, Y+3	; 0x03
    1f1a:	dc 80       	ldd	r13, Y+4	; 0x04
    1f1c:	e1 2c       	mov	r14, r1
    1f1e:	f1 2c       	mov	r15, r1
    1f20:	00 e0       	ldi	r16, 0x00	; 0
    1f22:	10 e0       	ldi	r17, 0x00	; 0
    1f24:	0e 94 bb 20 	call	0x4176	; 0x4176 <__subdi3>
    1f28:	ab 89       	ldd	r26, Y+19	; 0x13
    1f2a:	bc 89       	ldd	r27, Y+20	; 0x14
    1f2c:	1a 96       	adiw	r26, 0x0a	; 10
    1f2e:	ac 90       	ld	r10, X
    1f30:	1a 97       	sbiw	r26, 0x0a	; 10
    1f32:	1b 96       	adiw	r26, 0x0b	; 11
    1f34:	bc 90       	ld	r11, X
    1f36:	1b 97       	sbiw	r26, 0x0b	; 11
    1f38:	1c 96       	adiw	r26, 0x0c	; 12
    1f3a:	cc 90       	ld	r12, X
    1f3c:	1c 97       	sbiw	r26, 0x0c	; 12
    1f3e:	1d 96       	adiw	r26, 0x0d	; 13
    1f40:	dc 90       	ld	r13, X
    1f42:	1d 97       	sbiw	r26, 0x0d	; 13
    1f44:	1e 96       	adiw	r26, 0x0e	; 14
    1f46:	ec 90       	ld	r14, X
    1f48:	1e 97       	sbiw	r26, 0x0e	; 14
    1f4a:	1f 96       	adiw	r26, 0x0f	; 15
    1f4c:	fc 90       	ld	r15, X
    1f4e:	1f 97       	sbiw	r26, 0x0f	; 15
    1f50:	50 96       	adiw	r26, 0x10	; 16
    1f52:	0c 91       	ld	r16, X
    1f54:	50 97       	sbiw	r26, 0x10	; 16
    1f56:	51 96       	adiw	r26, 0x11	; 17
    1f58:	1c 91       	ld	r17, X
    1f5a:	0e 94 22 1f 	call	0x3e44	; 0x3e44 <__muldi3>
    1f5e:	04 e1       	ldi	r16, 0x14	; 20
    1f60:	0e 94 95 20 	call	0x412a	; 0x412a <__ashrdi3>
    1f64:	59 01       	movw	r10, r18
    1f66:	6a 01       	movw	r12, r20
    1f68:	7b 01       	movw	r14, r22
    1f6a:	1c 01       	movw	r2, r24
    1f6c:	c3 01       	movw	r24, r6
    1f6e:	b2 01       	movw	r22, r4
    1f70:	eb 89       	ldd	r30, Y+19	; 0x13
    1f72:	fc 89       	ldd	r31, Y+20	; 0x14
    1f74:	22 81       	ldd	r18, Z+2	; 0x02
    1f76:	33 81       	ldd	r19, Z+3	; 0x03
    1f78:	44 81       	ldd	r20, Z+4	; 0x04
    1f7a:	55 81       	ldd	r21, Z+5	; 0x05
    1f7c:	0e 94 7a 1f 	call	0x3ef4	; 0x3ef4 <__umulsidi3>
    1f80:	29 87       	std	Y+9, r18	; 0x09
    1f82:	39 83       	std	Y+1, r19	; 0x01
    1f84:	b4 2f       	mov	r27, r20
    1f86:	a5 2f       	mov	r26, r21
    1f88:	f6 2f       	mov	r31, r22
    1f8a:	e7 2f       	mov	r30, r23
    1f8c:	8c 01       	movw	r16, r24
    1f8e:	95 01       	movw	r18, r10
    1f90:	a6 01       	movw	r20, r12
    1f92:	b7 01       	movw	r22, r14
    1f94:	c1 01       	movw	r24, r2
    1f96:	a9 84       	ldd	r10, Y+9	; 0x09
    1f98:	b9 80       	ldd	r11, Y+1	; 0x01
    1f9a:	cb 2e       	mov	r12, r27
    1f9c:	da 2e       	mov	r13, r26
    1f9e:	ef 2e       	mov	r14, r31
    1fa0:	fe 2e       	mov	r15, r30
    1fa2:	0e 94 b2 20 	call	0x4164	; 0x4164 <__adddi3>
    1fa6:	d4 01       	movw	r26, r8
    1fa8:	2c 93       	st	X, r18
    1faa:	11 96       	adiw	r26, 0x01	; 1
    1fac:	3c 93       	st	X, r19
    1fae:	11 97       	sbiw	r26, 0x01	; 1
    1fb0:	12 96       	adiw	r26, 0x02	; 2
    1fb2:	4c 93       	st	X, r20
    1fb4:	12 97       	sbiw	r26, 0x02	; 2
    1fb6:	13 96       	adiw	r26, 0x03	; 3
    1fb8:	5c 93       	st	X, r21
    1fba:	13 97       	sbiw	r26, 0x03	; 3
    1fbc:	14 96       	adiw	r26, 0x04	; 4
    1fbe:	6c 93       	st	X, r22
    1fc0:	14 97       	sbiw	r26, 0x04	; 4
    1fc2:	15 96       	adiw	r26, 0x05	; 5
    1fc4:	7c 93       	st	X, r23
    1fc6:	15 97       	sbiw	r26, 0x05	; 5
    1fc8:	16 96       	adiw	r26, 0x06	; 6
    1fca:	8c 93       	st	X, r24
    1fcc:	16 97       	sbiw	r26, 0x06	; 6
    1fce:	17 96       	adiw	r26, 0x07	; 7
    1fd0:	9c 93       	st	X, r25
    1fd2:	56 cf       	rjmp	.-340    	; 0x1e80 <TDC7200::readMeasurement(unsigned char, unsigned long long&)+0x224>

00001fd4 <TDC7200::spiWriteReg8(unsigned char, unsigned char)>:
_ZN7TDC720012spiWriteReg8Ehh():
    1fd4:	0f 93       	push	r16
    1fd6:	1f 93       	push	r17
    1fd8:	cf 93       	push	r28
    1fda:	df 93       	push	r29
    1fdc:	8c 01       	movw	r16, r24
    1fde:	c6 2f       	mov	r28, r22
    1fe0:	d4 2f       	mov	r29, r20
    1fe2:	80 e5       	ldi	r24, 0x50	; 80
    1fe4:	91 e0       	ldi	r25, 0x01	; 1
    1fe6:	0e 94 c2 01 	call	0x384	; 0x384 <SPIClass::beginTransaction(SPISettings)>
    1fea:	60 e0       	ldi	r22, 0x00	; 0
    1fec:	f8 01       	movw	r30, r16
    1fee:	81 81       	ldd	r24, Z+1	; 0x01
    1ff0:	0e 94 b3 1a 	call	0x3566	; 0x3566 <digitalWrite>
    1ff4:	cf 71       	andi	r28, 0x1F	; 31
    1ff6:	c0 64       	ori	r28, 0x40	; 64
    1ff8:	9c 2f       	mov	r25, r28
    1ffa:	8d 2f       	mov	r24, r29
    1ffc:	0e 94 dc 01 	call	0x3b8	; 0x3b8 <SPIClass::transfer16(unsigned int)>
    2000:	61 e0       	ldi	r22, 0x01	; 1
    2002:	f8 01       	movw	r30, r16
    2004:	81 81       	ldd	r24, Z+1	; 0x01
    2006:	0e 94 b3 1a 	call	0x3566	; 0x3566 <digitalWrite>
    200a:	df 91       	pop	r29
    200c:	cf 91       	pop	r28
    200e:	1f 91       	pop	r17
    2010:	0f 91       	pop	r16
    2012:	0c 94 8e 0d 	jmp	0x1b1c	; 0x1b1c <SPIClass::endTransaction()>

00002016 <TDC7200::begin()>:
_ZN7TDC72005beginEv():
    2016:	cf 93       	push	r28
    2018:	df 93       	push	r29
    201a:	ec 01       	movw	r28, r24
    201c:	60 e0       	ldi	r22, 0x00	; 0
    201e:	88 81       	ld	r24, Y
    2020:	0e 94 b3 1a 	call	0x3566	; 0x3566 <digitalWrite>
    2024:	61 e0       	ldi	r22, 0x01	; 1
    2026:	88 81       	ld	r24, Y
    2028:	0e 94 77 1a 	call	0x34ee	; 0x34ee <pinMode>
    202c:	65 e0       	ldi	r22, 0x05	; 5
    202e:	70 e0       	ldi	r23, 0x00	; 0
    2030:	80 e0       	ldi	r24, 0x00	; 0
    2032:	90 e0       	ldi	r25, 0x00	; 0
    2034:	0e 94 06 1a 	call	0x340c	; 0x340c <delay>
    2038:	61 e0       	ldi	r22, 0x01	; 1
    203a:	88 81       	ld	r24, Y
    203c:	0e 94 b3 1a 	call	0x3566	; 0x3566 <digitalWrite>
    2040:	62 e0       	ldi	r22, 0x02	; 2
    2042:	70 e0       	ldi	r23, 0x00	; 0
    2044:	80 e0       	ldi	r24, 0x00	; 0
    2046:	90 e0       	ldi	r25, 0x00	; 0
    2048:	0e 94 06 1a 	call	0x340c	; 0x340c <delay>
    204c:	61 e0       	ldi	r22, 0x01	; 1
    204e:	89 81       	ldd	r24, Y+1	; 0x01
    2050:	0e 94 b3 1a 	call	0x3566	; 0x3566 <digitalWrite>
    2054:	61 e0       	ldi	r22, 0x01	; 1
    2056:	89 81       	ldd	r24, Y+1	; 0x01
    2058:	0e 94 77 1a 	call	0x34ee	; 0x34ee <pinMode>
    205c:	0e 94 32 12 	call	0x2464	; 0x2464 <SPIClass::begin()>
    2060:	61 e0       	ldi	r22, 0x01	; 1
    2062:	ce 01       	movw	r24, r28
    2064:	0e 94 d3 0d 	call	0x1ba6	; 0x1ba6 <TDC7200::spiReadReg8(unsigned char)>
    2068:	80 34       	cpi	r24, 0x40	; 64
    206a:	21 f0       	breq	.+8      	; 0x2074 <TDC7200::begin()+0x5e>
    206c:	80 e0       	ldi	r24, 0x00	; 0
    206e:	df 91       	pop	r29
    2070:	cf 91       	pop	r28
    2072:	08 95       	ret
    2074:	63 e0       	ldi	r22, 0x03	; 3
    2076:	ce 01       	movw	r24, r28
    2078:	0e 94 d3 0d 	call	0x1ba6	; 0x1ba6 <TDC7200::spiReadReg8(unsigned char)>
    207c:	87 30       	cpi	r24, 0x07	; 7
    207e:	b1 f7       	brne	.-20     	; 0x206c <TDC7200::begin()+0x56>
    2080:	47 e0       	ldi	r20, 0x07	; 7
    2082:	63 e0       	ldi	r22, 0x03	; 3
    2084:	ce 01       	movw	r24, r28
    2086:	0e 94 ea 0f 	call	0x1fd4	; 0x1fd4 <TDC7200::spiWriteReg8(unsigned char, unsigned char)>
    208a:	81 e0       	ldi	r24, 0x01	; 1
    208c:	f0 cf       	rjmp	.-32     	; 0x206e <TDC7200::begin()+0x58>

0000208e <TDC7200::setupOverflow(unsigned long long)>:
_ZN7TDC720013setupOverflowEy():
c:\Users\dheer\OneDrive\Documents\Arduino\libraries\TDC7200-master/TDC7200.cpp:189
}

void TDC7200::setupOverflow(const uint64_t overflowPs)
{
    208e:	2f 92       	push	r2
    2090:	3f 92       	push	r3
    2092:	4f 92       	push	r4
    2094:	5f 92       	push	r5
    2096:	6f 92       	push	r6
    2098:	7f 92       	push	r7
    209a:	8f 92       	push	r8
    209c:	9f 92       	push	r9
    209e:	af 92       	push	r10
    20a0:	bf 92       	push	r11
    20a2:	cf 92       	push	r12
    20a4:	df 92       	push	r13
    20a6:	ef 92       	push	r14
    20a8:	ff 92       	push	r15
    20aa:	0f 93       	push	r16
    20ac:	1f 93       	push	r17
    20ae:	cf 93       	push	r28
    20b0:	df 93       	push	r29
    20b2:	00 d0       	rcall	.+0      	; 0x20b4 <TDC7200::setupOverflow(unsigned long long)+0x26>
    20b4:	00 d0       	rcall	.+0      	; 0x20b6 <TDC7200::setupOverflow(unsigned long long)+0x28>
    20b6:	cd b7       	in	r28, 0x3d	; 61
    20b8:	de b7       	in	r29, 0x3e	; 62
    20ba:	9c 83       	std	Y+4, r25	; 0x04
    20bc:	8b 83       	std	Y+3, r24	; 0x03
    20be:	18 01       	movw	r2, r16
    20c0:	29 01       	movw	r4, r18
    20c2:	3a 01       	movw	r6, r20
    20c4:	69 83       	std	Y+1, r22	; 0x01
    20c6:	7a 83       	std	Y+2, r23	; 0x02
c:\Users\dheer\OneDrive\Documents\Arduino\libraries\TDC7200-master/TDC7200.cpp:216

    uint16_t coarseOvf = 0xFFFFu;   // For mode 1, maximum 454.164us
    uint16_t clockOvf  = 0xFFFFu;   // For mode 2, maximum 8.192ms

    // setupOverflow of 0 means as long as possible, so use to max. value.
    if (overflowPs)
    20c8:	98 01       	movw	r18, r16
    20ca:	a2 01       	movw	r20, r4
    20cc:	b3 01       	movw	r22, r6
    20ce:	89 81       	ldd	r24, Y+1	; 0x01
    20d0:	9a 81       	ldd	r25, Y+2	; 0x02
    20d2:	a0 e0       	ldi	r26, 0x00	; 0
    20d4:	0e 94 c4 20 	call	0x4188	; 0x4188 <__cmpdi2_s8>
    20d8:	09 f4       	brne	.+2      	; 0x20dc <TDC7200::setupOverflow(unsigned long long)+0x4e>
    20da:	7d c0       	rjmp	.+250    	; 0x21d6 <TDC7200::setupOverflow(unsigned long long)+0x148>
c:\Users\dheer\OneDrive\Documents\Arduino\libraries\TDC7200-master/TDC7200.cpp:218
    {
        if (1 == m_mode)
    20dc:	eb 81       	ldd	r30, Y+3	; 0x03
    20de:	fc 81       	ldd	r31, Y+4	; 0x04
    20e0:	80 85       	ldd	r24, Z+8	; 0x08
    20e2:	81 30       	cpi	r24, 0x01	; 1
    20e4:	09 f0       	breq	.+2      	; 0x20e8 <TDC7200::setupOverflow(unsigned long long)+0x5a>
    20e6:	5c c0       	rjmp	.+184    	; 0x21a0 <TDC7200::setupOverflow(unsigned long long)+0x112>
c:\Users\dheer\OneDrive\Documents\Arduino\libraries\TDC7200-master/TDC7200.cpp:222
        {
            // Calculate number of ring oscillator ticks
            // Note: (TDC7200_RING_OSC_FREQ_HZ / PS_PER_SEC) == (TDC7200_RING_OSC_FREQ_MHZ / US_PER_SEC)
            const uint32_t ovf = (overflowPs * TDC7200_RING_OSC_FREQ_MHZ) / US_PER_SEC;
    20e8:	80 e9       	ldi	r24, 0x90	; 144
    20ea:	a8 2e       	mov	r10, r24
    20ec:	b1 2c       	mov	r11, r1
    20ee:	c1 2c       	mov	r12, r1
    20f0:	d1 2c       	mov	r13, r1
    20f2:	e1 2c       	mov	r14, r1
    20f4:	f1 2c       	mov	r15, r1
    20f6:	00 e0       	ldi	r16, 0x00	; 0
    20f8:	10 e0       	ldi	r17, 0x00	; 0
    20fa:	89 81       	ldd	r24, Y+1	; 0x01
    20fc:	0e 94 22 1f 	call	0x3e44	; 0x3e44 <__muldi3>
    2100:	e0 e4       	ldi	r30, 0x40	; 64
    2102:	ae 2e       	mov	r10, r30
    2104:	f2 e4       	ldi	r31, 0x42	; 66
    2106:	bf 2e       	mov	r11, r31
    2108:	af e0       	ldi	r26, 0x0F	; 15
    210a:	ca 2e       	mov	r12, r26
    210c:	0e 94 d8 1f 	call	0x3fb0	; 0x3fb0 <__udivdi3>
    2110:	49 01       	movw	r8, r18
    2112:	5a 01       	movw	r10, r20
c:\Users\dheer\OneDrive\Documents\Arduino\libraries\TDC7200-master/TDC7200.cpp:224
            // Clip to upper bound.
            if (ovf < 0xFFFFu)
    2114:	ff ef       	ldi	r31, 0xFF	; 255
    2116:	8f 16       	cp	r8, r31
    2118:	9f 06       	cpc	r9, r31
    211a:	a1 04       	cpc	r10, r1
    211c:	b1 04       	cpc	r11, r1
    211e:	08 f0       	brcs	.+2      	; 0x2122 <TDC7200::setupOverflow(unsigned long long)+0x94>
    2120:	5a c0       	rjmp	.+180    	; 0x21d6 <TDC7200::setupOverflow(unsigned long long)+0x148>
c:\Users\dheer\OneDrive\Documents\Arduino\libraries\TDC7200-master/TDC7200.cpp:226
            {
                coarseOvf = ovf;
    2122:	02 2f       	mov	r16, r18
    2124:	49 2d       	mov	r20, r9
c:\Users\dheer\OneDrive\Documents\Arduino\libraries\TDC7200-master/TDC7200.cpp:213
    // where 63 is the number of delay cells in the internal ring oscillator.
    // You can use the typical normLSB value of 55ps but if you want higher accuracy, then you can measure
    // normLSB (once every minute or so as your application permits) and update the COARSE_CNTR_OVF register.

    uint16_t coarseOvf = 0xFFFFu;   // For mode 1, maximum 454.164us
    uint16_t clockOvf  = 0xFFFFu;   // For mode 2, maximum 8.192ms
    2126:	1f ef       	ldi	r17, 0xFF	; 255
    2128:	ff 24       	eor	r15, r15
    212a:	fa 94       	dec	r15
c:\Users\dheer\OneDrive\Documents\Arduino\libraries\TDC7200-master/TDC7200.cpp:240
                clockOvf = ovf;
            }
        }
    }
    // Write both overflow for mode 1 & 2. If mode 1 is active, mode 2 will be set to max and vice versa.
    spiWriteReg8(TDC7200_REG_ADR_COARSE_CNTR_OVF_H, coarseOvf >> 8);
    212c:	64 e0       	ldi	r22, 0x04	; 4
    212e:	8b 81       	ldd	r24, Y+3	; 0x03
    2130:	9c 81       	ldd	r25, Y+4	; 0x04
    2132:	0e 94 ea 0f 	call	0x1fd4	; 0x1fd4 <TDC7200::spiWriteReg8(unsigned char, unsigned char)>
c:\Users\dheer\OneDrive\Documents\Arduino\libraries\TDC7200-master/TDC7200.cpp:241
    spiWriteReg8(TDC7200_REG_ADR_COARSE_CNTR_OVF_L, coarseOvf);
    2136:	40 2f       	mov	r20, r16
    2138:	65 e0       	ldi	r22, 0x05	; 5
    213a:	8b 81       	ldd	r24, Y+3	; 0x03
    213c:	9c 81       	ldd	r25, Y+4	; 0x04
    213e:	0e 94 ea 0f 	call	0x1fd4	; 0x1fd4 <TDC7200::spiWriteReg8(unsigned char, unsigned char)>
c:\Users\dheer\OneDrive\Documents\Arduino\libraries\TDC7200-master/TDC7200.cpp:243

    spiWriteReg8(TDC7200_REG_ADR_CLOCK_CNTR_OVF_H, clockOvf >> 8);
    2142:	4f 2d       	mov	r20, r15
    2144:	66 e0       	ldi	r22, 0x06	; 6
    2146:	8b 81       	ldd	r24, Y+3	; 0x03
    2148:	9c 81       	ldd	r25, Y+4	; 0x04
    214a:	0e 94 ea 0f 	call	0x1fd4	; 0x1fd4 <TDC7200::spiWriteReg8(unsigned char, unsigned char)>
c:\Users\dheer\OneDrive\Documents\Arduino\libraries\TDC7200-master/TDC7200.cpp:244
    spiWriteReg8(TDC7200_REG_ADR_CLOCK_CNTR_OVF_L, clockOvf);
    214e:	41 2f       	mov	r20, r17
    2150:	67 e0       	ldi	r22, 0x07	; 7
    2152:	8b 81       	ldd	r24, Y+3	; 0x03
    2154:	9c 81       	ldd	r25, Y+4	; 0x04
    2156:	0e 94 ea 0f 	call	0x1fd4	; 0x1fd4 <TDC7200::spiWriteReg8(unsigned char, unsigned char)>
c:\Users\dheer\OneDrive\Documents\Arduino\libraries\TDC7200-master/TDC7200.cpp:247

    // Remember for mode changes
    m_overflowPs = overflowPs;
    215a:	eb 81       	ldd	r30, Y+3	; 0x03
    215c:	fc 81       	ldd	r31, Y+4	; 0x04
    215e:	22 8a       	std	Z+18, r2	; 0x12
    2160:	33 8a       	std	Z+19, r3	; 0x13
    2162:	44 8a       	std	Z+20, r4	; 0x14
    2164:	55 8a       	std	Z+21, r5	; 0x15
    2166:	66 8a       	std	Z+22, r6	; 0x16
    2168:	77 8a       	std	Z+23, r7	; 0x17
    216a:	89 81       	ldd	r24, Y+1	; 0x01
    216c:	80 8f       	std	Z+24, r24	; 0x18
    216e:	8a 81       	ldd	r24, Y+2	; 0x02
    2170:	81 8f       	std	Z+25, r24	; 0x19
c:\Users\dheer\OneDrive\Documents\Arduino\libraries\TDC7200-master/TDC7200.cpp:248
}
    2172:	0f 90       	pop	r0
    2174:	0f 90       	pop	r0
    2176:	0f 90       	pop	r0
    2178:	0f 90       	pop	r0
    217a:	df 91       	pop	r29
    217c:	cf 91       	pop	r28
    217e:	1f 91       	pop	r17
    2180:	0f 91       	pop	r16
    2182:	ff 90       	pop	r15
    2184:	ef 90       	pop	r14
    2186:	df 90       	pop	r13
    2188:	cf 90       	pop	r12
    218a:	bf 90       	pop	r11
    218c:	af 90       	pop	r10
    218e:	9f 90       	pop	r9
    2190:	8f 90       	pop	r8
    2192:	7f 90       	pop	r7
    2194:	6f 90       	pop	r6
    2196:	5f 90       	pop	r5
    2198:	4f 90       	pop	r4
    219a:	3f 90       	pop	r3
    219c:	2f 90       	pop	r2
    219e:	08 95       	ret
c:\Users\dheer\OneDrive\Documents\Arduino\libraries\TDC7200-master/TDC7200.cpp:231
                coarseOvf = ovf;
            }
        }
        else
        {
            const uint32_t ovf = overflowPs / m_clkPeriodPs;
    21a0:	eb 81       	ldd	r30, Y+3	; 0x03
    21a2:	fc 81       	ldd	r31, Y+4	; 0x04
    21a4:	02 81       	ldd	r16, Z+2	; 0x02
    21a6:	13 81       	ldd	r17, Z+3	; 0x03
    21a8:	24 81       	ldd	r18, Z+4	; 0x04
    21aa:	35 81       	ldd	r19, Z+5	; 0x05
    21ac:	58 01       	movw	r10, r16
    21ae:	69 01       	movw	r12, r18
    21b0:	e1 2c       	mov	r14, r1
    21b2:	f1 2c       	mov	r15, r1
    21b4:	00 e0       	ldi	r16, 0x00	; 0
    21b6:	10 e0       	ldi	r17, 0x00	; 0
    21b8:	91 01       	movw	r18, r2
    21ba:	89 81       	ldd	r24, Y+1	; 0x01
    21bc:	9a 81       	ldd	r25, Y+2	; 0x02
    21be:	0e 94 d8 1f 	call	0x3fb0	; 0x3fb0 <__udivdi3>
    21c2:	49 01       	movw	r8, r18
    21c4:	5a 01       	movw	r10, r20
c:\Users\dheer\OneDrive\Documents\Arduino\libraries\TDC7200-master/TDC7200.cpp:235
            // Clip to upper bound.
            if (ovf < 0xFFFFu)
            {
                clockOvf = ovf;
    21c6:	12 2f       	mov	r17, r18
    21c8:	f9 2c       	mov	r15, r9
c:\Users\dheer\OneDrive\Documents\Arduino\libraries\TDC7200-master/TDC7200.cpp:233
        }
        else
        {
            const uint32_t ovf = overflowPs / m_clkPeriodPs;
            // Clip to upper bound.
            if (ovf < 0xFFFFu)
    21ca:	ff ef       	ldi	r31, 0xFF	; 255
    21cc:	8f 16       	cp	r8, r31
    21ce:	9f 06       	cpc	r9, r31
    21d0:	a1 04       	cpc	r10, r1
    21d2:	b1 04       	cpc	r11, r1
    21d4:	18 f0       	brcs	.+6      	; 0x21dc <TDC7200::setupOverflow(unsigned long long)+0x14e>
c:\Users\dheer\OneDrive\Documents\Arduino\libraries\TDC7200-master/TDC7200.cpp:213
    // where 63 is the number of delay cells in the internal ring oscillator.
    // You can use the typical normLSB value of 55ps but if you want higher accuracy, then you can measure
    // normLSB (once every minute or so as your application permits) and update the COARSE_CNTR_OVF register.

    uint16_t coarseOvf = 0xFFFFu;   // For mode 1, maximum 454.164us
    uint16_t clockOvf  = 0xFFFFu;   // For mode 2, maximum 8.192ms
    21d6:	1f ef       	ldi	r17, 0xFF	; 255
    21d8:	ff 24       	eor	r15, r15
    21da:	fa 94       	dec	r15
c:\Users\dheer\OneDrive\Documents\Arduino\libraries\TDC7200-master/TDC7200.cpp:212
    // COARSE_CNTR_OVF = 300ns / (normLSB * 63).
    // where 63 is the number of delay cells in the internal ring oscillator.
    // You can use the typical normLSB value of 55ps but if you want higher accuracy, then you can measure
    // normLSB (once every minute or so as your application permits) and update the COARSE_CNTR_OVF register.

    uint16_t coarseOvf = 0xFFFFu;   // For mode 1, maximum 454.164us
    21dc:	0f ef       	ldi	r16, 0xFF	; 255
    21de:	4f ef       	ldi	r20, 0xFF	; 255
    21e0:	a5 cf       	rjmp	.-182    	; 0x212c <TDC7200::setupOverflow(unsigned long long)+0x9e>

000021e2 <TDC7200::setupMeasurement(unsigned char, unsigned char, unsigned char, unsigned char)>:
_ZN7TDC720016setupMeasurementEhhhh():
c:\Users\dheer\OneDrive\Documents\Arduino\libraries\TDC7200-master/TDC7200.cpp:132

    return true;
}

bool TDC7200::setupMeasurement(const uint8_t cal2Periods, const uint8_t avgCycles, const uint8_t numStops, const uint8_t mode)
{
    21e2:	cf 92       	push	r12
    21e4:	df 92       	push	r13
    21e6:	ef 92       	push	r14
    21e8:	ff 92       	push	r15
    21ea:	0f 93       	push	r16
    21ec:	1f 93       	push	r17
    21ee:	cf 93       	push	r28
    21f0:	df 93       	push	r29
    21f2:	ec 01       	movw	r28, r24
c:\Users\dheer\OneDrive\Documents\Arduino\libraries\TDC7200-master/TDC7200.cpp:136
    uint8_t config2 = 0u;

    // Config2 Calibration2 periods
    if      (cal2Periods == 2)  config2 = TDC7200_REG_VAL_CONFIG2_CALIBRATION2_PERIODS_2  << TDC7200_REG_SHIFT_CONFIG2_CALIBRATION2_PERIODS;
    21f4:	62 30       	cpi	r22, 0x02	; 2
    21f6:	99 f0       	breq	.+38     	; 0x221e <TDC7200::setupMeasurement(unsigned char, unsigned char, unsigned char, unsigned char)+0x3c>
c:\Users\dheer\OneDrive\Documents\Arduino\libraries\TDC7200-master/TDC7200.cpp:137
    else if (cal2Periods == 10) config2 = TDC7200_REG_VAL_CONFIG2_CALIBRATION2_PERIODS_10 << TDC7200_REG_SHIFT_CONFIG2_CALIBRATION2_PERIODS;
    21f8:	6a 30       	cpi	r22, 0x0A	; 10
    21fa:	09 f4       	brne	.+2      	; 0x21fe <TDC7200::setupMeasurement(unsigned char, unsigned char, unsigned char, unsigned char)+0x1c>
    21fc:	4b c0       	rjmp	.+150    	; 0x2294 <TDC7200::setupMeasurement(unsigned char, unsigned char, unsigned char, unsigned char)+0xb2>
c:\Users\dheer\OneDrive\Documents\Arduino\libraries\TDC7200-master/TDC7200.cpp:138
    else if (cal2Periods == 20) config2 = TDC7200_REG_VAL_CONFIG2_CALIBRATION2_PERIODS_20 << TDC7200_REG_SHIFT_CONFIG2_CALIBRATION2_PERIODS;
    21fe:	64 31       	cpi	r22, 0x14	; 20
    2200:	09 f4       	brne	.+2      	; 0x2204 <TDC7200::setupMeasurement(unsigned char, unsigned char, unsigned char, unsigned char)+0x22>
    2202:	4b c0       	rjmp	.+150    	; 0x229a <TDC7200::setupMeasurement(unsigned char, unsigned char, unsigned char, unsigned char)+0xb8>
c:\Users\dheer\OneDrive\Documents\Arduino\libraries\TDC7200-master/TDC7200.cpp:139
    else if (cal2Periods == 40) config2 = TDC7200_REG_VAL_CONFIG2_CALIBRATION2_PERIODS_40 << TDC7200_REG_SHIFT_CONFIG2_CALIBRATION2_PERIODS;
    2204:	68 32       	cpi	r22, 0x28	; 40
    2206:	09 f4       	brne	.+2      	; 0x220a <TDC7200::setupMeasurement(unsigned char, unsigned char, unsigned char, unsigned char)+0x28>
    2208:	4b c0       	rjmp	.+150    	; 0x22a0 <TDC7200::setupMeasurement(unsigned char, unsigned char, unsigned char, unsigned char)+0xbe>
c:\Users\dheer\OneDrive\Documents\Arduino\libraries\TDC7200-master/TDC7200.cpp:140
    else return false;
    220a:	80 e0       	ldi	r24, 0x00	; 0
c:\Users\dheer\OneDrive\Documents\Arduino\libraries\TDC7200-master/TDC7200.cpp:178
    m_config1 |= bit(TDC7200_REG_SHIFT_CONFIG1_START_MEAS);

    spiWriteReg8(TDC7200_REG_ADR_CONFIG2, config2);

    return true;     
}
    220c:	df 91       	pop	r29
    220e:	cf 91       	pop	r28
    2210:	1f 91       	pop	r17
    2212:	0f 91       	pop	r16
    2214:	ff 90       	pop	r15
    2216:	ef 90       	pop	r14
    2218:	df 90       	pop	r13
    221a:	cf 90       	pop	r12
    221c:	08 95       	ret
c:\Users\dheer\OneDrive\Documents\Arduino\libraries\TDC7200-master/TDC7200.cpp:136
bool TDC7200::setupMeasurement(const uint8_t cal2Periods, const uint8_t avgCycles, const uint8_t numStops, const uint8_t mode)
{
    uint8_t config2 = 0u;

    // Config2 Calibration2 periods
    if      (cal2Periods == 2)  config2 = TDC7200_REG_VAL_CONFIG2_CALIBRATION2_PERIODS_2  << TDC7200_REG_SHIFT_CONFIG2_CALIBRATION2_PERIODS;
    221e:	e1 2c       	mov	r14, r1
c:\Users\dheer\OneDrive\Documents\Arduino\libraries\TDC7200-master/TDC7200.cpp:141
    else if (cal2Periods == 10) config2 = TDC7200_REG_VAL_CONFIG2_CALIBRATION2_PERIODS_10 << TDC7200_REG_SHIFT_CONFIG2_CALIBRATION2_PERIODS;
    else if (cal2Periods == 20) config2 = TDC7200_REG_VAL_CONFIG2_CALIBRATION2_PERIODS_20 << TDC7200_REG_SHIFT_CONFIG2_CALIBRATION2_PERIODS;
    else if (cal2Periods == 40) config2 = TDC7200_REG_VAL_CONFIG2_CALIBRATION2_PERIODS_40 << TDC7200_REG_SHIFT_CONFIG2_CALIBRATION2_PERIODS;
    else return false;
    m_cal2Periods = cal2Periods;
    2220:	6e 83       	std	Y+6, r22	; 0x06
    2222:	d1 2c       	mov	r13, r1
    2224:	c1 2c       	mov	r12, r1
c:\Users\dheer\OneDrive\Documents\Arduino\libraries\TDC7200-master/TDC7200.cpp:146

    // Config2 Avg Cycles
    uint8_t val = TDC7200_REG_VAL_CONFIG2_AVG_CYCLES_MIN_VAL;
    do {
        if ((1 << val) == avgCycles)
    2226:	81 e0       	ldi	r24, 0x01	; 1
    2228:	90 e0       	ldi	r25, 0x00	; 0
    222a:	50 e0       	ldi	r21, 0x00	; 0
    222c:	fc 01       	movw	r30, r24
    222e:	0c 2c       	mov	r0, r12
    2230:	02 c0       	rjmp	.+4      	; 0x2236 <TDC7200::setupMeasurement(unsigned char, unsigned char, unsigned char, unsigned char)+0x54>
    2232:	ee 0f       	add	r30, r30
    2234:	ff 1f       	adc	r31, r31
    2236:	0a 94       	dec	r0
    2238:	e2 f7       	brpl	.-8      	; 0x2232 <TDC7200::setupMeasurement(unsigned char, unsigned char, unsigned char, unsigned char)+0x50>
    223a:	e4 17       	cp	r30, r20
    223c:	f5 07       	cpc	r31, r21
    223e:	99 f5       	brne	.+102    	; 0x22a6 <TDC7200::setupMeasurement(unsigned char, unsigned char, unsigned char, unsigned char)+0xc4>
c:\Users\dheer\OneDrive\Documents\Arduino\libraries\TDC7200-master/TDC7200.cpp:148
        {
            config2 |= val << TDC7200_REG_SHIFT_CONFIG2_AVG_CYCLES;
    2240:	83 e0       	ldi	r24, 0x03	; 3
    2242:	cc 0c       	add	r12, r12
    2244:	dd 1c       	adc	r13, r13
    2246:	8a 95       	dec	r24
    2248:	e1 f7       	brne	.-8      	; 0x2242 <TDC7200::setupMeasurement(unsigned char, unsigned char, unsigned char, unsigned char)+0x60>
c:\Users\dheer\OneDrive\Documents\Arduino\libraries\TDC7200-master/TDC7200.cpp:157
    } while (val <= TDC7200_REG_VAL_CONFIG2_AVG_CYCLES_MAX_VAL);
    if (val > TDC7200_REG_VAL_CONFIG2_AVG_CYCLES_MAX_VAL)
        return false;

    // Config2 Num Stops
    if ((numStops == 0) or (numStops > TDC7200_REG_VAL_CONFIG2_NUM_STOP_MAX))
    224a:	ff 24       	eor	r15, r15
    224c:	fa 94       	dec	r15
    224e:	f2 0e       	add	r15, r18
    2250:	34 e0       	ldi	r19, 0x04	; 4
    2252:	3f 15       	cp	r19, r15
    2254:	d0 f2       	brcs	.-76     	; 0x220a <TDC7200::setupMeasurement(unsigned char, unsigned char, unsigned char, unsigned char)+0x28>
c:\Users\dheer\OneDrive\Documents\Arduino\libraries\TDC7200-master/TDC7200.cpp:160
        return false;
   
    m_numStops = numStops;
    2256:	29 87       	std	Y+9, r18	; 0x09
c:\Users\dheer\OneDrive\Documents\Arduino\libraries\TDC7200-master/TDC7200.cpp:164
    config2 |= TDC7200_REG_VAL_CONFIG2_NUM_STOP(numStops) << TDC7200_REG_SHIFT_CONFIG2_NUM_STOP;

    // Config1 Mode
    if ((mode < TDC7200_REG_VAL_CONFIG1_MEAS_MODE_MIN) or (mode > TDC7200_REG_VAL_CONFIG1_MEAS_MODE_MAX))
    2258:	9f ef       	ldi	r25, 0xFF	; 255
    225a:	90 0f       	add	r25, r16
    225c:	92 30       	cpi	r25, 0x02	; 2
    225e:	a8 f6       	brcc	.-86     	; 0x220a <TDC7200::setupMeasurement(unsigned char, unsigned char, unsigned char, unsigned char)+0x28>
c:\Users\dheer\OneDrive\Documents\Arduino\libraries\TDC7200-master/TDC7200.cpp:166
        return false;
    m_mode = mode;
    2260:	08 87       	std	Y+8, r16	; 0x08
c:\Users\dheer\OneDrive\Documents\Arduino\libraries\TDC7200-master/TDC7200.cpp:167
    m_config1 = TDC7200_REG_VAL_CONFIG1_MEAS_MODE(mode) << TDC7200_REG_SHIFT_CONFIG1_MEAS_MODE;
    2262:	99 0f       	add	r25, r25
    2264:	9f 83       	std	Y+7, r25	; 0x07
c:\Users\dheer\OneDrive\Documents\Arduino\libraries\TDC7200-master/TDC7200.cpp:170

    // Mode influences overflow, so update now.
    setupOverflow(m_overflowPs);
    2266:	0a 89       	ldd	r16, Y+18	; 0x12
    2268:	1b 89       	ldd	r17, Y+19	; 0x13
    226a:	2c 89       	ldd	r18, Y+20	; 0x14
    226c:	3d 89       	ldd	r19, Y+21	; 0x15
    226e:	4e 89       	ldd	r20, Y+22	; 0x16
    2270:	5f 89       	ldd	r21, Y+23	; 0x17
    2272:	68 8d       	ldd	r22, Y+24	; 0x18
    2274:	79 8d       	ldd	r23, Y+25	; 0x19
    2276:	ce 01       	movw	r24, r28
    2278:	0e 94 47 10 	call	0x208e	; 0x208e <TDC7200::setupOverflow(unsigned long long)>
c:\Users\dheer\OneDrive\Documents\Arduino\libraries\TDC7200-master/TDC7200.cpp:173

    // Config1 Start measurement
    m_config1 |= bit(TDC7200_REG_SHIFT_CONFIG1_START_MEAS);
    227c:	8f 81       	ldd	r24, Y+7	; 0x07
    227e:	81 60       	ori	r24, 0x01	; 1
    2280:	8f 83       	std	Y+7, r24	; 0x07
c:\Users\dheer\OneDrive\Documents\Arduino\libraries\TDC7200-master/TDC7200.cpp:161
    // Config2 Num Stops
    if ((numStops == 0) or (numStops > TDC7200_REG_VAL_CONFIG2_NUM_STOP_MAX))
        return false;
   
    m_numStops = numStops;
    config2 |= TDC7200_REG_VAL_CONFIG2_NUM_STOP(numStops) << TDC7200_REG_SHIFT_CONFIG2_NUM_STOP;
    2282:	4f 2d       	mov	r20, r15
    2284:	4e 29       	or	r20, r14
    2286:	4c 29       	or	r20, r12
c:\Users\dheer\OneDrive\Documents\Arduino\libraries\TDC7200-master/TDC7200.cpp:175
    setupOverflow(m_overflowPs);

    // Config1 Start measurement
    m_config1 |= bit(TDC7200_REG_SHIFT_CONFIG1_START_MEAS);

    spiWriteReg8(TDC7200_REG_ADR_CONFIG2, config2);
    2288:	61 e0       	ldi	r22, 0x01	; 1
    228a:	ce 01       	movw	r24, r28
    228c:	0e 94 ea 0f 	call	0x1fd4	; 0x1fd4 <TDC7200::spiWriteReg8(unsigned char, unsigned char)>
c:\Users\dheer\OneDrive\Documents\Arduino\libraries\TDC7200-master/TDC7200.cpp:177

    return true;     
    2290:	81 e0       	ldi	r24, 0x01	; 1
    2292:	bc cf       	rjmp	.-136    	; 0x220c <TDC7200::setupMeasurement(unsigned char, unsigned char, unsigned char, unsigned char)+0x2a>
c:\Users\dheer\OneDrive\Documents\Arduino\libraries\TDC7200-master/TDC7200.cpp:137
{
    uint8_t config2 = 0u;

    // Config2 Calibration2 periods
    if      (cal2Periods == 2)  config2 = TDC7200_REG_VAL_CONFIG2_CALIBRATION2_PERIODS_2  << TDC7200_REG_SHIFT_CONFIG2_CALIBRATION2_PERIODS;
    else if (cal2Periods == 10) config2 = TDC7200_REG_VAL_CONFIG2_CALIBRATION2_PERIODS_10 << TDC7200_REG_SHIFT_CONFIG2_CALIBRATION2_PERIODS;
    2294:	50 e4       	ldi	r21, 0x40	; 64
    2296:	e5 2e       	mov	r14, r21
    2298:	c3 cf       	rjmp	.-122    	; 0x2220 <TDC7200::setupMeasurement(unsigned char, unsigned char, unsigned char, unsigned char)+0x3e>
c:\Users\dheer\OneDrive\Documents\Arduino\libraries\TDC7200-master/TDC7200.cpp:138
    else if (cal2Periods == 20) config2 = TDC7200_REG_VAL_CONFIG2_CALIBRATION2_PERIODS_20 << TDC7200_REG_SHIFT_CONFIG2_CALIBRATION2_PERIODS;
    229a:	30 e8       	ldi	r19, 0x80	; 128
    229c:	e3 2e       	mov	r14, r19
    229e:	c0 cf       	rjmp	.-128    	; 0x2220 <TDC7200::setupMeasurement(unsigned char, unsigned char, unsigned char, unsigned char)+0x3e>
c:\Users\dheer\OneDrive\Documents\Arduino\libraries\TDC7200-master/TDC7200.cpp:139
    else if (cal2Periods == 40) config2 = TDC7200_REG_VAL_CONFIG2_CALIBRATION2_PERIODS_40 << TDC7200_REG_SHIFT_CONFIG2_CALIBRATION2_PERIODS;
    22a0:	90 ec       	ldi	r25, 0xC0	; 192
    22a2:	e9 2e       	mov	r14, r25
    22a4:	bd cf       	rjmp	.-134    	; 0x2220 <TDC7200::setupMeasurement(unsigned char, unsigned char, unsigned char, unsigned char)+0x3e>
    22a6:	3f ef       	ldi	r19, 0xFF	; 255
    22a8:	c3 1a       	sub	r12, r19
    22aa:	d3 0a       	sbc	r13, r19
c:\Users\dheer\OneDrive\Documents\Arduino\libraries\TDC7200-master/TDC7200.cpp:152
        {
            config2 |= val << TDC7200_REG_SHIFT_CONFIG2_AVG_CYCLES;
            break;
        }
        ++val;
    } while (val <= TDC7200_REG_VAL_CONFIG2_AVG_CYCLES_MAX_VAL);
    22ac:	38 e0       	ldi	r19, 0x08	; 8
    22ae:	c3 16       	cp	r12, r19
    22b0:	d1 04       	cpc	r13, r1
    22b2:	09 f0       	breq	.+2      	; 0x22b6 <TDC7200::setupMeasurement(unsigned char, unsigned char, unsigned char, unsigned char)+0xd4>
    22b4:	bb cf       	rjmp	.-138    	; 0x222c <TDC7200::setupMeasurement(unsigned char, unsigned char, unsigned char, unsigned char)+0x4a>
    22b6:	a9 cf       	rjmp	.-174    	; 0x220a <TDC7200::setupMeasurement(unsigned char, unsigned char, unsigned char, unsigned char)+0x28>

000022b8 <TDC7200::startMeasurement()>:
_ZN7TDC720016startMeasurementEv():
c:\Users\dheer\OneDrive\Documents\Arduino\libraries\TDC7200-master/TDC7200.cpp:252
    m_overflowPs = overflowPs;
}


void TDC7200::startMeasurement()
{
    22b8:	cf 93       	push	r28
    22ba:	df 93       	push	r29
    22bc:	ec 01       	movw	r28, r24
c:\Users\dheer\OneDrive\Documents\Arduino\libraries\TDC7200-master/TDC7200.cpp:254
    // Clear status
    spiWriteReg8(TDC7200_REG_ADR_INT_STATUS,   bit(TDC7200_REG_SHIFT_INT_STATUS_MEAS_COMPLETE_FLAG)
    22be:	4f e1       	ldi	r20, 0x1F	; 31
    22c0:	62 e0       	ldi	r22, 0x02	; 2
    22c2:	0e 94 ea 0f 	call	0x1fd4	; 0x1fd4 <TDC7200::spiWriteReg8(unsigned char, unsigned char)>
c:\Users\dheer\OneDrive\Documents\Arduino\libraries\TDC7200-master/TDC7200.cpp:261
                                             | bit(TDC7200_REG_SHIFT_INT_STATUS_CLOCK_CNTR_OVF_INT)
                                             | bit(TDC7200_REG_SHIFT_INT_STATUS_COARSE_CNTR_OVF_INT)
                                             | bit(TDC7200_REG_SHIFT_INT_STATUS_NEW_MEAS_INT) );

    // Force recalculation of normLsb after measurement ended
    m_normLsb = 0ull;
    22c6:	1a 86       	std	Y+10, r1	; 0x0a
    22c8:	1b 86       	std	Y+11, r1	; 0x0b
    22ca:	1c 86       	std	Y+12, r1	; 0x0c
    22cc:	1d 86       	std	Y+13, r1	; 0x0d
    22ce:	1e 86       	std	Y+14, r1	; 0x0e
    22d0:	1f 86       	std	Y+15, r1	; 0x0f
    22d2:	18 8a       	std	Y+16, r1	; 0x10
    22d4:	19 8a       	std	Y+17, r1	; 0x11
c:\Users\dheer\OneDrive\Documents\Arduino\libraries\TDC7200-master/TDC7200.cpp:264

    // Start measurement
    spiWriteReg8(TDC7200_REG_ADR_CONFIG1, m_config1);
    22d6:	4f 81       	ldd	r20, Y+7	; 0x07
    22d8:	60 e0       	ldi	r22, 0x00	; 0
    22da:	ce 01       	movw	r24, r28
c:\Users\dheer\OneDrive\Documents\Arduino\libraries\TDC7200-master/TDC7200.cpp:265
}
    22dc:	df 91       	pop	r29
    22de:	cf 91       	pop	r28
c:\Users\dheer\OneDrive\Documents\Arduino\libraries\TDC7200-master/TDC7200.cpp:264

    // Force recalculation of normLsb after measurement ended
    m_normLsb = 0ull;

    // Start measurement
    spiWriteReg8(TDC7200_REG_ADR_CONFIG1, m_config1);
    22e0:	0c 94 ea 0f 	jmp	0x1fd4	; 0x1fd4 <TDC7200::spiWriteReg8(unsigned char, unsigned char)>

000022e4 <Print::availableForWrite()>:
_ZN5Print17availableForWriteEv():
c:\Users\dheer\OneDrive\Documents\Arduino\libraries\SendOnlySoftwareSerial-master/SendOnlySoftwareSerial.cpp:116
uint16_t SendOnlySoftwareSerial::subtract_cap(uint16_t num, uint16_t sub) {
  if (num > sub)
    return num - sub;
  else
    return 1;
}
    22e4:	90 e0       	ldi	r25, 0x00	; 0
    22e6:	80 e0       	ldi	r24, 0x00	; 0
    22e8:	08 95       	ret

000022ea <SendOnlySoftwareSerial::end()>:
_ZN22SendOnlySoftwareSerial3endEv():
    22ea:	08 95       	ret

000022ec <SendOnlySoftwareSerial::write(unsigned char)>:
_ZN22SendOnlySoftwareSerial5writeEh():
    22ec:	ef 92       	push	r14
    22ee:	ff 92       	push	r15
    22f0:	0f 93       	push	r16
    22f2:	1f 93       	push	r17
    22f4:	cf 93       	push	r28
    22f6:	df 93       	push	r29
    22f8:	dc 01       	movw	r26, r24
    22fa:	52 96       	adiw	r26, 0x12	; 18
    22fc:	ed 90       	ld	r14, X+
    22fe:	fc 90       	ld	r15, X
    2300:	53 97       	sbiw	r26, 0x13	; 19
    2302:	e1 14       	cp	r14, r1
    2304:	f1 04       	cpc	r15, r1
    2306:	79 f4       	brne	.+30     	; 0x2326 <SendOnlySoftwareSerial::write(unsigned char)+0x3a>
_ZN5Print13setWriteErrorEi():
    2308:	81 e0       	ldi	r24, 0x01	; 1
    230a:	90 e0       	ldi	r25, 0x00	; 0
    230c:	13 96       	adiw	r26, 0x03	; 3
    230e:	9c 93       	st	X, r25
    2310:	8e 93       	st	-X, r24
    2312:	12 97       	sbiw	r26, 0x02	; 2
_ZN22SendOnlySoftwareSerial5writeEh():
    2314:	90 e0       	ldi	r25, 0x00	; 0
    2316:	80 e0       	ldi	r24, 0x00	; 0
    2318:	df 91       	pop	r29
    231a:	cf 91       	pop	r28
    231c:	1f 91       	pop	r17
    231e:	0f 91       	pop	r16
    2320:	ff 90       	pop	r15
    2322:	ef 90       	pop	r14
    2324:	08 95       	ret
    2326:	1d 96       	adiw	r26, 0x0d	; 13
    2328:	ed 91       	ld	r30, X+
    232a:	fc 91       	ld	r31, X
    232c:	1e 97       	sbiw	r26, 0x0e	; 14
    232e:	1c 96       	adiw	r26, 0x0c	; 12
    2330:	8c 91       	ld	r24, X
    2332:	1c 97       	sbiw	r26, 0x0c	; 12
    2334:	98 2f       	mov	r25, r24
    2336:	90 95       	com	r25
    2338:	0f b7       	in	r16, 0x3f	; 63
    233a:	54 96       	adiw	r26, 0x14	; 20
    233c:	2c 91       	ld	r18, X
    233e:	54 97       	sbiw	r26, 0x14	; 20
    2340:	12 2f       	mov	r17, r18
    2342:	12 70       	andi	r17, 0x02	; 2
    2344:	21 fd       	sbrc	r18, 1
    2346:	60 95       	com	r22
    2348:	f8 94       	cli
    234a:	20 81       	ld	r18, Z
    234c:	11 23       	and	r17, r17
    234e:	19 f1       	breq	.+70     	; 0x2396 <SendOnlySoftwareSerial::write(unsigned char)+0xaa>
    2350:	28 2b       	or	r18, r24
    2352:	20 83       	st	Z, r18
_delay_loop_2():
    2354:	e7 01       	movw	r28, r14
    2356:	21 97       	sbiw	r28, 0x01	; 1
    2358:	f1 f7       	brne	.-4      	; 0x2356 <SendOnlySoftwareSerial::write(unsigned char)+0x6a>
    235a:	28 e0       	ldi	r18, 0x08	; 8
_ZN22SendOnlySoftwareSerial5writeEh():
    235c:	46 2f       	mov	r20, r22
    235e:	50 e0       	ldi	r21, 0x00	; 0
    2360:	30 81       	ld	r19, Z
    2362:	60 ff       	sbrs	r22, 0
    2364:	1a c0       	rjmp	.+52     	; 0x239a <SendOnlySoftwareSerial::write(unsigned char)+0xae>
    2366:	38 2b       	or	r19, r24
    2368:	30 83       	st	Z, r19
_delay_loop_2():
    236a:	e7 01       	movw	r28, r14
    236c:	21 97       	sbiw	r28, 0x01	; 1
    236e:	f1 f7       	brne	.-4      	; 0x236c <SendOnlySoftwareSerial::write(unsigned char)+0x80>
_ZN22SendOnlySoftwareSerial5writeEh():
    2370:	ba 01       	movw	r22, r20
    2372:	75 95       	asr	r23
    2374:	67 95       	ror	r22
    2376:	21 50       	subi	r18, 0x01	; 1
    2378:	89 f7       	brne	.-30     	; 0x235c <SendOnlySoftwareSerial::write(unsigned char)+0x70>
    237a:	11 23       	and	r17, r17
    237c:	81 f0       	breq	.+32     	; 0x239e <SendOnlySoftwareSerial::write(unsigned char)+0xb2>
    237e:	80 81       	ld	r24, Z
    2380:	89 23       	and	r24, r25
    2382:	80 83       	st	Z, r24
    2384:	0f bf       	out	0x3f, r16	; 63
_delay_loop_2():
    2386:	52 96       	adiw	r26, 0x12	; 18
    2388:	8d 91       	ld	r24, X+
    238a:	9c 91       	ld	r25, X
    238c:	01 97       	sbiw	r24, 0x01	; 1
    238e:	f1 f7       	brne	.-4      	; 0x238c <SendOnlySoftwareSerial::write(unsigned char)+0xa0>
_ZN22SendOnlySoftwareSerial5writeEh():
    2390:	81 e0       	ldi	r24, 0x01	; 1
    2392:	90 e0       	ldi	r25, 0x00	; 0
    2394:	c1 cf       	rjmp	.-126    	; 0x2318 <SendOnlySoftwareSerial::write(unsigned char)+0x2c>
    2396:	29 23       	and	r18, r25
    2398:	dc cf       	rjmp	.-72     	; 0x2352 <SendOnlySoftwareSerial::write(unsigned char)+0x66>
    239a:	39 23       	and	r19, r25
    239c:	e5 cf       	rjmp	.-54     	; 0x2368 <SendOnlySoftwareSerial::write(unsigned char)+0x7c>
    239e:	90 81       	ld	r25, Z
    23a0:	89 2b       	or	r24, r25
    23a2:	ef cf       	rjmp	.-34     	; 0x2382 <SendOnlySoftwareSerial::write(unsigned char)+0x96>

000023a4 <SendOnlySoftwareSerial::available()>:
_ZN22SendOnlySoftwareSerial9availableEv():
    23a4:	90 e0       	ldi	r25, 0x00	; 0
    23a6:	80 e0       	ldi	r24, 0x00	; 0
    23a8:	08 95       	ret

000023aa <SendOnlySoftwareSerial::peek()>:
_ZN22SendOnlySoftwareSerial4peekEv():
    23aa:	8f ef       	ldi	r24, 0xFF	; 255
    23ac:	9f ef       	ldi	r25, 0xFF	; 255
    23ae:	08 95       	ret

000023b0 <SendOnlySoftwareSerial::~SendOnlySoftwareSerial()>:
_ZN22SendOnlySoftwareSerialD2Ev():
    23b0:	08 95       	ret

000023b2 <SendOnlySoftwareSerial::setTX(unsigned char)>:
_ZN22SendOnlySoftwareSerial5setTXEh():
    23b2:	1f 93       	push	r17
    23b4:	cf 93       	push	r28
    23b6:	df 93       	push	r29
    23b8:	ec 01       	movw	r28, r24
    23ba:	16 2f       	mov	r17, r22
    23bc:	6c 89       	ldd	r22, Y+20	; 0x14
    23be:	66 95       	lsr	r22
    23c0:	61 70       	andi	r22, 0x01	; 1
    23c2:	81 e0       	ldi	r24, 0x01	; 1
    23c4:	68 27       	eor	r22, r24
    23c6:	81 2f       	mov	r24, r17
    23c8:	0e 94 b3 1a 	call	0x3566	; 0x3566 <digitalWrite>
    23cc:	61 e0       	ldi	r22, 0x01	; 1
    23ce:	81 2f       	mov	r24, r17
    23d0:	0e 94 77 1a 	call	0x34ee	; 0x34ee <pinMode>
    23d4:	81 2f       	mov	r24, r17
    23d6:	90 e0       	ldi	r25, 0x00	; 0
    23d8:	fc 01       	movw	r30, r24
    23da:	e1 55       	subi	r30, 0x51	; 81
    23dc:	fd 4f       	sbci	r31, 0xFD	; 253
    23de:	e4 91       	lpm	r30, Z
    23e0:	ec 87       	std	Y+12, r30	; 0x0c
    23e2:	fc 01       	movw	r30, r24
    23e4:	e1 53       	subi	r30, 0x31	; 49
    23e6:	fd 4f       	sbci	r31, 0xFD	; 253
    23e8:	e4 91       	lpm	r30, Z
    23ea:	f0 e0       	ldi	r31, 0x00	; 0
    23ec:	ee 0f       	add	r30, r30
    23ee:	ff 1f       	adc	r31, r31
    23f0:	e7 50       	subi	r30, 0x07	; 7
    23f2:	fd 4f       	sbci	r31, 0xFD	; 253
    23f4:	85 91       	lpm	r24, Z+
    23f6:	94 91       	lpm	r25, Z
    23f8:	9e 87       	std	Y+14, r25	; 0x0e
    23fa:	8d 87       	std	Y+13, r24	; 0x0d
    23fc:	df 91       	pop	r29
    23fe:	cf 91       	pop	r28
    2400:	1f 91       	pop	r17
    2402:	08 95       	ret

00002404 <SendOnlySoftwareSerial::SendOnlySoftwareSerial(unsigned char, bool)>:
_ZN22SendOnlySoftwareSerialC2Ehb():
    2404:	fc 01       	movw	r30, r24
_ZN5PrintC4Ev():
    2406:	13 82       	std	Z+3, r1	; 0x03
    2408:	12 82       	std	Z+2, r1	; 0x02
_ZN6StreamC4Ev():
    240a:	88 ee       	ldi	r24, 0xE8	; 232
    240c:	93 e0       	ldi	r25, 0x03	; 3
    240e:	a0 e0       	ldi	r26, 0x00	; 0
    2410:	b0 e0       	ldi	r27, 0x00	; 0
    2412:	84 83       	std	Z+4, r24	; 0x04
    2414:	95 83       	std	Z+5, r25	; 0x05
    2416:	a6 83       	std	Z+6, r26	; 0x06
    2418:	b7 83       	std	Z+7, r27	; 0x07
_ZN22SendOnlySoftwareSerialC2Ehb():
    241a:	80 e0       	ldi	r24, 0x00	; 0
    241c:	91 e0       	ldi	r25, 0x01	; 1
    241e:	91 83       	std	Z+1, r25	; 0x01
    2420:	80 83       	st	Z, r24
    2422:	13 8a       	std	Z+19, r1	; 0x13
    2424:	12 8a       	std	Z+18, r1	; 0x12
    2426:	84 89       	ldd	r24, Z+20	; 0x14
    2428:	40 fb       	bst	r20, 0
    242a:	81 f9       	bld	r24, 1
    242c:	84 8b       	std	Z+20, r24	; 0x14
    242e:	cf 01       	movw	r24, r30
    2430:	0c 94 d9 11 	jmp	0x23b2	; 0x23b2 <SendOnlySoftwareSerial::setTX(unsigned char)>

00002434 <SendOnlySoftwareSerial::begin(long)>:
_ZN22SendOnlySoftwareSerial5beginEl():
c:\Users\dheer\OneDrive\Documents\Arduino\libraries\SendOnlySoftwareSerial-master/SendOnlySoftwareSerial.cpp:123
//
// Public methods
//

void SendOnlySoftwareSerial::begin(long speed)
{
    2434:	cf 93       	push	r28
    2436:	df 93       	push	r29
    2438:	ec 01       	movw	r28, r24
    243a:	9a 01       	movw	r18, r20
    243c:	ab 01       	movw	r20, r22
c:\Users\dheer\OneDrive\Documents\Arduino\libraries\SendOnlySoftwareSerial-master/SendOnlySoftwareSerial.cpp:127
  _tx_delay = 0;

  // Precalculate the various delays, in number of 4-cycle delays
  uint16_t bit_delay = (F_CPU / speed) / 4;
    243e:	60 e8       	ldi	r22, 0x80	; 128
    2440:	74 e8       	ldi	r23, 0x84	; 132
    2442:	8e e1       	ldi	r24, 0x1E	; 30
    2444:	90 e0       	ldi	r25, 0x00	; 0
    2446:	0e 94 f8 1e 	call	0x3df0	; 0x3df0 <__divmodsi4>
_ZN22SendOnlySoftwareSerial12subtract_capEjj():
c:\Users\dheer\OneDrive\Documents\Arduino\libraries\SendOnlySoftwareSerial-master/SendOnlySoftwareSerial.cpp:112
  uint8_t port = digitalPinToPort(tx);
  _transmitPortRegister = portOutputRegister(port);
}

uint16_t SendOnlySoftwareSerial::subtract_cap(uint16_t num, uint16_t sub) {
  if (num > sub)
    244a:	24 30       	cpi	r18, 0x04	; 4
    244c:	31 05       	cpc	r19, r1
    244e:	38 f0       	brcs	.+14     	; 0x245e <SendOnlySoftwareSerial::begin(long)+0x2a>
c:\Users\dheer\OneDrive\Documents\Arduino\libraries\SendOnlySoftwareSerial-master/SendOnlySoftwareSerial.cpp:113
    return num - sub;
    2450:	23 50       	subi	r18, 0x03	; 3
    2452:	31 09       	sbc	r19, r1
_ZN22SendOnlySoftwareSerial5beginEl():
c:\Users\dheer\OneDrive\Documents\Arduino\libraries\SendOnlySoftwareSerial-master/SendOnlySoftwareSerial.cpp:134
  // 12 (gcc 4.8.2) or 13 (gcc 4.3.2) cycles from start bit to first bit,
  // 15 (gcc 4.8.2) or 16 (gcc 4.3.2) cycles between bits,
  // 12 (gcc 4.8.2) or 14 (gcc 4.3.2) cycles from last bit to stop bit
  // These are all close enough to just use 15 cycles, since the inter-bit
  // timings are the most critical (deviations stack 8 times)
  _tx_delay = subtract_cap(bit_delay, 15 / 4);
    2454:	3b 8b       	std	Y+19, r19	; 0x13
    2456:	2a 8b       	std	Y+18, r18	; 0x12
c:\Users\dheer\OneDrive\Documents\Arduino\libraries\SendOnlySoftwareSerial-master/SendOnlySoftwareSerial.cpp:141
#if _DEBUG
  pinMode(_DEBUG_PIN1, OUTPUT);
  pinMode(_DEBUG_PIN2, OUTPUT);
#endif

}
    2458:	df 91       	pop	r29
    245a:	cf 91       	pop	r28
    245c:	08 95       	ret
_ZN22SendOnlySoftwareSerial12subtract_capEjj():
c:\Users\dheer\OneDrive\Documents\Arduino\libraries\SendOnlySoftwareSerial-master/SendOnlySoftwareSerial.cpp:115

uint16_t SendOnlySoftwareSerial::subtract_cap(uint16_t num, uint16_t sub) {
  if (num > sub)
    return num - sub;
  else
    return 1;
    245e:	21 e0       	ldi	r18, 0x01	; 1
    2460:	30 e0       	ldi	r19, 0x00	; 0
    2462:	f8 cf       	rjmp	.-16     	; 0x2454 <SendOnlySoftwareSerial::begin(long)+0x20>

00002464 <SPIClass::begin()>:
_ZN8SPIClass5beginEv():
C:\Users\dheer\AppData\Local\Arduino15\packages\MightyCore\hardware\avr\2.2.1\libraries\SPI\src/SPI.cpp:27
#ifdef SPI_TRANSACTION_MISMATCH_LED
uint8_t SPIClass::inTransactionFlag = 0;
#endif

void SPIClass::begin()
{
    2464:	cf 93       	push	r28
C:\Users\dheer\AppData\Local\Arduino15\packages\MightyCore\hardware\avr\2.2.1\libraries\SPI\src/SPI.cpp:28
  uint8_t sreg = SREG;
    2466:	cf b7       	in	r28, 0x3f	; 63
C:\Users\dheer\AppData\Local\Arduino15\packages\MightyCore\hardware\avr\2.2.1\libraries\SPI\src/SPI.cpp:29
  noInterrupts(); // Protect from a scheduler and prevent transactionBegin
    2468:	f8 94       	cli
C:\Users\dheer\AppData\Local\Arduino15\packages\MightyCore\hardware\avr\2.2.1\libraries\SPI\src/SPI.cpp:30
  if (!initialized) {
    246a:	80 91 b6 03 	lds	r24, 0x03B6	; 0x8003b6 <SPIClass::initialized>
    246e:	81 11       	cpse	r24, r1
    2470:	23 c0       	rjmp	.+70     	; 0x24b8 <SPIClass::begin()+0x54>
C:\Users\dheer\AppData\Local\Arduino15\packages\MightyCore\hardware\avr\2.2.1\libraries\SPI\src/SPI.cpp:32
    // Set SS to high so a connected chip will be "deselected" by default
    uint8_t port = digitalPinToPort(SS);
    2472:	e3 ed       	ldi	r30, 0xD3	; 211
    2474:	f2 e0       	ldi	r31, 0x02	; 2
    2476:	84 91       	lpm	r24, Z
C:\Users\dheer\AppData\Local\Arduino15\packages\MightyCore\hardware\avr\2.2.1\libraries\SPI\src/SPI.cpp:33
    uint8_t bit = digitalPinToBitMask(SS);
    2478:	e3 eb       	ldi	r30, 0xB3	; 179
    247a:	f2 e0       	ldi	r31, 0x02	; 2
    247c:	94 91       	lpm	r25, Z
C:\Users\dheer\AppData\Local\Arduino15\packages\MightyCore\hardware\avr\2.2.1\libraries\SPI\src/SPI.cpp:34
    volatile uint8_t *reg = portModeRegister(port);
    247e:	e8 2f       	mov	r30, r24
    2480:	f0 e0       	ldi	r31, 0x00	; 0
    2482:	ee 0f       	add	r30, r30
    2484:	ff 1f       	adc	r31, r31
    2486:	ed 5f       	subi	r30, 0xFD	; 253
    2488:	fc 4f       	sbci	r31, 0xFC	; 252
    248a:	a5 91       	lpm	r26, Z+
    248c:	b4 91       	lpm	r27, Z
C:\Users\dheer\AppData\Local\Arduino15\packages\MightyCore\hardware\avr\2.2.1\libraries\SPI\src/SPI.cpp:38

    // if the SS pin is not already configured as an output
    // then set it high (to enable the internal pull-up resistor)
    if(!(*reg & bit)){
    248e:	ec 91       	ld	r30, X
    2490:	e9 23       	and	r30, r25
    2492:	21 f4       	brne	.+8      	; 0x249c <SPIClass::begin()+0x38>
C:\Users\dheer\AppData\Local\Arduino15\packages\MightyCore\hardware\avr\2.2.1\libraries\SPI\src/SPI.cpp:39
      digitalWrite(SS, HIGH);
    2494:	61 e0       	ldi	r22, 0x01	; 1
    2496:	84 e0       	ldi	r24, 0x04	; 4
    2498:	0e 94 b3 1a 	call	0x3566	; 0x3566 <digitalWrite>
C:\Users\dheer\AppData\Local\Arduino15\packages\MightyCore\hardware\avr\2.2.1\libraries\SPI\src/SPI.cpp:45
    }

    // When the SS pin is set as OUTPUT, it can be used as
    // a general purpose output port (it doesn't influence
    // SPI operations).
    pinMode(SS, OUTPUT);
    249c:	61 e0       	ldi	r22, 0x01	; 1
    249e:	84 e0       	ldi	r24, 0x04	; 4
    24a0:	0e 94 77 1a 	call	0x34ee	; 0x34ee <pinMode>
C:\Users\dheer\AppData\Local\Arduino15\packages\MightyCore\hardware\avr\2.2.1\libraries\SPI\src/SPI.cpp:50

    // Warning: if the SS pin ever becomes a LOW INPUT then SPI
    // automatically switches to Slave, so the data direction of
    // the SS pin MUST be kept as OUTPUT.
    SPCR |= _BV(MSTR);
    24a4:	6c 9a       	sbi	0x0d, 4	; 13
C:\Users\dheer\AppData\Local\Arduino15\packages\MightyCore\hardware\avr\2.2.1\libraries\SPI\src/SPI.cpp:51
    SPCR |= _BV(SPE);
    24a6:	6e 9a       	sbi	0x0d, 6	; 13
C:\Users\dheer\AppData\Local\Arduino15\packages\MightyCore\hardware\avr\2.2.1\libraries\SPI\src/SPI.cpp:59
    // MISO pin automatically overrides to INPUT.
    // By doing this AFTER enabling SPI, we avoid accidentally
    // clocking in a single bit since the lines go directly
    // from "input" to SPI control.
    // http://code.google.com/p/arduino/issues/detail?id=888
    pinMode(SCK, OUTPUT);
    24a8:	61 e0       	ldi	r22, 0x01	; 1
    24aa:	87 e0       	ldi	r24, 0x07	; 7
    24ac:	0e 94 77 1a 	call	0x34ee	; 0x34ee <pinMode>
C:\Users\dheer\AppData\Local\Arduino15\packages\MightyCore\hardware\avr\2.2.1\libraries\SPI\src/SPI.cpp:60
    pinMode(MOSI, OUTPUT);
    24b0:	61 e0       	ldi	r22, 0x01	; 1
    24b2:	85 e0       	ldi	r24, 0x05	; 5
    24b4:	0e 94 77 1a 	call	0x34ee	; 0x34ee <pinMode>
C:\Users\dheer\AppData\Local\Arduino15\packages\MightyCore\hardware\avr\2.2.1\libraries\SPI\src/SPI.cpp:62
  }
  initialized++; // reference count
    24b8:	80 91 b6 03 	lds	r24, 0x03B6	; 0x8003b6 <SPIClass::initialized>
    24bc:	8f 5f       	subi	r24, 0xFF	; 255
    24be:	80 93 b6 03 	sts	0x03B6, r24	; 0x8003b6 <SPIClass::initialized>
C:\Users\dheer\AppData\Local\Arduino15\packages\MightyCore\hardware\avr\2.2.1\libraries\SPI\src/SPI.cpp:63
  SREG = sreg;
    24c2:	cf bf       	out	0x3f, r28	; 63
C:\Users\dheer\AppData\Local\Arduino15\packages\MightyCore\hardware\avr\2.2.1\libraries\SPI\src/SPI.cpp:64
}
    24c4:	cf 91       	pop	r28
    24c6:	08 95       	ret

000024c8 <TwoWire::available()>:
_ZN7TwoWire9availableEv():
C:\Users\dheer\AppData\Local\Arduino15\packages\MightyCore\hardware\avr\2.2.1\libraries\Wire\src/Wire.cpp:378

// sets function called on slave read
void TwoWire::onRequest( void (*function)(void) )
{
  user_onRequest = function;
}
    24c8:	80 91 eb 03 	lds	r24, 0x03EB	; 0x8003eb <TwoWire::rxBufferLength>
    24cc:	90 91 ec 03 	lds	r25, 0x03EC	; 0x8003ec <TwoWire::rxBufferIndex>
    24d0:	89 1b       	sub	r24, r25
    24d2:	99 0b       	sbc	r25, r25
    24d4:	08 95       	ret

000024d6 <TwoWire::read()>:
_ZN7TwoWire4readEv():
    24d6:	90 91 ec 03 	lds	r25, 0x03EC	; 0x8003ec <TwoWire::rxBufferIndex>
    24da:	80 91 eb 03 	lds	r24, 0x03EB	; 0x8003eb <TwoWire::rxBufferLength>
    24de:	2f ef       	ldi	r18, 0xFF	; 255
    24e0:	3f ef       	ldi	r19, 0xFF	; 255
    24e2:	98 17       	cp	r25, r24
    24e4:	48 f4       	brcc	.+18     	; 0x24f8 <TwoWire::read()+0x22>
    24e6:	e9 2f       	mov	r30, r25
    24e8:	f0 e0       	ldi	r31, 0x00	; 0
    24ea:	e3 51       	subi	r30, 0x13	; 19
    24ec:	fc 4f       	sbci	r31, 0xFC	; 252
    24ee:	20 81       	ld	r18, Z
    24f0:	30 e0       	ldi	r19, 0x00	; 0
    24f2:	9f 5f       	subi	r25, 0xFF	; 255
    24f4:	90 93 ec 03 	sts	0x03EC, r25	; 0x8003ec <TwoWire::rxBufferIndex>
    24f8:	c9 01       	movw	r24, r18
    24fa:	08 95       	ret

000024fc <TwoWire::peek()>:
_ZN7TwoWire4peekEv():
    24fc:	e0 91 ec 03 	lds	r30, 0x03EC	; 0x8003ec <TwoWire::rxBufferIndex>
    2500:	80 91 eb 03 	lds	r24, 0x03EB	; 0x8003eb <TwoWire::rxBufferLength>
    2504:	e8 17       	cp	r30, r24
    2506:	30 f4       	brcc	.+12     	; 0x2514 <TwoWire::peek()+0x18>
    2508:	f0 e0       	ldi	r31, 0x00	; 0
    250a:	e3 51       	subi	r30, 0x13	; 19
    250c:	fc 4f       	sbci	r31, 0xFC	; 252
    250e:	80 81       	ld	r24, Z
    2510:	90 e0       	ldi	r25, 0x00	; 0
    2512:	08 95       	ret
    2514:	8f ef       	ldi	r24, 0xFF	; 255
    2516:	9f ef       	ldi	r25, 0xFF	; 255
    2518:	08 95       	ret

0000251a <TwoWire::flush()>:
_ZN7TwoWire5flushEv():
    251a:	08 95       	ret

0000251c <TwoWire::onReceiveService(unsigned char*, int)>:
_ZN7TwoWire16onReceiveServiceEPhi():
    251c:	cf 93       	push	r28
    251e:	df 93       	push	r29
    2520:	ec 01       	movw	r28, r24
    2522:	e0 91 c3 03 	lds	r30, 0x03C3	; 0x8003c3 <TwoWire::user_onReceive>
    2526:	f0 91 c4 03 	lds	r31, 0x03C4	; 0x8003c4 <TwoWire::user_onReceive+0x1>
    252a:	30 97       	sbiw	r30, 0x00	; 0
    252c:	f1 f0       	breq	.+60     	; 0x256a <TwoWire::onReceiveService(unsigned char*, int)+0x4e>
    252e:	90 91 ec 03 	lds	r25, 0x03EC	; 0x8003ec <TwoWire::rxBufferIndex>
    2532:	80 91 eb 03 	lds	r24, 0x03EB	; 0x8003eb <TwoWire::rxBufferLength>
    2536:	98 17       	cp	r25, r24
    2538:	c0 f0       	brcs	.+48     	; 0x256a <TwoWire::onReceiveService(unsigned char*, int)+0x4e>
    253a:	90 e0       	ldi	r25, 0x00	; 0
    253c:	29 2f       	mov	r18, r25
    253e:	30 e0       	ldi	r19, 0x00	; 0
    2540:	26 17       	cp	r18, r22
    2542:	37 07       	cpc	r19, r23
    2544:	54 f4       	brge	.+20     	; 0x255a <TwoWire::onReceiveService(unsigned char*, int)+0x3e>
    2546:	de 01       	movw	r26, r28
    2548:	a2 0f       	add	r26, r18
    254a:	b3 1f       	adc	r27, r19
    254c:	4c 91       	ld	r20, X
    254e:	23 51       	subi	r18, 0x13	; 19
    2550:	3c 4f       	sbci	r19, 0xFC	; 252
    2552:	d9 01       	movw	r26, r18
    2554:	4c 93       	st	X, r20
    2556:	9f 5f       	subi	r25, 0xFF	; 255
    2558:	f1 cf       	rjmp	.-30     	; 0x253c <TwoWire::onReceiveService(unsigned char*, int)+0x20>
    255a:	10 92 ec 03 	sts	0x03EC, r1	; 0x8003ec <TwoWire::rxBufferIndex>
    255e:	60 93 eb 03 	sts	0x03EB, r22	; 0x8003eb <TwoWire::rxBufferLength>
    2562:	cb 01       	movw	r24, r22
    2564:	df 91       	pop	r29
    2566:	cf 91       	pop	r28
    2568:	09 94       	ijmp
    256a:	df 91       	pop	r29
    256c:	cf 91       	pop	r28
    256e:	08 95       	ret

00002570 <TwoWire::onRequestService()>:
_ZN7TwoWire16onRequestServiceEv():
    2570:	e0 91 c5 03 	lds	r30, 0x03C5	; 0x8003c5 <TwoWire::user_onRequest>
    2574:	f0 91 c6 03 	lds	r31, 0x03C6	; 0x8003c6 <TwoWire::user_onRequest+0x1>
    2578:	30 97       	sbiw	r30, 0x00	; 0
    257a:	29 f0       	breq	.+10     	; 0x2586 <TwoWire::onRequestService()+0x16>
    257c:	10 92 c9 03 	sts	0x03C9, r1	; 0x8003c9 <TwoWire::txBufferIndex>
    2580:	10 92 c8 03 	sts	0x03C8, r1	; 0x8003c8 <TwoWire::txBufferLength>
    2584:	09 94       	ijmp
    2586:	08 95       	ret

00002588 <TwoWire::write(unsigned char)>:
_ZN7TwoWire5writeEh():
    2588:	cf 93       	push	r28
    258a:	df 93       	push	r29
    258c:	1f 92       	push	r1
    258e:	cd b7       	in	r28, 0x3d	; 61
    2590:	de b7       	in	r29, 0x3e	; 62
    2592:	69 83       	std	Y+1, r22	; 0x01
    2594:	20 91 c7 03 	lds	r18, 0x03C7	; 0x8003c7 <TwoWire::transmitting>
    2598:	22 23       	and	r18, r18
    259a:	f9 f0       	breq	.+62     	; 0x25da <TwoWire::write(unsigned char)+0x52>
    259c:	20 91 c8 03 	lds	r18, 0x03C8	; 0x8003c8 <TwoWire::txBufferLength>
    25a0:	20 32       	cpi	r18, 0x20	; 32
    25a2:	58 f0       	brcs	.+22     	; 0x25ba <TwoWire::write(unsigned char)+0x32>
_ZN5Print13setWriteErrorEi():
    25a4:	21 e0       	ldi	r18, 0x01	; 1
    25a6:	30 e0       	ldi	r19, 0x00	; 0
    25a8:	fc 01       	movw	r30, r24
    25aa:	33 83       	std	Z+3, r19	; 0x03
    25ac:	22 83       	std	Z+2, r18	; 0x02
_ZN7TwoWire5writeEh():
    25ae:	90 e0       	ldi	r25, 0x00	; 0
    25b0:	80 e0       	ldi	r24, 0x00	; 0
    25b2:	0f 90       	pop	r0
    25b4:	df 91       	pop	r29
    25b6:	cf 91       	pop	r28
    25b8:	08 95       	ret
    25ba:	80 91 c9 03 	lds	r24, 0x03C9	; 0x8003c9 <TwoWire::txBufferIndex>
    25be:	e8 2f       	mov	r30, r24
    25c0:	f0 e0       	ldi	r31, 0x00	; 0
    25c2:	e6 53       	subi	r30, 0x36	; 54
    25c4:	fc 4f       	sbci	r31, 0xFC	; 252
    25c6:	99 81       	ldd	r25, Y+1	; 0x01
    25c8:	90 83       	st	Z, r25
    25ca:	8f 5f       	subi	r24, 0xFF	; 255
    25cc:	80 93 c9 03 	sts	0x03C9, r24	; 0x8003c9 <TwoWire::txBufferIndex>
    25d0:	80 93 c8 03 	sts	0x03C8, r24	; 0x8003c8 <TwoWire::txBufferLength>
    25d4:	81 e0       	ldi	r24, 0x01	; 1
    25d6:	90 e0       	ldi	r25, 0x00	; 0
    25d8:	ec cf       	rjmp	.-40     	; 0x25b2 <TwoWire::write(unsigned char)+0x2a>
    25da:	61 e0       	ldi	r22, 0x01	; 1
    25dc:	ce 01       	movw	r24, r28
    25de:	01 96       	adiw	r24, 0x01	; 1
    25e0:	0e 94 65 14 	call	0x28ca	; 0x28ca <twi_transmit>
    25e4:	f7 cf       	rjmp	.-18     	; 0x25d4 <TwoWire::write(unsigned char)+0x4c>

000025e6 <TwoWire::write(unsigned char const*, unsigned int)>:
_ZN7TwoWire5writeEPKhj():
    25e6:	cf 92       	push	r12
    25e8:	df 92       	push	r13
    25ea:	ef 92       	push	r14
    25ec:	ff 92       	push	r15
    25ee:	0f 93       	push	r16
    25f0:	1f 93       	push	r17
    25f2:	cf 93       	push	r28
    25f4:	df 93       	push	r29
    25f6:	7c 01       	movw	r14, r24
    25f8:	cb 01       	movw	r24, r22
    25fa:	8a 01       	movw	r16, r20
    25fc:	20 91 c7 03 	lds	r18, 0x03C7	; 0x8003c7 <TwoWire::transmitting>
    2600:	22 23       	and	r18, r18
    2602:	89 f0       	breq	.+34     	; 0x2626 <TwoWire::write(unsigned char const*, unsigned int)+0x40>
    2604:	eb 01       	movw	r28, r22
    2606:	6b 01       	movw	r12, r22
    2608:	c4 0e       	add	r12, r20
    260a:	d5 1e       	adc	r13, r21
    260c:	cc 15       	cp	r28, r12
    260e:	dd 05       	cpc	r29, r13
    2610:	69 f0       	breq	.+26     	; 0x262c <TwoWire::write(unsigned char const*, unsigned int)+0x46>
    2612:	69 91       	ld	r22, Y+
    2614:	d7 01       	movw	r26, r14
    2616:	ed 91       	ld	r30, X+
    2618:	fc 91       	ld	r31, X
    261a:	01 90       	ld	r0, Z+
    261c:	f0 81       	ld	r31, Z
    261e:	e0 2d       	mov	r30, r0
    2620:	c7 01       	movw	r24, r14
    2622:	09 95       	icall
    2624:	f3 cf       	rjmp	.-26     	; 0x260c <TwoWire::write(unsigned char const*, unsigned int)+0x26>
    2626:	64 2f       	mov	r22, r20
    2628:	0e 94 65 14 	call	0x28ca	; 0x28ca <twi_transmit>
    262c:	c8 01       	movw	r24, r16
    262e:	df 91       	pop	r29
    2630:	cf 91       	pop	r28
    2632:	1f 91       	pop	r17
    2634:	0f 91       	pop	r16
    2636:	ff 90       	pop	r15
    2638:	ef 90       	pop	r14
    263a:	df 90       	pop	r13
    263c:	cf 90       	pop	r12
    263e:	08 95       	ret

00002640 <TwoWire::begin()>:
_ZN7TwoWire5beginEv():
    2640:	10 92 ec 03 	sts	0x03EC, r1	; 0x8003ec <TwoWire::rxBufferIndex>
    2644:	10 92 eb 03 	sts	0x03EB, r1	; 0x8003eb <TwoWire::rxBufferLength>
    2648:	10 92 c9 03 	sts	0x03C9, r1	; 0x8003c9 <TwoWire::txBufferIndex>
    264c:	10 92 c8 03 	sts	0x03C8, r1	; 0x8003c8 <TwoWire::txBufferLength>
    2650:	0e 94 c5 13 	call	0x278a	; 0x278a <twi_init>
    2654:	88 eb       	ldi	r24, 0xB8	; 184
    2656:	92 e1       	ldi	r25, 0x12	; 18
    2658:	0e 94 91 14 	call	0x2922	; 0x2922 <twi_attachSlaveTxEvent>
    265c:	8e e8       	ldi	r24, 0x8E	; 142
    265e:	92 e1       	ldi	r25, 0x12	; 18
    2660:	0c 94 8c 14 	jmp	0x2918	; 0x2918 <twi_attachSlaveRxEvent>

00002664 <TwoWire::beginTransmission(unsigned char)>:
_ZN7TwoWire17beginTransmissionEh():
    2664:	81 e0       	ldi	r24, 0x01	; 1
    2666:	80 93 c7 03 	sts	0x03C7, r24	; 0x8003c7 <TwoWire::transmitting>
    266a:	60 93 ea 03 	sts	0x03EA, r22	; 0x8003ea <TwoWire::txAddress>
    266e:	10 92 c9 03 	sts	0x03C9, r1	; 0x8003c9 <TwoWire::txBufferIndex>
    2672:	10 92 c8 03 	sts	0x03C8, r1	; 0x8003c8 <TwoWire::txBufferLength>
    2676:	08 95       	ret

00002678 <TwoWire::endTransmission(unsigned char)>:
_ZN7TwoWire15endTransmissionEh():
    2678:	0f 93       	push	r16
    267a:	06 2f       	mov	r16, r22
    267c:	21 e0       	ldi	r18, 0x01	; 1
    267e:	40 91 c8 03 	lds	r20, 0x03C8	; 0x8003c8 <TwoWire::txBufferLength>
    2682:	6a ec       	ldi	r22, 0xCA	; 202
    2684:	73 e0       	ldi	r23, 0x03	; 3
    2686:	80 91 ea 03 	lds	r24, 0x03EA	; 0x8003ea <TwoWire::txAddress>
    268a:	0e 94 18 14 	call	0x2830	; 0x2830 <twi_writeTo>
    268e:	10 92 c9 03 	sts	0x03C9, r1	; 0x8003c9 <TwoWire::txBufferIndex>
    2692:	10 92 c8 03 	sts	0x03C8, r1	; 0x8003c8 <TwoWire::txBufferLength>
    2696:	10 92 c7 03 	sts	0x03C7, r1	; 0x8003c7 <TwoWire::transmitting>
    269a:	0f 91       	pop	r16
    269c:	08 95       	ret

0000269e <TwoWire::requestFrom(unsigned char, unsigned char, unsigned long, unsigned char, unsigned char)>:
_ZN7TwoWire11requestFromEhhmhh():
    269e:	4f 92       	push	r4
    26a0:	5f 92       	push	r5
    26a2:	6f 92       	push	r6
    26a4:	7f 92       	push	r7
    26a6:	af 92       	push	r10
    26a8:	bf 92       	push	r11
    26aa:	cf 92       	push	r12
    26ac:	ef 92       	push	r14
    26ae:	ff 92       	push	r15
    26b0:	0f 93       	push	r16
    26b2:	1f 93       	push	r17
    26b4:	cf 93       	push	r28
    26b6:	df 93       	push	r29
    26b8:	5c 01       	movw	r10, r24
    26ba:	f6 2e       	mov	r15, r22
    26bc:	d4 2f       	mov	r29, r20
    26be:	28 01       	movw	r4, r16
    26c0:	39 01       	movw	r6, r18
    26c2:	ee 20       	and	r14, r14
    26c4:	19 f1       	breq	.+70     	; 0x270c <TwoWire::requestFrom(unsigned char, unsigned char, unsigned long, unsigned char, unsigned char)+0x6e>
    26c6:	0e 94 32 13 	call	0x2664	; 0x2664 <TwoWire::beginTransmission(unsigned char)>
    26ca:	ce 2d       	mov	r28, r14
    26cc:	c4 30       	cpi	r28, 0x04	; 4
    26ce:	08 f0       	brcs	.+2      	; 0x26d2 <TwoWire::requestFrom(unsigned char, unsigned char, unsigned long, unsigned char, unsigned char)+0x34>
    26d0:	c3 e0       	ldi	r28, 0x03	; 3
    26d2:	c1 50       	subi	r28, 0x01	; 1
    26d4:	b8 f0       	brcs	.+46     	; 0x2704 <TwoWire::requestFrom(unsigned char, unsigned char, unsigned long, unsigned char, unsigned char)+0x66>
    26d6:	28 e0       	ldi	r18, 0x08	; 8
    26d8:	c2 9f       	mul	r28, r18
    26da:	c0 01       	movw	r24, r0
    26dc:	11 24       	eor	r1, r1
    26de:	a3 01       	movw	r20, r6
    26e0:	92 01       	movw	r18, r4
    26e2:	04 c0       	rjmp	.+8      	; 0x26ec <TwoWire::requestFrom(unsigned char, unsigned char, unsigned long, unsigned char, unsigned char)+0x4e>
    26e4:	56 95       	lsr	r21
    26e6:	47 95       	ror	r20
    26e8:	37 95       	ror	r19
    26ea:	27 95       	ror	r18
    26ec:	8a 95       	dec	r24
    26ee:	d2 f7       	brpl	.-12     	; 0x26e4 <TwoWire::requestFrom(unsigned char, unsigned char, unsigned long, unsigned char, unsigned char)+0x46>
    26f0:	b9 01       	movw	r22, r18
    26f2:	d5 01       	movw	r26, r10
    26f4:	ed 91       	ld	r30, X+
    26f6:	fc 91       	ld	r31, X
    26f8:	01 90       	ld	r0, Z+
    26fa:	f0 81       	ld	r31, Z
    26fc:	e0 2d       	mov	r30, r0
    26fe:	c5 01       	movw	r24, r10
    2700:	09 95       	icall
    2702:	e7 cf       	rjmp	.-50     	; 0x26d2 <TwoWire::requestFrom(unsigned char, unsigned char, unsigned long, unsigned char, unsigned char)+0x34>
    2704:	60 e0       	ldi	r22, 0x00	; 0
    2706:	c5 01       	movw	r24, r10
    2708:	0e 94 3c 13 	call	0x2678	; 0x2678 <TwoWire::endTransmission(unsigned char)>
    270c:	4d 2f       	mov	r20, r29
    270e:	d1 32       	cpi	r29, 0x21	; 33
    2710:	08 f0       	brcs	.+2      	; 0x2714 <TwoWire::requestFrom(unsigned char, unsigned char, unsigned long, unsigned char, unsigned char)+0x76>
    2712:	40 e2       	ldi	r20, 0x20	; 32
    2714:	2c 2d       	mov	r18, r12
    2716:	6d ee       	ldi	r22, 0xED	; 237
    2718:	73 e0       	ldi	r23, 0x03	; 3
    271a:	8f 2d       	mov	r24, r15
    271c:	0e 94 db 13 	call	0x27b6	; 0x27b6 <twi_readFrom>
    2720:	10 92 ec 03 	sts	0x03EC, r1	; 0x8003ec <TwoWire::rxBufferIndex>
    2724:	80 93 eb 03 	sts	0x03EB, r24	; 0x8003eb <TwoWire::rxBufferLength>
    2728:	df 91       	pop	r29
    272a:	cf 91       	pop	r28
    272c:	1f 91       	pop	r17
    272e:	0f 91       	pop	r16
    2730:	ff 90       	pop	r15
    2732:	ef 90       	pop	r14
    2734:	cf 90       	pop	r12
    2736:	bf 90       	pop	r11
    2738:	af 90       	pop	r10
    273a:	7f 90       	pop	r7
    273c:	6f 90       	pop	r6
    273e:	5f 90       	pop	r5
    2740:	4f 90       	pop	r4
    2742:	08 95       	ret

00002744 <TwoWire::requestFrom(unsigned char, unsigned char, unsigned char)>:
_ZN7TwoWire11requestFromEhhh():
    2744:	cf 92       	push	r12
    2746:	ef 92       	push	r14
    2748:	0f 93       	push	r16
    274a:	1f 93       	push	r17
    274c:	c2 2e       	mov	r12, r18
    274e:	e1 2c       	mov	r14, r1
    2750:	00 e0       	ldi	r16, 0x00	; 0
    2752:	10 e0       	ldi	r17, 0x00	; 0
    2754:	98 01       	movw	r18, r16
    2756:	0e 94 4f 13 	call	0x269e	; 0x269e <TwoWire::requestFrom(unsigned char, unsigned char, unsigned long, unsigned char, unsigned char)>
    275a:	1f 91       	pop	r17
    275c:	0f 91       	pop	r16
    275e:	ef 90       	pop	r14
    2760:	cf 90       	pop	r12
    2762:	08 95       	ret

00002764 <TwoWire::requestFrom(int, int, int)>:
_ZN7TwoWire11requestFromEiii():
    2764:	0c 94 a2 13 	jmp	0x2744	; 0x2744 <TwoWire::requestFrom(unsigned char, unsigned char, unsigned char)>

00002768 <_GLOBAL__sub_I__ZN7TwoWire8rxBufferE>:
_ZN5PrintC4Ev():
C:\Users\dheer\AppData\Local\Arduino15\packages\MightyCore\hardware\avr\2.2.1\cores\MCUdude_corefiles/Print.h:46
    size_t printNumber(unsigned long, uint8_t);
    size_t printFloat(double, uint8_t);
  protected:
    void setWriteError(int err = 1) { write_error = err; }
  public:
    Print() : write_error(0) {}
    2768:	e7 eb       	ldi	r30, 0xB7	; 183
    276a:	f3 e0       	ldi	r31, 0x03	; 3
    276c:	13 82       	std	Z+3, r1	; 0x03
    276e:	12 82       	std	Z+2, r1	; 0x02
_ZN6StreamC4Ev():
C:\Users\dheer\AppData\Local\Arduino15\packages\MightyCore\hardware\avr\2.2.1\cores\MCUdude_corefiles/Stream.h:63
  public:
    virtual int available() = 0;
    virtual int read() = 0;
    virtual int peek() = 0;

    Stream() {_timeout=1000;}
    2770:	88 ee       	ldi	r24, 0xE8	; 232
    2772:	93 e0       	ldi	r25, 0x03	; 3
    2774:	a0 e0       	ldi	r26, 0x00	; 0
    2776:	b0 e0       	ldi	r27, 0x00	; 0
    2778:	84 83       	std	Z+4, r24	; 0x04
    277a:	95 83       	std	Z+5, r25	; 0x05
    277c:	a6 83       	std	Z+6, r26	; 0x06
    277e:	b7 83       	std	Z+7, r27	; 0x07
_ZN7TwoWireC4Ev():
C:\Users\dheer\AppData\Local\Arduino15\packages\MightyCore\hardware\avr\2.2.1\libraries\Wire\src/Wire.cpp:53
void (*TwoWire::user_onRequest)(void);
void (*TwoWire::user_onReceive)(int);

// Constructors ////////////////////////////////////////////////////////////////

TwoWire::TwoWire()
    2780:	82 e1       	ldi	r24, 0x12	; 18
    2782:	91 e0       	ldi	r25, 0x01	; 1
    2784:	91 83       	std	Z+1, r25	; 0x01
    2786:	80 83       	st	Z, r24
_GLOBAL__sub_I__ZN7TwoWire8rxBufferE():
C:\Users\dheer\AppData\Local\Arduino15\packages\MightyCore\hardware\avr\2.2.1\libraries\Wire\src/Wire.cpp:382
  user_onRequest = function;
}

// Preinstantiate Objects //////////////////////////////////////////////////////

TwoWire Wire = TwoWire();
    2788:	08 95       	ret

0000278a <twi_init>:
twi_init():
C:\Users\dheer\AppData\Local\Arduino15\packages\MightyCore\hardware\avr\2.2.1\libraries\Wire\src\utility/twi.c:531
  bool flag = twi_timed_out_flag;
  if (clear_flag){
    twi_timed_out_flag = false;
  }
  return(flag);
}
    278a:	10 92 5c 04 	sts	0x045C, r1	; 0x80045c <twi_state>
    278e:	81 e0       	ldi	r24, 0x01	; 1
    2790:	80 93 5a 04 	sts	0x045A, r24	; 0x80045a <twi_sendStop>
    2794:	10 92 59 04 	sts	0x0459, r1	; 0x800459 <twi_inRepStart>
    2798:	61 e0       	ldi	r22, 0x01	; 1
    279a:	81 e1       	ldi	r24, 0x11	; 17
    279c:	0e 94 b3 1a 	call	0x3566	; 0x3566 <digitalWrite>
    27a0:	61 e0       	ldi	r22, 0x01	; 1
    27a2:	80 e1       	ldi	r24, 0x10	; 16
    27a4:	0e 94 b3 1a 	call	0x3566	; 0x3566 <digitalWrite>
    27a8:	08 98       	cbi	0x01, 0	; 1
    27aa:	09 98       	cbi	0x01, 1	; 1
    27ac:	80 e2       	ldi	r24, 0x20	; 32
    27ae:	80 b9       	out	0x00, r24	; 0
    27b0:	85 e4       	ldi	r24, 0x45	; 69
    27b2:	86 bf       	out	0x36, r24	; 54
    27b4:	08 95       	ret

000027b6 <twi_readFrom>:
twi_readFrom():
    27b6:	41 32       	cpi	r20, 0x21	; 33
    27b8:	c8 f5       	brcc	.+114    	; 0x282c <twi_readFrom+0x76>
    27ba:	90 91 5c 04 	lds	r25, 0x045C	; 0x80045c <twi_state>
    27be:	91 11       	cpse	r25, r1
    27c0:	fc cf       	rjmp	.-8      	; 0x27ba <twi_readFrom+0x4>
    27c2:	91 e0       	ldi	r25, 0x01	; 1
    27c4:	90 93 5c 04 	sts	0x045C, r25	; 0x80045c <twi_state>
    27c8:	20 93 5a 04 	sts	0x045A, r18	; 0x80045a <twi_sendStop>
    27cc:	2f ef       	ldi	r18, 0xFF	; 255
    27ce:	20 93 0d 04 	sts	0x040D, r18	; 0x80040d <twi_error>
    27d2:	70 93 54 04 	sts	0x0454, r23	; 0x800454 <twi_masterBuffer+0x1>
    27d6:	60 93 53 04 	sts	0x0453, r22	; 0x800453 <twi_masterBuffer>
    27da:	10 92 52 04 	sts	0x0452, r1	; 0x800452 <twi_masterBufferIndex>
    27de:	24 0f       	add	r18, r20
    27e0:	20 93 51 04 	sts	0x0451, r18	; 0x800451 <twi_masterBufferLength>
    27e4:	90 93 5b 04 	sts	0x045B, r25	; 0x80045b <twi_slarw>
    27e8:	90 91 5b 04 	lds	r25, 0x045B	; 0x80045b <twi_slarw>
    27ec:	88 0f       	add	r24, r24
    27ee:	89 2b       	or	r24, r25
    27f0:	80 93 5b 04 	sts	0x045B, r24	; 0x80045b <twi_slarw>
    27f4:	80 91 59 04 	lds	r24, 0x0459	; 0x800459 <twi_inRepStart>
    27f8:	81 30       	cpi	r24, 0x01	; 1
    27fa:	b1 f4       	brne	.+44     	; 0x2828 <twi_readFrom+0x72>
    27fc:	10 92 59 04 	sts	0x0459, r1	; 0x800459 <twi_inRepStart>
    2800:	80 91 5b 04 	lds	r24, 0x045B	; 0x80045b <twi_slarw>
    2804:	83 b9       	out	0x03, r24	; 3
    2806:	06 b6       	in	r0, 0x36	; 54
    2808:	03 fc       	sbrc	r0, 3
    280a:	fa cf       	rjmp	.-12     	; 0x2800 <twi_readFrom+0x4a>
    280c:	85 ec       	ldi	r24, 0xC5	; 197
    280e:	86 bf       	out	0x36, r24	; 54
    2810:	80 91 5c 04 	lds	r24, 0x045C	; 0x80045c <twi_state>
    2814:	81 30       	cpi	r24, 0x01	; 1
    2816:	e1 f3       	breq	.-8      	; 0x2810 <twi_readFrom+0x5a>
    2818:	80 91 52 04 	lds	r24, 0x0452	; 0x800452 <twi_masterBufferIndex>
    281c:	84 17       	cp	r24, r20
    281e:	10 f4       	brcc	.+4      	; 0x2824 <twi_readFrom+0x6e>
    2820:	40 91 52 04 	lds	r20, 0x0452	; 0x800452 <twi_masterBufferIndex>
    2824:	84 2f       	mov	r24, r20
    2826:	08 95       	ret
    2828:	85 ee       	ldi	r24, 0xE5	; 229
    282a:	f1 cf       	rjmp	.-30     	; 0x280e <twi_readFrom+0x58>
    282c:	40 e0       	ldi	r20, 0x00	; 0
    282e:	fa cf       	rjmp	.-12     	; 0x2824 <twi_readFrom+0x6e>

00002830 <twi_writeTo>:
twi_writeTo():
    2830:	0f 93       	push	r16
    2832:	41 32       	cpi	r20, 0x21	; 33
    2834:	08 f0       	brcs	.+2      	; 0x2838 <twi_writeTo+0x8>
    2836:	41 c0       	rjmp	.+130    	; 0x28ba <twi_writeTo+0x8a>
    2838:	90 91 5c 04 	lds	r25, 0x045C	; 0x80045c <twi_state>
    283c:	91 11       	cpse	r25, r1
    283e:	fc cf       	rjmp	.-8      	; 0x2838 <twi_writeTo+0x8>
    2840:	92 e0       	ldi	r25, 0x02	; 2
    2842:	90 93 5c 04 	sts	0x045C, r25	; 0x80045c <twi_state>
    2846:	00 93 5a 04 	sts	0x045A, r16	; 0x80045a <twi_sendStop>
    284a:	9f ef       	ldi	r25, 0xFF	; 255
    284c:	90 93 0d 04 	sts	0x040D, r25	; 0x80040d <twi_error>
    2850:	70 93 54 04 	sts	0x0454, r23	; 0x800454 <twi_masterBuffer+0x1>
    2854:	60 93 53 04 	sts	0x0453, r22	; 0x800453 <twi_masterBuffer>
    2858:	10 92 52 04 	sts	0x0452, r1	; 0x800452 <twi_masterBufferIndex>
    285c:	40 93 51 04 	sts	0x0451, r20	; 0x800451 <twi_masterBufferLength>
    2860:	10 92 5b 04 	sts	0x045B, r1	; 0x80045b <twi_slarw>
    2864:	90 91 5b 04 	lds	r25, 0x045B	; 0x80045b <twi_slarw>
    2868:	88 0f       	add	r24, r24
    286a:	89 2b       	or	r24, r25
    286c:	80 93 5b 04 	sts	0x045B, r24	; 0x80045b <twi_slarw>
    2870:	80 91 59 04 	lds	r24, 0x0459	; 0x800459 <twi_inRepStart>
    2874:	81 30       	cpi	r24, 0x01	; 1
    2876:	f9 f4       	brne	.+62     	; 0x28b6 <twi_writeTo+0x86>
    2878:	10 92 59 04 	sts	0x0459, r1	; 0x800459 <twi_inRepStart>
    287c:	80 91 5b 04 	lds	r24, 0x045B	; 0x80045b <twi_slarw>
    2880:	83 b9       	out	0x03, r24	; 3
    2882:	06 b6       	in	r0, 0x36	; 54
    2884:	03 fc       	sbrc	r0, 3
    2886:	fa cf       	rjmp	.-12     	; 0x287c <twi_writeTo+0x4c>
    2888:	85 ec       	ldi	r24, 0xC5	; 197
    288a:	86 bf       	out	0x36, r24	; 54
    288c:	22 23       	and	r18, r18
    288e:	21 f0       	breq	.+8      	; 0x2898 <twi_writeTo+0x68>
    2890:	80 91 5c 04 	lds	r24, 0x045C	; 0x80045c <twi_state>
    2894:	82 30       	cpi	r24, 0x02	; 2
    2896:	d1 f3       	breq	.-12     	; 0x288c <twi_writeTo+0x5c>
    2898:	80 91 0d 04 	lds	r24, 0x040D	; 0x80040d <twi_error>
    289c:	8f 3f       	cpi	r24, 0xFF	; 255
    289e:	79 f0       	breq	.+30     	; 0x28be <twi_writeTo+0x8e>
    28a0:	80 91 0d 04 	lds	r24, 0x040D	; 0x80040d <twi_error>
    28a4:	80 32       	cpi	r24, 0x20	; 32
    28a6:	69 f0       	breq	.+26     	; 0x28c2 <twi_writeTo+0x92>
    28a8:	80 91 0d 04 	lds	r24, 0x040D	; 0x80040d <twi_error>
    28ac:	80 33       	cpi	r24, 0x30	; 48
    28ae:	59 f0       	breq	.+22     	; 0x28c6 <twi_writeTo+0x96>
    28b0:	84 e0       	ldi	r24, 0x04	; 4
    28b2:	0f 91       	pop	r16
    28b4:	08 95       	ret
    28b6:	85 ee       	ldi	r24, 0xE5	; 229
    28b8:	e8 cf       	rjmp	.-48     	; 0x288a <twi_writeTo+0x5a>
    28ba:	81 e0       	ldi	r24, 0x01	; 1
    28bc:	fa cf       	rjmp	.-12     	; 0x28b2 <twi_writeTo+0x82>
    28be:	80 e0       	ldi	r24, 0x00	; 0
    28c0:	f8 cf       	rjmp	.-16     	; 0x28b2 <twi_writeTo+0x82>
    28c2:	82 e0       	ldi	r24, 0x02	; 2
    28c4:	f6 cf       	rjmp	.-20     	; 0x28b2 <twi_writeTo+0x82>
    28c6:	83 e0       	ldi	r24, 0x03	; 3
    28c8:	f4 cf       	rjmp	.-24     	; 0x28b2 <twi_writeTo+0x82>

000028ca <twi_transmit>:
twi_transmit():
    28ca:	20 91 2f 04 	lds	r18, 0x042F	; 0x80042f <twi_txBufferLength>
    28ce:	26 0f       	add	r18, r22
    28d0:	33 27       	eor	r19, r19
    28d2:	33 1f       	adc	r19, r19
    28d4:	21 32       	cpi	r18, 0x21	; 33
    28d6:	31 05       	cpc	r19, r1
    28d8:	ec f4       	brge	.+58     	; 0x2914 <twi_transmit+0x4a>
    28da:	20 91 5c 04 	lds	r18, 0x045C	; 0x80045c <twi_state>
    28de:	fc 01       	movw	r30, r24
    28e0:	90 e0       	ldi	r25, 0x00	; 0
    28e2:	80 e0       	ldi	r24, 0x00	; 0
    28e4:	24 30       	cpi	r18, 0x04	; 4
    28e6:	69 f0       	breq	.+26     	; 0x2902 <twi_transmit+0x38>
    28e8:	82 e0       	ldi	r24, 0x02	; 2
    28ea:	08 95       	ret
    28ec:	a0 91 2f 04 	lds	r26, 0x042F	; 0x80042f <twi_txBufferLength>
    28f0:	21 91       	ld	r18, Z+
    28f2:	ac 01       	movw	r20, r24
    28f4:	4f 5c       	subi	r20, 0xCF	; 207
    28f6:	5b 4f       	sbci	r21, 0xFB	; 251
    28f8:	a4 0f       	add	r26, r20
    28fa:	b5 2f       	mov	r27, r21
    28fc:	b1 1d       	adc	r27, r1
    28fe:	2c 93       	st	X, r18
    2900:	01 96       	adiw	r24, 0x01	; 1
    2902:	86 17       	cp	r24, r22
    2904:	98 f3       	brcs	.-26     	; 0x28ec <twi_transmit+0x22>
    2906:	80 91 2f 04 	lds	r24, 0x042F	; 0x80042f <twi_txBufferLength>
    290a:	68 0f       	add	r22, r24
    290c:	60 93 2f 04 	sts	0x042F, r22	; 0x80042f <twi_txBufferLength>
    2910:	80 e0       	ldi	r24, 0x00	; 0
    2912:	08 95       	ret
    2914:	81 e0       	ldi	r24, 0x01	; 1
    2916:	08 95       	ret

00002918 <twi_attachSlaveRxEvent>:
twi_attachSlaveRxEvent():
    2918:	90 93 56 04 	sts	0x0456, r25	; 0x800456 <twi_onSlaveReceive+0x1>
    291c:	80 93 55 04 	sts	0x0455, r24	; 0x800455 <twi_onSlaveReceive>
    2920:	08 95       	ret

00002922 <twi_attachSlaveTxEvent>:
twi_attachSlaveTxEvent():
    2922:	90 93 58 04 	sts	0x0458, r25	; 0x800458 <twi_onSlaveTransmit+0x1>
    2926:	80 93 57 04 	sts	0x0457, r24	; 0x800457 <twi_onSlaveTransmit>
    292a:	08 95       	ret

0000292c <twi_stop>:
twi_stop():
    292c:	85 ed       	ldi	r24, 0xD5	; 213
    292e:	86 bf       	out	0x36, r24	; 54
    2930:	06 b6       	in	r0, 0x36	; 54
    2932:	04 fc       	sbrc	r0, 4
    2934:	fd cf       	rjmp	.-6      	; 0x2930 <twi_stop+0x4>
    2936:	10 92 5c 04 	sts	0x045C, r1	; 0x80045c <twi_state>
    293a:	08 95       	ret

0000293c <twi_releaseBus>:
twi_releaseBus():
    293c:	85 ec       	ldi	r24, 0xC5	; 197
    293e:	86 bf       	out	0x36, r24	; 54
    2940:	10 92 5c 04 	sts	0x045C, r1	; 0x80045c <twi_state>
    2944:	08 95       	ret

00002946 <__vector_19>:
__vector_19():
C:\Users\dheer\AppData\Local\Arduino15\packages\MightyCore\hardware\avr\2.2.1\libraries\Wire\src\utility/twi.c:534

ISR(TWI_vect)
{
    2946:	1f 92       	push	r1
    2948:	0f 92       	push	r0
    294a:	0f b6       	in	r0, 0x3f	; 63
    294c:	0f 92       	push	r0
    294e:	11 24       	eor	r1, r1
    2950:	2f 93       	push	r18
    2952:	3f 93       	push	r19
    2954:	4f 93       	push	r20
    2956:	5f 93       	push	r21
    2958:	6f 93       	push	r22
    295a:	7f 93       	push	r23
    295c:	8f 93       	push	r24
    295e:	9f 93       	push	r25
    2960:	af 93       	push	r26
    2962:	bf 93       	push	r27
    2964:	ef 93       	push	r30
    2966:	ff 93       	push	r31
C:\Users\dheer\AppData\Local\Arduino15\packages\MightyCore\hardware\avr\2.2.1\libraries\Wire\src\utility/twi.c:535
  switch(TW_STATUS){
    2968:	81 b1       	in	r24, 0x01	; 1
    296a:	88 7f       	andi	r24, 0xF8	; 248
    296c:	80 36       	cpi	r24, 0x60	; 96
    296e:	09 f4       	brne	.+2      	; 0x2972 <__vector_19+0x2c>
    2970:	4c c0       	rjmp	.+152    	; 0x2a0a <__vector_19+0xc4>
    2972:	08 f0       	brcs	.+2      	; 0x2976 <__vector_19+0x30>
    2974:	3f c0       	rjmp	.+126    	; 0x29f4 <__vector_19+0xae>
    2976:	88 32       	cpi	r24, 0x28	; 40
    2978:	09 f4       	brne	.+2      	; 0x297c <__vector_19+0x36>
    297a:	a4 c0       	rjmp	.+328    	; 0x2ac4 <__vector_19+0x17e>
    297c:	18 f5       	brcc	.+70     	; 0x29c4 <__vector_19+0x7e>
    297e:	80 31       	cpi	r24, 0x10	; 16
    2980:	09 f4       	brne	.+2      	; 0x2984 <__vector_19+0x3e>
    2982:	9a c0       	rjmp	.+308    	; 0x2ab8 <__vector_19+0x172>
    2984:	b8 f4       	brcc	.+46     	; 0x29b4 <__vector_19+0x6e>
    2986:	88 23       	and	r24, r24
    2988:	09 f4       	brne	.+2      	; 0x298c <__vector_19+0x46>
    298a:	fe c0       	rjmp	.+508    	; 0x2b88 <__vector_19+0x242>
    298c:	88 30       	cpi	r24, 0x08	; 8
    298e:	09 f4       	brne	.+2      	; 0x2992 <__vector_19+0x4c>
    2990:	93 c0       	rjmp	.+294    	; 0x2ab8 <__vector_19+0x172>
C:\Users\dheer\AppData\Local\Arduino15\packages\MightyCore\hardware\avr\2.2.1\libraries\Wire\src\utility/twi.c:696
    case TW_BUS_ERROR: // bus error, illegal stop/start
      twi_error = TW_BUS_ERROR;
      twi_stop();
      break;
  }
}
    2992:	ff 91       	pop	r31
    2994:	ef 91       	pop	r30
    2996:	bf 91       	pop	r27
    2998:	af 91       	pop	r26
    299a:	9f 91       	pop	r25
    299c:	8f 91       	pop	r24
    299e:	7f 91       	pop	r23
    29a0:	6f 91       	pop	r22
    29a2:	5f 91       	pop	r21
    29a4:	4f 91       	pop	r20
    29a6:	3f 91       	pop	r19
    29a8:	2f 91       	pop	r18
    29aa:	0f 90       	pop	r0
    29ac:	0f be       	out	0x3f, r0	; 63
    29ae:	0f 90       	pop	r0
    29b0:	1f 90       	pop	r1
    29b2:	18 95       	reti
C:\Users\dheer\AppData\Local\Arduino15\packages\MightyCore\hardware\avr\2.2.1\libraries\Wire\src\utility/twi.c:535
  return(flag);
}

ISR(TWI_vect)
{
  switch(TW_STATUS){
    29b4:	88 31       	cpi	r24, 0x18	; 24
    29b6:	09 f4       	brne	.+2      	; 0x29ba <__vector_19+0x74>
    29b8:	85 c0       	rjmp	.+266    	; 0x2ac4 <__vector_19+0x17e>
    29ba:	80 32       	cpi	r24, 0x20	; 32
    29bc:	51 f7       	brne	.-44     	; 0x2992 <__vector_19+0x4c>
C:\Users\dheer\AppData\Local\Arduino15\packages\MightyCore\hardware\avr\2.2.1\libraries\Wire\src\utility/twi.c:570
    case TW_MT_SLA_NACK:  // address sent, nack received
      twi_error = TW_MT_SLA_NACK;
      twi_stop();
      break;
    case TW_MT_DATA_NACK: // data sent, nack received
      twi_error = TW_MT_DATA_NACK;
    29be:	80 93 0d 04 	sts	0x040D, r24	; 0x80040d <twi_error>
    29c2:	15 c0       	rjmp	.+42     	; 0x29ee <__vector_19+0xa8>
C:\Users\dheer\AppData\Local\Arduino15\packages\MightyCore\hardware\avr\2.2.1\libraries\Wire\src\utility/twi.c:535
  return(flag);
}

ISR(TWI_vect)
{
  switch(TW_STATUS){
    29c4:	80 34       	cpi	r24, 0x40	; 64
    29c6:	09 f4       	brne	.+2      	; 0x29ca <__vector_19+0x84>
    29c8:	a1 c0       	rjmp	.+322    	; 0x2b0c <__vector_19+0x1c6>
    29ca:	48 f4       	brcc	.+18     	; 0x29de <__vector_19+0x98>
    29cc:	80 33       	cpi	r24, 0x30	; 48
    29ce:	b9 f3       	breq	.-18     	; 0x29be <__vector_19+0x78>
    29d0:	88 33       	cpi	r24, 0x38	; 56
    29d2:	f9 f6       	brne	.-66     	; 0x2992 <__vector_19+0x4c>
C:\Users\dheer\AppData\Local\Arduino15\packages\MightyCore\hardware\avr\2.2.1\libraries\Wire\src\utility/twi.c:574
    case TW_MT_DATA_NACK: // data sent, nack received
      twi_error = TW_MT_DATA_NACK;
      twi_stop();
      break;
    case TW_MT_ARB_LOST: // lost bus arbitration
      twi_error = TW_MT_ARB_LOST;
    29d4:	80 93 0d 04 	sts	0x040D, r24	; 0x80040d <twi_error>
C:\Users\dheer\AppData\Local\Arduino15\packages\MightyCore\hardware\avr\2.2.1\libraries\Wire\src\utility/twi.c:575
      twi_releaseBus();
    29d8:	0e 94 9e 14 	call	0x293c	; 0x293c <twi_releaseBus>
C:\Users\dheer\AppData\Local\Arduino15\packages\MightyCore\hardware\avr\2.2.1\libraries\Wire\src\utility/twi.c:576
      break;
    29dc:	da cf       	rjmp	.-76     	; 0x2992 <__vector_19+0x4c>
C:\Users\dheer\AppData\Local\Arduino15\packages\MightyCore\hardware\avr\2.2.1\libraries\Wire\src\utility/twi.c:535
  return(flag);
}

ISR(TWI_vect)
{
  switch(TW_STATUS){
    29de:	80 35       	cpi	r24, 0x50	; 80
    29e0:	09 f4       	brne	.+2      	; 0x29e4 <__vector_19+0x9e>
    29e2:	85 c0       	rjmp	.+266    	; 0x2aee <__vector_19+0x1a8>
    29e4:	88 35       	cpi	r24, 0x58	; 88
    29e6:	09 f4       	brne	.+2      	; 0x29ea <__vector_19+0xa4>
    29e8:	99 c0       	rjmp	.+306    	; 0x2b1c <__vector_19+0x1d6>
    29ea:	88 34       	cpi	r24, 0x48	; 72
    29ec:	91 f6       	brne	.-92     	; 0x2992 <__vector_19+0x4c>
C:\Users\dheer\AppData\Local\Arduino15\packages\MightyCore\hardware\avr\2.2.1\libraries\Wire\src\utility/twi.c:693
    // All
    case TW_NO_INFO:   // no state information
      break;
    case TW_BUS_ERROR: // bus error, illegal stop/start
      twi_error = TW_BUS_ERROR;
      twi_stop();
    29ee:	0e 94 96 14 	call	0x292c	; 0x292c <twi_stop>
C:\Users\dheer\AppData\Local\Arduino15\packages\MightyCore\hardware\avr\2.2.1\libraries\Wire\src\utility/twi.c:696
      break;
  }
}
    29f2:	cf cf       	rjmp	.-98     	; 0x2992 <__vector_19+0x4c>
C:\Users\dheer\AppData\Local\Arduino15\packages\MightyCore\hardware\avr\2.2.1\libraries\Wire\src\utility/twi.c:535
  return(flag);
}

ISR(TWI_vect)
{
  switch(TW_STATUS){
    29f4:	88 39       	cpi	r24, 0x98	; 152
    29f6:	09 f4       	brne	.+2      	; 0x29fa <__vector_19+0xb4>
    29f8:	8f c0       	rjmp	.+286    	; 0x2b18 <__vector_19+0x1d2>
    29fa:	30 f5       	brcc	.+76     	; 0x2a48 <__vector_19+0x102>
    29fc:	88 37       	cpi	r24, 0x78	; 120
    29fe:	29 f0       	breq	.+10     	; 0x2a0a <__vector_19+0xc4>
    2a00:	50 f4       	brcc	.+20     	; 0x2a16 <__vector_19+0xd0>
    2a02:	88 36       	cpi	r24, 0x68	; 104
    2a04:	11 f0       	breq	.+4      	; 0x2a0a <__vector_19+0xc4>
    2a06:	80 37       	cpi	r24, 0x70	; 112
    2a08:	21 f6       	brne	.-120    	; 0x2992 <__vector_19+0x4c>
C:\Users\dheer\AppData\Local\Arduino15\packages\MightyCore\hardware\avr\2.2.1\libraries\Wire\src\utility/twi.c:616
    case TW_SR_SLA_ACK:   // addressed, returned ack
    case TW_SR_GCALL_ACK: // addressed generally, returned ack
    case TW_SR_ARB_LOST_SLA_ACK:   // lost arbitration, returned ack
    case TW_SR_ARB_LOST_GCALL_ACK: // lost arbitration, returned ack
      // enter slave receiver mode
      twi_state = TWI_SRX;
    2a0a:	83 e0       	ldi	r24, 0x03	; 3
    2a0c:	80 93 5c 04 	sts	0x045C, r24	; 0x80045c <twi_state>
C:\Users\dheer\AppData\Local\Arduino15\packages\MightyCore\hardware\avr\2.2.1\libraries\Wire\src\utility/twi.c:618
      // indicate that rx buffer can be overwritten and ack
      twi_rxBufferIndex = 0;
    2a10:	10 92 0e 04 	sts	0x040E, r1	; 0x80040e <twi_rxBufferIndex>
    2a14:	54 c0       	rjmp	.+168    	; 0x2abe <__vector_19+0x178>
C:\Users\dheer\AppData\Local\Arduino15\packages\MightyCore\hardware\avr\2.2.1\libraries\Wire\src\utility/twi.c:535
  return(flag);
}

ISR(TWI_vect)
{
  switch(TW_STATUS){
    2a16:	88 38       	cpi	r24, 0x88	; 136
    2a18:	09 f4       	brne	.+2      	; 0x2a1c <__vector_19+0xd6>
    2a1a:	7e c0       	rjmp	.+252    	; 0x2b18 <__vector_19+0x1d2>
    2a1c:	80 39       	cpi	r24, 0x90	; 144
    2a1e:	19 f0       	breq	.+6      	; 0x2a26 <__vector_19+0xe0>
    2a20:	80 38       	cpi	r24, 0x80	; 128
    2a22:	09 f0       	breq	.+2      	; 0x2a26 <__vector_19+0xe0>
    2a24:	b6 cf       	rjmp	.-148    	; 0x2992 <__vector_19+0x4c>
C:\Users\dheer\AppData\Local\Arduino15\packages\MightyCore\hardware\avr\2.2.1\libraries\Wire\src\utility/twi.c:624
      twi_reply(1);
      break;
    case TW_SR_DATA_ACK:       // data received, returned ack
    case TW_SR_GCALL_DATA_ACK: // data received generally, returned ack
      // if there is still room in the rx buffer
      if(twi_rxBufferIndex < TWI_BUFFER_SIZE){
    2a26:	80 91 0e 04 	lds	r24, 0x040E	; 0x80040e <twi_rxBufferIndex>
    2a2a:	80 32       	cpi	r24, 0x20	; 32
    2a2c:	08 f0       	brcs	.+2      	; 0x2a30 <__vector_19+0xea>
    2a2e:	74 c0       	rjmp	.+232    	; 0x2b18 <__vector_19+0x1d2>
C:\Users\dheer\AppData\Local\Arduino15\packages\MightyCore\hardware\avr\2.2.1\libraries\Wire\src\utility/twi.c:626
        // put byte in buffer and ack
        twi_rxBuffer[twi_rxBufferIndex++] = TWDR;
    2a30:	e0 91 0e 04 	lds	r30, 0x040E	; 0x80040e <twi_rxBufferIndex>
    2a34:	81 e0       	ldi	r24, 0x01	; 1
    2a36:	8e 0f       	add	r24, r30
    2a38:	80 93 0e 04 	sts	0x040E, r24	; 0x80040e <twi_rxBufferIndex>
    2a3c:	83 b1       	in	r24, 0x03	; 3
    2a3e:	f0 e0       	ldi	r31, 0x00	; 0
    2a40:	e1 5f       	subi	r30, 0xF1	; 241
    2a42:	fb 4f       	sbci	r31, 0xFB	; 251
    2a44:	80 83       	st	Z, r24
    2a46:	3b c0       	rjmp	.+118    	; 0x2abe <__vector_19+0x178>
C:\Users\dheer\AppData\Local\Arduino15\packages\MightyCore\hardware\avr\2.2.1\libraries\Wire\src\utility/twi.c:535
  return(flag);
}

ISR(TWI_vect)
{
  switch(TW_STATUS){
    2a48:	80 3b       	cpi	r24, 0xB0	; 176
    2a4a:	39 f0       	breq	.+14     	; 0x2a5a <__vector_19+0x114>
    2a4c:	e0 f4       	brcc	.+56     	; 0x2a86 <__vector_19+0x140>
    2a4e:	80 3a       	cpi	r24, 0xA0	; 160
    2a50:	09 f4       	brne	.+2      	; 0x2a54 <__vector_19+0x10e>
    2a52:	7f c0       	rjmp	.+254    	; 0x2b52 <__vector_19+0x20c>
    2a54:	88 3a       	cpi	r24, 0xA8	; 168
    2a56:	09 f0       	breq	.+2      	; 0x2a5a <__vector_19+0x114>
    2a58:	9c cf       	rjmp	.-200    	; 0x2992 <__vector_19+0x4c>
C:\Users\dheer\AppData\Local\Arduino15\packages\MightyCore\hardware\avr\2.2.1\libraries\Wire\src\utility/twi.c:655

    // Slave Transmitter
    case TW_ST_SLA_ACK:          // addressed, returned ack
    case TW_ST_ARB_LOST_SLA_ACK: // arbitration lost, returned ack
      // enter slave transmitter mode
      twi_state = TWI_STX;
    2a5a:	84 e0       	ldi	r24, 0x04	; 4
    2a5c:	80 93 5c 04 	sts	0x045C, r24	; 0x80045c <twi_state>
C:\Users\dheer\AppData\Local\Arduino15\packages\MightyCore\hardware\avr\2.2.1\libraries\Wire\src\utility/twi.c:657
      // ready the tx buffer index for iteration
      twi_txBufferIndex = 0;
    2a60:	10 92 30 04 	sts	0x0430, r1	; 0x800430 <twi_txBufferIndex>
C:\Users\dheer\AppData\Local\Arduino15\packages\MightyCore\hardware\avr\2.2.1\libraries\Wire\src\utility/twi.c:659
      // set tx buffer length to be zero, to verify if user changes it
      twi_txBufferLength = 0;
    2a64:	10 92 2f 04 	sts	0x042F, r1	; 0x80042f <twi_txBufferLength>
C:\Users\dheer\AppData\Local\Arduino15\packages\MightyCore\hardware\avr\2.2.1\libraries\Wire\src\utility/twi.c:662
      // request for txBuffer to be filled and length to be set
      // note: user must call twi_transmit(bytes, length) to do this
      twi_onSlaveTransmit();
    2a68:	e0 91 57 04 	lds	r30, 0x0457	; 0x800457 <twi_onSlaveTransmit>
    2a6c:	f0 91 58 04 	lds	r31, 0x0458	; 0x800458 <twi_onSlaveTransmit+0x1>
    2a70:	09 95       	icall
C:\Users\dheer\AppData\Local\Arduino15\packages\MightyCore\hardware\avr\2.2.1\libraries\Wire\src\utility/twi.c:664
      // if they didn't change buffer & length, initialize it
      if(0 == twi_txBufferLength){
    2a72:	80 91 2f 04 	lds	r24, 0x042F	; 0x80042f <twi_txBufferLength>
    2a76:	81 11       	cpse	r24, r1
    2a78:	0f c0       	rjmp	.+30     	; 0x2a98 <__vector_19+0x152>
C:\Users\dheer\AppData\Local\Arduino15\packages\MightyCore\hardware\avr\2.2.1\libraries\Wire\src\utility/twi.c:665
        twi_txBufferLength = 1;
    2a7a:	81 e0       	ldi	r24, 0x01	; 1
    2a7c:	80 93 2f 04 	sts	0x042F, r24	; 0x80042f <twi_txBufferLength>
C:\Users\dheer\AppData\Local\Arduino15\packages\MightyCore\hardware\avr\2.2.1\libraries\Wire\src\utility/twi.c:666
        twi_txBuffer[0] = 0x00;
    2a80:	10 92 31 04 	sts	0x0431, r1	; 0x800431 <twi_txBuffer>
    2a84:	09 c0       	rjmp	.+18     	; 0x2a98 <__vector_19+0x152>
C:\Users\dheer\AppData\Local\Arduino15\packages\MightyCore\hardware\avr\2.2.1\libraries\Wire\src\utility/twi.c:535
  return(flag);
}

ISR(TWI_vect)
{
  switch(TW_STATUS){
    2a86:	80 3c       	cpi	r24, 0xC0	; 192
    2a88:	09 f4       	brne	.+2      	; 0x2a8c <__vector_19+0x146>
    2a8a:	7c c0       	rjmp	.+248    	; 0x2b84 <__vector_19+0x23e>
    2a8c:	88 3c       	cpi	r24, 0xC8	; 200
    2a8e:	09 f4       	brne	.+2      	; 0x2a92 <__vector_19+0x14c>
    2a90:	79 c0       	rjmp	.+242    	; 0x2b84 <__vector_19+0x23e>
    2a92:	88 3b       	cpi	r24, 0xB8	; 184
    2a94:	09 f0       	breq	.+2      	; 0x2a98 <__vector_19+0x152>
    2a96:	7d cf       	rjmp	.-262    	; 0x2992 <__vector_19+0x4c>
C:\Users\dheer\AppData\Local\Arduino15\packages\MightyCore\hardware\avr\2.2.1\libraries\Wire\src\utility/twi.c:672
      }
      // transmit first byte from buffer, fall
      /* fall through */
    case TW_ST_DATA_ACK: // byte sent, ack returned
      // copy data to output register
      TWDR = twi_txBuffer[twi_txBufferIndex++];
    2a98:	e0 91 30 04 	lds	r30, 0x0430	; 0x800430 <twi_txBufferIndex>
    2a9c:	81 e0       	ldi	r24, 0x01	; 1
    2a9e:	8e 0f       	add	r24, r30
    2aa0:	80 93 30 04 	sts	0x0430, r24	; 0x800430 <twi_txBufferIndex>
    2aa4:	f0 e0       	ldi	r31, 0x00	; 0
    2aa6:	ef 5c       	subi	r30, 0xCF	; 207
    2aa8:	fb 4f       	sbci	r31, 0xFB	; 251
    2aaa:	80 81       	ld	r24, Z
    2aac:	83 b9       	out	0x03, r24	; 3
C:\Users\dheer\AppData\Local\Arduino15\packages\MightyCore\hardware\avr\2.2.1\libraries\Wire\src\utility/twi.c:674
      // if there is more to send, ack, otherwise nack
      if(twi_txBufferIndex < twi_txBufferLength){
    2aae:	90 91 30 04 	lds	r25, 0x0430	; 0x800430 <twi_txBufferIndex>
    2ab2:	80 91 2f 04 	lds	r24, 0x042F	; 0x80042f <twi_txBufferLength>
    2ab6:	2e c0       	rjmp	.+92     	; 0x2b14 <__vector_19+0x1ce>
C:\Users\dheer\AppData\Local\Arduino15\packages\MightyCore\hardware\avr\2.2.1\libraries\Wire\src\utility/twi.c:540
  switch(TW_STATUS){
    // All Master
    case TW_START:     // sent start condition
    case TW_REP_START: // sent repeated start condition
      // copy device address and r/w bit to output register and ack
      TWDR = twi_slarw;
    2ab8:	80 91 5b 04 	lds	r24, 0x045B	; 0x80045b <twi_slarw>
C:\Users\dheer\AppData\Local\Arduino15\packages\MightyCore\hardware\avr\2.2.1\libraries\Wire\src\utility/twi.c:550
    case TW_MT_SLA_ACK:  // slave receiver acked address
    case TW_MT_DATA_ACK: // slave receiver acked data
      // if there is data to send, send it, otherwise stop
      if(twi_masterBufferIndex < twi_masterBufferLength){
        // copy data to output register and ack
        TWDR = twi_masterBuffer[twi_masterBufferIndex++];
    2abc:	83 b9       	out	0x03, r24	; 3
twi_reply():
C:\Users\dheer\AppData\Local\Arduino15\packages\MightyCore\hardware\avr\2.2.1\libraries\Wire\src\utility/twi.c:421
 */
void twi_reply(uint8_t ack)
{
  // transmit master read ready signal, with or without ack
  if(ack){
    TWCR = _BV(TWEN) | _BV(TWIE) | _BV(TWINT) | _BV(TWEA);
    2abe:	85 ec       	ldi	r24, 0xC5	; 197
C:\Users\dheer\AppData\Local\Arduino15\packages\MightyCore\hardware\avr\2.2.1\libraries\Wire\src\utility/twi.c:423
  }else{
    TWCR = _BV(TWEN) | _BV(TWIE) | _BV(TWINT);
    2ac0:	86 bf       	out	0x36, r24	; 54
    2ac2:	67 cf       	rjmp	.-306    	; 0x2992 <__vector_19+0x4c>
__vector_19():
C:\Users\dheer\AppData\Local\Arduino15\packages\MightyCore\hardware\avr\2.2.1\libraries\Wire\src\utility/twi.c:548

    // Master Transmitter
    case TW_MT_SLA_ACK:  // slave receiver acked address
    case TW_MT_DATA_ACK: // slave receiver acked data
      // if there is data to send, send it, otherwise stop
      if(twi_masterBufferIndex < twi_masterBufferLength){
    2ac4:	90 91 52 04 	lds	r25, 0x0452	; 0x800452 <twi_masterBufferIndex>
    2ac8:	80 91 51 04 	lds	r24, 0x0451	; 0x800451 <twi_masterBufferLength>
    2acc:	98 17       	cp	r25, r24
    2ace:	a8 f5       	brcc	.+106    	; 0x2b3a <__vector_19+0x1f4>
C:\Users\dheer\AppData\Local\Arduino15\packages\MightyCore\hardware\avr\2.2.1\libraries\Wire\src\utility/twi.c:550
        // copy data to output register and ack
        TWDR = twi_masterBuffer[twi_masterBufferIndex++];
    2ad0:	80 91 53 04 	lds	r24, 0x0453	; 0x800453 <twi_masterBuffer>
    2ad4:	90 91 54 04 	lds	r25, 0x0454	; 0x800454 <twi_masterBuffer+0x1>
    2ad8:	e0 91 52 04 	lds	r30, 0x0452	; 0x800452 <twi_masterBufferIndex>
    2adc:	21 e0       	ldi	r18, 0x01	; 1
    2ade:	2e 0f       	add	r18, r30
    2ae0:	20 93 52 04 	sts	0x0452, r18	; 0x800452 <twi_masterBufferIndex>
    2ae4:	e8 0f       	add	r30, r24
    2ae6:	f9 2f       	mov	r31, r25
    2ae8:	f1 1d       	adc	r31, r1
    2aea:	80 81       	ld	r24, Z
    2aec:	e7 cf       	rjmp	.-50     	; 0x2abc <__vector_19+0x176>
C:\Users\dheer\AppData\Local\Arduino15\packages\MightyCore\hardware\avr\2.2.1\libraries\Wire\src\utility/twi.c:581
      break;

    // Master Receiver
    case TW_MR_DATA_ACK: // data received, ack sent
      // put byte into buffer
      twi_masterBuffer[twi_masterBufferIndex++] = TWDR;
    2aee:	20 91 53 04 	lds	r18, 0x0453	; 0x800453 <twi_masterBuffer>
    2af2:	30 91 54 04 	lds	r19, 0x0454	; 0x800454 <twi_masterBuffer+0x1>
    2af6:	e0 91 52 04 	lds	r30, 0x0452	; 0x800452 <twi_masterBufferIndex>
    2afa:	81 e0       	ldi	r24, 0x01	; 1
    2afc:	8e 0f       	add	r24, r30
    2afe:	80 93 52 04 	sts	0x0452, r24	; 0x800452 <twi_masterBufferIndex>
    2b02:	83 b1       	in	r24, 0x03	; 3
    2b04:	e2 0f       	add	r30, r18
    2b06:	f3 2f       	mov	r31, r19
    2b08:	f1 1d       	adc	r31, r1
    2b0a:	80 83       	st	Z, r24
C:\Users\dheer\AppData\Local\Arduino15\packages\MightyCore\hardware\avr\2.2.1\libraries\Wire\src\utility/twi.c:585
      /* fall through */
    case TW_MR_SLA_ACK:  // address sent, ack received
      // ack if more bytes are expected, otherwise nack
      if(twi_masterBufferIndex < twi_masterBufferLength){
    2b0c:	90 91 52 04 	lds	r25, 0x0452	; 0x800452 <twi_masterBufferIndex>
    2b10:	80 91 51 04 	lds	r24, 0x0451	; 0x800451 <twi_masterBufferLength>
C:\Users\dheer\AppData\Local\Arduino15\packages\MightyCore\hardware\avr\2.2.1\libraries\Wire\src\utility/twi.c:674
      /* fall through */
    case TW_ST_DATA_ACK: // byte sent, ack returned
      // copy data to output register
      TWDR = twi_txBuffer[twi_txBufferIndex++];
      // if there is more to send, ack, otherwise nack
      if(twi_txBufferIndex < twi_txBufferLength){
    2b14:	98 17       	cp	r25, r24
    2b16:	98 f2       	brcs	.-90     	; 0x2abe <__vector_19+0x178>
twi_reply():
C:\Users\dheer\AppData\Local\Arduino15\packages\MightyCore\hardware\avr\2.2.1\libraries\Wire\src\utility/twi.c:423
{
  // transmit master read ready signal, with or without ack
  if(ack){
    TWCR = _BV(TWEN) | _BV(TWIE) | _BV(TWINT) | _BV(TWEA);
  }else{
    TWCR = _BV(TWEN) | _BV(TWIE) | _BV(TWINT);
    2b18:	85 e8       	ldi	r24, 0x85	; 133
    2b1a:	d2 cf       	rjmp	.-92     	; 0x2ac0 <__vector_19+0x17a>
__vector_19():
C:\Users\dheer\AppData\Local\Arduino15\packages\MightyCore\hardware\avr\2.2.1\libraries\Wire\src\utility/twi.c:593
        twi_reply(0);
      }
      break;
    case TW_MR_DATA_NACK: // data received, nack sent
      // put final byte into buffer
      twi_masterBuffer[twi_masterBufferIndex++] = TWDR;
    2b1c:	20 91 53 04 	lds	r18, 0x0453	; 0x800453 <twi_masterBuffer>
    2b20:	30 91 54 04 	lds	r19, 0x0454	; 0x800454 <twi_masterBuffer+0x1>
    2b24:	e0 91 52 04 	lds	r30, 0x0452	; 0x800452 <twi_masterBufferIndex>
    2b28:	81 e0       	ldi	r24, 0x01	; 1
    2b2a:	8e 0f       	add	r24, r30
    2b2c:	80 93 52 04 	sts	0x0452, r24	; 0x800452 <twi_masterBufferIndex>
    2b30:	83 b1       	in	r24, 0x03	; 3
    2b32:	e2 0f       	add	r30, r18
    2b34:	f3 2f       	mov	r31, r19
    2b36:	f1 1d       	adc	r31, r1
    2b38:	80 83       	st	Z, r24
C:\Users\dheer\AppData\Local\Arduino15\packages\MightyCore\hardware\avr\2.2.1\libraries\Wire\src\utility/twi.c:594
  if (twi_sendStop)
    2b3a:	80 91 5a 04 	lds	r24, 0x045A	; 0x80045a <twi_sendStop>
    2b3e:	81 11       	cpse	r24, r1
    2b40:	56 cf       	rjmp	.-340    	; 0x29ee <__vector_19+0xa8>
C:\Users\dheer\AppData\Local\Arduino15\packages\MightyCore\hardware\avr\2.2.1\libraries\Wire\src\utility/twi.c:597
          twi_stop();
  else {
    twi_inRepStart = true;  // we're going to send the START
    2b42:	81 e0       	ldi	r24, 0x01	; 1
    2b44:	80 93 59 04 	sts	0x0459, r24	; 0x800459 <twi_inRepStart>
C:\Users\dheer\AppData\Local\Arduino15\packages\MightyCore\hardware\avr\2.2.1\libraries\Wire\src\utility/twi.c:601
    // don't enable the interrupt. We'll generate the start, but we
    // avoid handling the interrupt until we're in the next transaction,
    // at the point where we would normally issue the start.
    TWCR = _BV(TWINT) | _BV(TWSTA)| _BV(TWEN) ;
    2b48:	84 ea       	ldi	r24, 0xA4	; 164
twi_reply():
C:\Users\dheer\AppData\Local\Arduino15\packages\MightyCore\hardware\avr\2.2.1\libraries\Wire\src\utility/twi.c:421
 */
void twi_reply(uint8_t ack)
{
  // transmit master read ready signal, with or without ack
  if(ack){
    TWCR = _BV(TWEN) | _BV(TWIE) | _BV(TWINT) | _BV(TWEA);
    2b4a:	86 bf       	out	0x36, r24	; 54
__vector_19():
C:\Users\dheer\AppData\Local\Arduino15\packages\MightyCore\hardware\avr\2.2.1\libraries\Wire\src\utility/twi.c:685
    case TW_ST_DATA_NACK: // received nack, we are done
    case TW_ST_LAST_DATA: // received ack, but we are done already!
      // ack future responses
      twi_reply(1);
      // leave slave receiver state
      twi_state = TWI_READY;
    2b4c:	10 92 5c 04 	sts	0x045C, r1	; 0x80045c <twi_state>
C:\Users\dheer\AppData\Local\Arduino15\packages\MightyCore\hardware\avr\2.2.1\libraries\Wire\src\utility/twi.c:686
      break;
    2b50:	20 cf       	rjmp	.-448    	; 0x2992 <__vector_19+0x4c>
C:\Users\dheer\AppData\Local\Arduino15\packages\MightyCore\hardware\avr\2.2.1\libraries\Wire\src\utility/twi.c:635
        twi_reply(0);
      }
      break;
    case TW_SR_STOP: // stop or repeated start condition received
      // ack future responses and leave slave receiver state
      twi_releaseBus();
    2b52:	0e 94 9e 14 	call	0x293c	; 0x293c <twi_releaseBus>
C:\Users\dheer\AppData\Local\Arduino15\packages\MightyCore\hardware\avr\2.2.1\libraries\Wire\src\utility/twi.c:637
      // put a null char after data if there's room
      if(twi_rxBufferIndex < TWI_BUFFER_SIZE){
    2b56:	80 91 0e 04 	lds	r24, 0x040E	; 0x80040e <twi_rxBufferIndex>
    2b5a:	80 32       	cpi	r24, 0x20	; 32
    2b5c:	30 f4       	brcc	.+12     	; 0x2b6a <__vector_19+0x224>
C:\Users\dheer\AppData\Local\Arduino15\packages\MightyCore\hardware\avr\2.2.1\libraries\Wire\src\utility/twi.c:638
        twi_rxBuffer[twi_rxBufferIndex] = '\0';
    2b5e:	e0 91 0e 04 	lds	r30, 0x040E	; 0x80040e <twi_rxBufferIndex>
    2b62:	f0 e0       	ldi	r31, 0x00	; 0
    2b64:	e1 5f       	subi	r30, 0xF1	; 241
    2b66:	fb 4f       	sbci	r31, 0xFB	; 251
    2b68:	10 82       	st	Z, r1
C:\Users\dheer\AppData\Local\Arduino15\packages\MightyCore\hardware\avr\2.2.1\libraries\Wire\src\utility/twi.c:641
      }
      // callback to user defined callback
      twi_onSlaveReceive(twi_rxBuffer, twi_rxBufferIndex);
    2b6a:	60 91 0e 04 	lds	r22, 0x040E	; 0x80040e <twi_rxBufferIndex>
    2b6e:	70 e0       	ldi	r23, 0x00	; 0
    2b70:	e0 91 55 04 	lds	r30, 0x0455	; 0x800455 <twi_onSlaveReceive>
    2b74:	f0 91 56 04 	lds	r31, 0x0456	; 0x800456 <twi_onSlaveReceive+0x1>
    2b78:	8f e0       	ldi	r24, 0x0F	; 15
    2b7a:	94 e0       	ldi	r25, 0x04	; 4
    2b7c:	09 95       	icall
C:\Users\dheer\AppData\Local\Arduino15\packages\MightyCore\hardware\avr\2.2.1\libraries\Wire\src\utility/twi.c:643
      // since we submit rx buffer to "wire" library, we can reset it
      twi_rxBufferIndex = 0;
    2b7e:	10 92 0e 04 	sts	0x040E, r1	; 0x80040e <twi_rxBufferIndex>
C:\Users\dheer\AppData\Local\Arduino15\packages\MightyCore\hardware\avr\2.2.1\libraries\Wire\src\utility/twi.c:644
      break;
    2b82:	07 cf       	rjmp	.-498    	; 0x2992 <__vector_19+0x4c>
twi_reply():
C:\Users\dheer\AppData\Local\Arduino15\packages\MightyCore\hardware\avr\2.2.1\libraries\Wire\src\utility/twi.c:421
 */
void twi_reply(uint8_t ack)
{
  // transmit master read ready signal, with or without ack
  if(ack){
    TWCR = _BV(TWEN) | _BV(TWIE) | _BV(TWINT) | _BV(TWEA);
    2b84:	85 ec       	ldi	r24, 0xC5	; 197
    2b86:	e1 cf       	rjmp	.-62     	; 0x2b4a <__vector_19+0x204>
__vector_19():
C:\Users\dheer\AppData\Local\Arduino15\packages\MightyCore\hardware\avr\2.2.1\libraries\Wire\src\utility/twi.c:692

    // All
    case TW_NO_INFO:   // no state information
      break;
    case TW_BUS_ERROR: // bus error, illegal stop/start
      twi_error = TW_BUS_ERROR;
    2b88:	10 92 0d 04 	sts	0x040D, r1	; 0x80040d <twi_error>
    2b8c:	30 cf       	rjmp	.-416    	; 0x29ee <__vector_19+0xa8>

00002b8e <__vector_13>:
__vector_13():
C:\Users\dheer\AppData\Local\Arduino15\packages\MightyCore\hardware\avr\2.2.1\cores\MCUdude_corefiles/HardwareSerial0.cpp:50
#elif defined(USART_RX_vect)
  ISR(USART_RX_vect)
#else
  #error "Don't know what the Data Received vector is called for Serial"
#endif
  {
    2b8e:	1f 92       	push	r1
    2b90:	0f 92       	push	r0
    2b92:	0f b6       	in	r0, 0x3f	; 63
    2b94:	0f 92       	push	r0
    2b96:	11 24       	eor	r1, r1
    2b98:	2f 93       	push	r18
    2b9a:	8f 93       	push	r24
    2b9c:	9f 93       	push	r25
    2b9e:	ef 93       	push	r30
    2ba0:	ff 93       	push	r31
_ZN14HardwareSerial16_rx_complete_irqEv():
C:\Users\dheer\AppData\Local\Arduino15\packages\MightyCore\hardware\avr\2.2.1\cores\MCUdude_corefiles/HardwareSerial_private.h:100

// Actual interrupt handlers //////////////////////////////////////////////////////////////

void HardwareSerial::_rx_complete_irq(void)
{
  if (bit_is_clear(*_ucsra, UPE0)) {
    2ba2:	e0 91 6d 04 	lds	r30, 0x046D	; 0x80046d <Serial+0x10>
    2ba6:	f0 91 6e 04 	lds	r31, 0x046E	; 0x80046e <Serial+0x11>
    2baa:	80 81       	ld	r24, Z
    2bac:	e0 91 73 04 	lds	r30, 0x0473	; 0x800473 <Serial+0x16>
    2bb0:	f0 91 74 04 	lds	r31, 0x0474	; 0x800474 <Serial+0x17>
    2bb4:	82 fd       	sbrc	r24, 2
    2bb6:	1b c0       	rjmp	.+54     	; 0x2bee <__vector_13+0x60>
C:\Users\dheer\AppData\Local\Arduino15\packages\MightyCore\hardware\avr\2.2.1\cores\MCUdude_corefiles/HardwareSerial_private.h:103
    // No Parity error, read byte and store it in the buffer if there is
    // room
    unsigned char c = *_udr;
    2bb8:	90 81       	ld	r25, Z
C:\Users\dheer\AppData\Local\Arduino15\packages\MightyCore\hardware\avr\2.2.1\cores\MCUdude_corefiles/HardwareSerial_private.h:104
    rx_buffer_index_t i = (unsigned int)(_rx_buffer_head + 1) % SERIAL_RX_BUFFER_SIZE;
    2bba:	80 91 76 04 	lds	r24, 0x0476	; 0x800476 <Serial+0x19>
    2bbe:	8f 5f       	subi	r24, 0xFF	; 255
    2bc0:	8f 73       	andi	r24, 0x3F	; 63
C:\Users\dheer\AppData\Local\Arduino15\packages\MightyCore\hardware\avr\2.2.1\cores\MCUdude_corefiles/HardwareSerial_private.h:110

    // if we should be storing the received character into the location
    // just before the tail (meaning that the head would advance to the
    // current location of the tail), we're about to overflow the buffer
    // and so we don't write the character or advance the head.
    if (i != _rx_buffer_tail) {
    2bc2:	20 91 77 04 	lds	r18, 0x0477	; 0x800477 <Serial+0x1a>
    2bc6:	82 17       	cp	r24, r18
    2bc8:	41 f0       	breq	.+16     	; 0x2bda <__vector_13+0x4c>
C:\Users\dheer\AppData\Local\Arduino15\packages\MightyCore\hardware\avr\2.2.1\cores\MCUdude_corefiles/HardwareSerial_private.h:111
      _rx_buffer[_rx_buffer_head] = c;
    2bca:	e0 91 76 04 	lds	r30, 0x0476	; 0x800476 <Serial+0x19>
    2bce:	f0 e0       	ldi	r31, 0x00	; 0
    2bd0:	e3 5a       	subi	r30, 0xA3	; 163
    2bd2:	fb 4f       	sbci	r31, 0xFB	; 251
    2bd4:	95 8f       	std	Z+29, r25	; 0x1d
C:\Users\dheer\AppData\Local\Arduino15\packages\MightyCore\hardware\avr\2.2.1\cores\MCUdude_corefiles/HardwareSerial_private.h:112
      _rx_buffer_head = i;
    2bd6:	80 93 76 04 	sts	0x0476, r24	; 0x800476 <Serial+0x19>
__vector_13():
C:\Users\dheer\AppData\Local\Arduino15\packages\MightyCore\hardware\avr\2.2.1\cores\MCUdude_corefiles/HardwareSerial0.cpp:52
    Serial._rx_complete_irq();
  }
    2bda:	ff 91       	pop	r31
    2bdc:	ef 91       	pop	r30
    2bde:	9f 91       	pop	r25
    2be0:	8f 91       	pop	r24
    2be2:	2f 91       	pop	r18
    2be4:	0f 90       	pop	r0
    2be6:	0f be       	out	0x3f, r0	; 63
    2be8:	0f 90       	pop	r0
    2bea:	1f 90       	pop	r1
    2bec:	18 95       	reti
_ZN14HardwareSerial16_rx_complete_irqEv():
C:\Users\dheer\AppData\Local\Arduino15\packages\MightyCore\hardware\avr\2.2.1\cores\MCUdude_corefiles/HardwareSerial_private.h:116
    }
  } else {
    // Parity error, read byte but discard it
    *_udr;
    2bee:	80 81       	ld	r24, Z
__vector_13():
C:\Users\dheer\AppData\Local\Arduino15\packages\MightyCore\hardware\avr\2.2.1\cores\MCUdude_corefiles/HardwareSerial0.cpp:52
    2bf0:	f4 cf       	rjmp	.-24     	; 0x2bda <__vector_13+0x4c>

00002bf2 <__vector_14>:
__vector_14():
C:\Users\dheer\AppData\Local\Arduino15\packages\MightyCore\hardware\avr\2.2.1\cores\MCUdude_corefiles/HardwareSerial0.cpp:63
#elif defined(USART0_UDRE_vect)
ISR(USART0_UDRE_vect)
#else
  #error "Don't know what the Data Register Empty vector is called for Serial"
#endif
{
    2bf2:	1f 92       	push	r1
    2bf4:	0f 92       	push	r0
    2bf6:	0f b6       	in	r0, 0x3f	; 63
    2bf8:	0f 92       	push	r0
    2bfa:	11 24       	eor	r1, r1
    2bfc:	2f 93       	push	r18
    2bfe:	3f 93       	push	r19
    2c00:	4f 93       	push	r20
    2c02:	5f 93       	push	r21
    2c04:	6f 93       	push	r22
    2c06:	7f 93       	push	r23
    2c08:	8f 93       	push	r24
    2c0a:	9f 93       	push	r25
    2c0c:	af 93       	push	r26
    2c0e:	bf 93       	push	r27
    2c10:	ef 93       	push	r30
    2c12:	ff 93       	push	r31
C:\Users\dheer\AppData\Local\Arduino15\packages\MightyCore\hardware\avr\2.2.1\cores\MCUdude_corefiles/HardwareSerial0.cpp:64
  Serial._tx_udr_empty_irq();
    2c14:	8d e5       	ldi	r24, 0x5D	; 93
    2c16:	94 e0       	ldi	r25, 0x04	; 4
    2c18:	0e 94 55 1b 	call	0x36aa	; 0x36aa <HardwareSerial::_tx_udr_empty_irq()>
C:\Users\dheer\AppData\Local\Arduino15\packages\MightyCore\hardware\avr\2.2.1\cores\MCUdude_corefiles/HardwareSerial0.cpp:65
}
    2c1c:	ff 91       	pop	r31
    2c1e:	ef 91       	pop	r30
    2c20:	bf 91       	pop	r27
    2c22:	af 91       	pop	r26
    2c24:	9f 91       	pop	r25
    2c26:	8f 91       	pop	r24
    2c28:	7f 91       	pop	r23
    2c2a:	6f 91       	pop	r22
    2c2c:	5f 91       	pop	r21
    2c2e:	4f 91       	pop	r20
    2c30:	3f 91       	pop	r19
    2c32:	2f 91       	pop	r18
    2c34:	0f 90       	pop	r0
    2c36:	0f be       	out	0x3f, r0	; 63
    2c38:	0f 90       	pop	r0
    2c3a:	1f 90       	pop	r1
    2c3c:	18 95       	reti

00002c3e <Serial0_available()>:
_Z17Serial0_availablev():
C:\Users\dheer\AppData\Local\Arduino15\packages\MightyCore\hardware\avr\2.2.1\cores\MCUdude_corefiles/HardwareSerial0.cpp:76
#endif

// Function that can be weakly referenced by serialEventRun to prevent
// pulling in this file if it's not otherwise used.
bool Serial0_available() {
  return Serial.available();
    2c3e:	8d e5       	ldi	r24, 0x5D	; 93
    2c40:	94 e0       	ldi	r25, 0x04	; 4
    2c42:	0e 94 0a 1b 	call	0x3614	; 0x3614 <HardwareSerial::available()>
    2c46:	21 e0       	ldi	r18, 0x01	; 1
    2c48:	89 2b       	or	r24, r25
    2c4a:	09 f4       	brne	.+2      	; 0x2c4e <Serial0_available()+0x10>
    2c4c:	20 e0       	ldi	r18, 0x00	; 0
C:\Users\dheer\AppData\Local\Arduino15\packages\MightyCore\hardware\avr\2.2.1\cores\MCUdude_corefiles/HardwareSerial0.cpp:77
}
    2c4e:	82 2f       	mov	r24, r18
    2c50:	08 95       	ret

00002c52 <_GLOBAL__sub_I___vector_13>:
_ZN5PrintC4Ev():
C:\Users\dheer\AppData\Local\Arduino15\packages\MightyCore\hardware\avr\2.2.1\cores\MCUdude_corefiles/Print.h:46
    2c52:	ed e5       	ldi	r30, 0x5D	; 93
    2c54:	f4 e0       	ldi	r31, 0x04	; 4
    2c56:	13 82       	std	Z+3, r1	; 0x03
    2c58:	12 82       	std	Z+2, r1	; 0x02
_ZN6StreamC4Ev():
C:\Users\dheer\AppData\Local\Arduino15\packages\MightyCore\hardware\avr\2.2.1\cores\MCUdude_corefiles/Stream.h:63
    2c5a:	88 ee       	ldi	r24, 0xE8	; 232
    2c5c:	93 e0       	ldi	r25, 0x03	; 3
    2c5e:	a0 e0       	ldi	r26, 0x00	; 0
    2c60:	b0 e0       	ldi	r27, 0x00	; 0
    2c62:	84 83       	std	Z+4, r24	; 0x04
    2c64:	95 83       	std	Z+5, r25	; 0x05
    2c66:	a6 83       	std	Z+6, r26	; 0x06
    2c68:	b7 83       	std	Z+7, r27	; 0x07
_ZN14HardwareSerialC4EPVhS1_S1_S1_S1_S1_():
C:\Users\dheer\AppData\Local\Arduino15\packages\MightyCore\hardware\avr\2.2.1\cores\MCUdude_corefiles/HardwareSerial_private.h:92
  volatile uint8_t *ucsrc, volatile uint8_t *udr) :
    _ubrrh(ubrrh), _ubrrl(ubrrl),
    _ucsra(ucsra), _ucsrb(ucsrb), _ucsrc(ucsrc),
    _udr(udr),
    _rx_buffer_head(0), _rx_buffer_tail(0),
    _tx_buffer_head(0), _tx_buffer_tail(0)
    2c6a:	84 e2       	ldi	r24, 0x24	; 36
    2c6c:	91 e0       	ldi	r25, 0x01	; 1
    2c6e:	91 83       	std	Z+1, r25	; 0x01
    2c70:	80 83       	st	Z, r24
    2c72:	80 e4       	ldi	r24, 0x40	; 64
    2c74:	90 e0       	ldi	r25, 0x00	; 0
    2c76:	95 87       	std	Z+13, r25	; 0x0d
    2c78:	84 87       	std	Z+12, r24	; 0x0c
    2c7a:	29 e2       	ldi	r18, 0x29	; 41
    2c7c:	30 e0       	ldi	r19, 0x00	; 0
    2c7e:	37 87       	std	Z+15, r19	; 0x0f
    2c80:	26 87       	std	Z+14, r18	; 0x0e
    2c82:	2b e2       	ldi	r18, 0x2B	; 43
    2c84:	30 e0       	ldi	r19, 0x00	; 0
    2c86:	31 8b       	std	Z+17, r19	; 0x11
    2c88:	20 8b       	std	Z+16, r18	; 0x10
    2c8a:	2a e2       	ldi	r18, 0x2A	; 42
    2c8c:	30 e0       	ldi	r19, 0x00	; 0
    2c8e:	33 8b       	std	Z+19, r19	; 0x13
    2c90:	22 8b       	std	Z+18, r18	; 0x12
    2c92:	95 8b       	std	Z+21, r25	; 0x15
    2c94:	84 8b       	std	Z+20, r24	; 0x14
    2c96:	8c e2       	ldi	r24, 0x2C	; 44
    2c98:	90 e0       	ldi	r25, 0x00	; 0
    2c9a:	97 8b       	std	Z+23, r25	; 0x17
    2c9c:	86 8b       	std	Z+22, r24	; 0x16
    2c9e:	11 8e       	std	Z+25, r1	; 0x19
    2ca0:	12 8e       	std	Z+26, r1	; 0x1a
    2ca2:	13 8e       	std	Z+27, r1	; 0x1b
    2ca4:	14 8e       	std	Z+28, r1	; 0x1c
_GLOBAL__sub_I___vector_13():
C:\Users\dheer\AppData\Local\Arduino15\packages\MightyCore\hardware\avr\2.2.1\cores\MCUdude_corefiles/HardwareSerial0.cpp:77
    2ca6:	08 95       	ret

00002ca8 <Print::write(unsigned char const*, unsigned int)>:
_ZN5Print5writeEPKhj():
C:\Users\dheer\AppData\Local\Arduino15\packages\MightyCore\hardware\avr\2.2.1\cores\MCUdude_corefiles/Print.cpp:178
size_t Print::println(long num, int base)
{
  size_t n = print(num, base);
  n += println();
  return n;
}
    2ca8:	af 92       	push	r10
    2caa:	bf 92       	push	r11
    2cac:	cf 92       	push	r12
    2cae:	df 92       	push	r13
    2cb0:	ef 92       	push	r14
    2cb2:	ff 92       	push	r15
    2cb4:	0f 93       	push	r16
    2cb6:	1f 93       	push	r17
    2cb8:	cf 93       	push	r28
    2cba:	df 93       	push	r29
    2cbc:	6c 01       	movw	r12, r24
    2cbe:	7b 01       	movw	r14, r22
    2cc0:	8b 01       	movw	r16, r22
    2cc2:	04 0f       	add	r16, r20
    2cc4:	15 1f       	adc	r17, r21
    2cc6:	eb 01       	movw	r28, r22
    2cc8:	5e 01       	movw	r10, r28
    2cca:	ae 18       	sub	r10, r14
    2ccc:	bf 08       	sbc	r11, r15
    2cce:	c0 17       	cp	r28, r16
    2cd0:	d1 07       	cpc	r29, r17
    2cd2:	59 f0       	breq	.+22     	; 0x2cea <Print::write(unsigned char const*, unsigned int)+0x42>
    2cd4:	69 91       	ld	r22, Y+
    2cd6:	d6 01       	movw	r26, r12
    2cd8:	ed 91       	ld	r30, X+
    2cda:	fc 91       	ld	r31, X
    2cdc:	01 90       	ld	r0, Z+
    2cde:	f0 81       	ld	r31, Z
    2ce0:	e0 2d       	mov	r30, r0
    2ce2:	c6 01       	movw	r24, r12
    2ce4:	09 95       	icall
    2ce6:	89 2b       	or	r24, r25
    2ce8:	79 f7       	brne	.-34     	; 0x2cc8 <Print::write(unsigned char const*, unsigned int)+0x20>
    2cea:	c5 01       	movw	r24, r10
    2cec:	df 91       	pop	r29
    2cee:	cf 91       	pop	r28
    2cf0:	1f 91       	pop	r17
    2cf2:	0f 91       	pop	r16
    2cf4:	ff 90       	pop	r15
    2cf6:	ef 90       	pop	r14
    2cf8:	df 90       	pop	r13
    2cfa:	cf 90       	pop	r12
    2cfc:	bf 90       	pop	r11
    2cfe:	af 90       	pop	r10
    2d00:	08 95       	ret

00002d02 <Print::write(char const*) [clone .part.2]>:
_ZN5Print5writeEPKc():
    2d02:	fb 01       	movw	r30, r22
    2d04:	01 90       	ld	r0, Z+
    2d06:	00 20       	and	r0, r0
    2d08:	e9 f7       	brne	.-6      	; 0x2d04 <Print::write(char const*) [clone .part.2]+0x2>
    2d0a:	31 97       	sbiw	r30, 0x01	; 1
    2d0c:	af 01       	movw	r20, r30
    2d0e:	46 1b       	sub	r20, r22
    2d10:	57 0b       	sbc	r21, r23
    2d12:	dc 01       	movw	r26, r24
    2d14:	ed 91       	ld	r30, X+
    2d16:	fc 91       	ld	r31, X
    2d18:	02 80       	ldd	r0, Z+2	; 0x02
    2d1a:	f3 81       	ldd	r31, Z+3	; 0x03
    2d1c:	e0 2d       	mov	r30, r0
    2d1e:	09 94       	ijmp

00002d20 <Print::print(__FlashStringHelper const*)>:
_ZN5Print5printEPK19__FlashStringHelper():
    2d20:	ef 92       	push	r14
    2d22:	ff 92       	push	r15
    2d24:	0f 93       	push	r16
    2d26:	1f 93       	push	r17
    2d28:	cf 93       	push	r28
    2d2a:	df 93       	push	r29
    2d2c:	8c 01       	movw	r16, r24
    2d2e:	7b 01       	movw	r14, r22
    2d30:	d0 e0       	ldi	r29, 0x00	; 0
    2d32:	c0 e0       	ldi	r28, 0x00	; 0
    2d34:	f7 01       	movw	r30, r14
    2d36:	ec 0f       	add	r30, r28
    2d38:	fd 1f       	adc	r31, r29
    2d3a:	64 91       	lpm	r22, Z
    2d3c:	66 23       	and	r22, r22
    2d3e:	61 f0       	breq	.+24     	; 0x2d58 <Print::print(__FlashStringHelper const*)+0x38>
    2d40:	d8 01       	movw	r26, r16
    2d42:	ed 91       	ld	r30, X+
    2d44:	fc 91       	ld	r31, X
    2d46:	01 90       	ld	r0, Z+
    2d48:	f0 81       	ld	r31, Z
    2d4a:	e0 2d       	mov	r30, r0
    2d4c:	c8 01       	movw	r24, r16
    2d4e:	09 95       	icall
    2d50:	89 2b       	or	r24, r25
    2d52:	11 f0       	breq	.+4      	; 0x2d58 <Print::print(__FlashStringHelper const*)+0x38>
    2d54:	21 96       	adiw	r28, 0x01	; 1
    2d56:	ee cf       	rjmp	.-36     	; 0x2d34 <Print::print(__FlashStringHelper const*)+0x14>
    2d58:	ce 01       	movw	r24, r28
    2d5a:	df 91       	pop	r29
    2d5c:	cf 91       	pop	r28
    2d5e:	1f 91       	pop	r17
    2d60:	0f 91       	pop	r16
    2d62:	ff 90       	pop	r15
    2d64:	ef 90       	pop	r14
    2d66:	08 95       	ret

00002d68 <Print::print(String const&)>:
_ZN5Print5writeEPKcj():
    2d68:	db 01       	movw	r26, r22
    2d6a:	14 96       	adiw	r26, 0x04	; 4
    2d6c:	4d 91       	ld	r20, X+
    2d6e:	5c 91       	ld	r21, X
    2d70:	15 97       	sbiw	r26, 0x05	; 5
    2d72:	6d 91       	ld	r22, X+
    2d74:	7c 91       	ld	r23, X
    2d76:	dc 01       	movw	r26, r24
    2d78:	ed 91       	ld	r30, X+
    2d7a:	fc 91       	ld	r31, X
    2d7c:	02 80       	ldd	r0, Z+2	; 0x02
    2d7e:	f3 81       	ldd	r31, Z+3	; 0x03
    2d80:	e0 2d       	mov	r30, r0
    2d82:	09 94       	ijmp

00002d84 <Print::print(char const*)>:
_ZN5Print5writeEPKc():
    2d84:	61 15       	cp	r22, r1
    2d86:	71 05       	cpc	r23, r1
    2d88:	11 f0       	breq	.+4      	; 0x2d8e <Print::print(char const*)+0xa>
    2d8a:	0c 94 81 16 	jmp	0x2d02	; 0x2d02 <Print::write(char const*) [clone .part.2]>
_ZN5Print5printEPKc():
    2d8e:	90 e0       	ldi	r25, 0x00	; 0
    2d90:	80 e0       	ldi	r24, 0x00	; 0
    2d92:	08 95       	ret

00002d94 <Print::println()>:
_ZN5Print5writeEPKc():
    2d94:	67 e7       	ldi	r22, 0x77	; 119
    2d96:	70 e0       	ldi	r23, 0x00	; 0
    2d98:	0c 94 81 16 	jmp	0x2d02	; 0x2d02 <Print::write(char const*) [clone .part.2]>

00002d9c <Print::println(__FlashStringHelper const*)>:
_ZN5Print7printlnEPK19__FlashStringHelper():
    2d9c:	0f 93       	push	r16
    2d9e:	1f 93       	push	r17
    2da0:	cf 93       	push	r28
    2da2:	df 93       	push	r29
    2da4:	ec 01       	movw	r28, r24
    2da6:	0e 94 90 16 	call	0x2d20	; 0x2d20 <Print::print(__FlashStringHelper const*)>
    2daa:	8c 01       	movw	r16, r24
    2dac:	ce 01       	movw	r24, r28
    2dae:	0e 94 ca 16 	call	0x2d94	; 0x2d94 <Print::println()>
    2db2:	80 0f       	add	r24, r16
    2db4:	91 1f       	adc	r25, r17
    2db6:	df 91       	pop	r29
    2db8:	cf 91       	pop	r28
    2dba:	1f 91       	pop	r17
    2dbc:	0f 91       	pop	r16
    2dbe:	08 95       	ret

00002dc0 <Print::println(String const&)>:
_ZN5Print7printlnERK6String():
    2dc0:	0f 93       	push	r16
    2dc2:	1f 93       	push	r17
    2dc4:	cf 93       	push	r28
    2dc6:	df 93       	push	r29
    2dc8:	ec 01       	movw	r28, r24
    2dca:	0e 94 b4 16 	call	0x2d68	; 0x2d68 <Print::print(String const&)>
    2dce:	8c 01       	movw	r16, r24
    2dd0:	ce 01       	movw	r24, r28
    2dd2:	0e 94 ca 16 	call	0x2d94	; 0x2d94 <Print::println()>
    2dd6:	80 0f       	add	r24, r16
    2dd8:	91 1f       	adc	r25, r17
    2dda:	df 91       	pop	r29
    2ddc:	cf 91       	pop	r28
    2dde:	1f 91       	pop	r17
    2de0:	0f 91       	pop	r16
    2de2:	08 95       	ret

00002de4 <Print::println(char const*)>:
_ZN5Print7printlnEPKc():
    2de4:	0f 93       	push	r16
    2de6:	1f 93       	push	r17
    2de8:	cf 93       	push	r28
    2dea:	df 93       	push	r29
    2dec:	8c 01       	movw	r16, r24
_ZN5Print5writeEPKc():
    2dee:	d0 e0       	ldi	r29, 0x00	; 0
    2df0:	c0 e0       	ldi	r28, 0x00	; 0
    2df2:	61 15       	cp	r22, r1
    2df4:	71 05       	cpc	r23, r1
    2df6:	19 f0       	breq	.+6      	; 0x2dfe <Print::println(char const*)+0x1a>
    2df8:	0e 94 81 16 	call	0x2d02	; 0x2d02 <Print::write(char const*) [clone .part.2]>
    2dfc:	ec 01       	movw	r28, r24
_ZN5Print7printlnEPKc():
    2dfe:	c8 01       	movw	r24, r16
    2e00:	0e 94 ca 16 	call	0x2d94	; 0x2d94 <Print::println()>
    2e04:	8c 0f       	add	r24, r28
    2e06:	9d 1f       	adc	r25, r29
    2e08:	df 91       	pop	r29
    2e0a:	cf 91       	pop	r28
    2e0c:	1f 91       	pop	r17
    2e0e:	0f 91       	pop	r16
    2e10:	08 95       	ret

00002e12 <Print::printNumber(unsigned long, unsigned char)>:
_ZN5Print11printNumberEmh():
    2e12:	8f 92       	push	r8
    2e14:	9f 92       	push	r9
    2e16:	af 92       	push	r10
    2e18:	bf 92       	push	r11
    2e1a:	ef 92       	push	r14
    2e1c:	ff 92       	push	r15
    2e1e:	0f 93       	push	r16
    2e20:	1f 93       	push	r17
    2e22:	cf 93       	push	r28
    2e24:	df 93       	push	r29
    2e26:	cd b7       	in	r28, 0x3d	; 61
    2e28:	de b7       	in	r29, 0x3e	; 62
    2e2a:	a1 97       	sbiw	r28, 0x21	; 33
    2e2c:	0f b6       	in	r0, 0x3f	; 63
    2e2e:	f8 94       	cli
    2e30:	de bf       	out	0x3e, r29	; 62
    2e32:	0f be       	out	0x3f, r0	; 63
    2e34:	cd bf       	out	0x3d, r28	; 61
    2e36:	7c 01       	movw	r14, r24
    2e38:	fa 01       	movw	r30, r20
    2e3a:	cb 01       	movw	r24, r22
    2e3c:	19 a2       	std	Y+33, r1	; 0x21
    2e3e:	22 30       	cpi	r18, 0x02	; 2
    2e40:	08 f4       	brcc	.+2      	; 0x2e44 <Print::printNumber(unsigned long, unsigned char)+0x32>
    2e42:	2a e0       	ldi	r18, 0x0A	; 10
    2e44:	8e 01       	movw	r16, r28
    2e46:	0f 5d       	subi	r16, 0xDF	; 223
    2e48:	1f 4f       	sbci	r17, 0xFF	; 255
    2e4a:	82 2e       	mov	r8, r18
    2e4c:	91 2c       	mov	r9, r1
    2e4e:	b1 2c       	mov	r11, r1
    2e50:	a1 2c       	mov	r10, r1
    2e52:	bf 01       	movw	r22, r30
    2e54:	a5 01       	movw	r20, r10
    2e56:	94 01       	movw	r18, r8
    2e58:	0e 94 d6 1e 	call	0x3dac	; 0x3dac <__udivmodsi4>
    2e5c:	f9 01       	movw	r30, r18
    2e5e:	ca 01       	movw	r24, r20
    2e60:	6a 30       	cpi	r22, 0x0A	; 10
    2e62:	0c f5       	brge	.+66     	; 0x2ea6 <Print::printNumber(unsigned long, unsigned char)+0x94>
    2e64:	60 5d       	subi	r22, 0xD0	; 208
    2e66:	d8 01       	movw	r26, r16
    2e68:	6e 93       	st	-X, r22
    2e6a:	8d 01       	movw	r16, r26
    2e6c:	23 2b       	or	r18, r19
    2e6e:	24 2b       	or	r18, r20
    2e70:	25 2b       	or	r18, r21
    2e72:	79 f7       	brne	.-34     	; 0x2e52 <Print::printNumber(unsigned long, unsigned char)+0x40>
_ZN5Print5writeEPKc():
    2e74:	90 e0       	ldi	r25, 0x00	; 0
    2e76:	80 e0       	ldi	r24, 0x00	; 0
    2e78:	10 97       	sbiw	r26, 0x00	; 0
    2e7a:	21 f0       	breq	.+8      	; 0x2e84 <Print::printNumber(unsigned long, unsigned char)+0x72>
    2e7c:	bd 01       	movw	r22, r26
    2e7e:	c7 01       	movw	r24, r14
    2e80:	0e 94 81 16 	call	0x2d02	; 0x2d02 <Print::write(char const*) [clone .part.2]>
_ZN5Print11printNumberEmh():
    2e84:	a1 96       	adiw	r28, 0x21	; 33
    2e86:	0f b6       	in	r0, 0x3f	; 63
    2e88:	f8 94       	cli
    2e8a:	de bf       	out	0x3e, r29	; 62
    2e8c:	0f be       	out	0x3f, r0	; 63
    2e8e:	cd bf       	out	0x3d, r28	; 61
    2e90:	df 91       	pop	r29
    2e92:	cf 91       	pop	r28
    2e94:	1f 91       	pop	r17
    2e96:	0f 91       	pop	r16
    2e98:	ff 90       	pop	r15
    2e9a:	ef 90       	pop	r14
    2e9c:	bf 90       	pop	r11
    2e9e:	af 90       	pop	r10
    2ea0:	9f 90       	pop	r9
    2ea2:	8f 90       	pop	r8
    2ea4:	08 95       	ret
    2ea6:	69 5c       	subi	r22, 0xC9	; 201
    2ea8:	de cf       	rjmp	.-68     	; 0x2e66 <Print::printNumber(unsigned long, unsigned char)+0x54>

00002eaa <Print::print(unsigned long, int)>:
_ZN5Print5printEmi():
C:\Users\dheer\AppData\Local\Arduino15\packages\MightyCore\hardware\avr\2.2.1\cores\MCUdude_corefiles/Print.cpp:105
  }
}

size_t Print::print(unsigned long n, int base)
{
  if (base == 0) return write(n);
    2eaa:	21 15       	cp	r18, r1
    2eac:	31 05       	cpc	r19, r1
    2eae:	41 f4       	brne	.+16     	; 0x2ec0 <Print::print(unsigned long, int)+0x16>
    2eb0:	dc 01       	movw	r26, r24
    2eb2:	ed 91       	ld	r30, X+
    2eb4:	fc 91       	ld	r31, X
    2eb6:	01 90       	ld	r0, Z+
    2eb8:	f0 81       	ld	r31, Z
    2eba:	e0 2d       	mov	r30, r0
    2ebc:	64 2f       	mov	r22, r20
    2ebe:	09 94       	ijmp
C:\Users\dheer\AppData\Local\Arduino15\packages\MightyCore\hardware\avr\2.2.1\cores\MCUdude_corefiles/Print.cpp:106
  else return printNumber(n, base);
    2ec0:	0c 94 09 17 	jmp	0x2e12	; 0x2e12 <Print::printNumber(unsigned long, unsigned char)>

00002ec4 <map(long, long, long, long, long)>:
_Z3maplllll():
C:\Users\dheer\AppData\Local\Arduino15\packages\MightyCore\hardware\avr\2.2.1\cores\MCUdude_corefiles/WMath.cpp:53
  long diff = howbig - howsmall;
  return random(diff) + howsmall;
}

long map(long x, long in_min, long in_max, long out_min, long out_max)
{
    2ec4:	4f 92       	push	r4
    2ec6:	5f 92       	push	r5
    2ec8:	6f 92       	push	r6
    2eca:	7f 92       	push	r7
    2ecc:	af 92       	push	r10
    2ece:	bf 92       	push	r11
    2ed0:	cf 92       	push	r12
    2ed2:	df 92       	push	r13
    2ed4:	ef 92       	push	r14
    2ed6:	ff 92       	push	r15
    2ed8:	0f 93       	push	r16
    2eda:	1f 93       	push	r17
    2edc:	cf 93       	push	r28
    2ede:	df 93       	push	r29
    2ee0:	cd b7       	in	r28, 0x3d	; 61
    2ee2:	de b7       	in	r29, 0x3e	; 62
    2ee4:	29 01       	movw	r4, r18
    2ee6:	3a 01       	movw	r6, r20
C:\Users\dheer\AppData\Local\Arduino15\packages\MightyCore\hardware\avr\2.2.1\cores\MCUdude_corefiles/WMath.cpp:54
  return (x - in_min) * (out_max - out_min) / (in_max - in_min) + out_min;
    2ee8:	9b 01       	movw	r18, r22
    2eea:	ac 01       	movw	r20, r24
    2eec:	24 19       	sub	r18, r4
    2eee:	35 09       	sbc	r19, r5
    2ef0:	46 09       	sbc	r20, r6
    2ef2:	57 09       	sbc	r21, r7
    2ef4:	89 89       	ldd	r24, Y+17	; 0x11
    2ef6:	9a 89       	ldd	r25, Y+18	; 0x12
    2ef8:	ab 89       	ldd	r26, Y+19	; 0x13
    2efa:	bc 89       	ldd	r27, Y+20	; 0x14
    2efc:	bc 01       	movw	r22, r24
    2efe:	cd 01       	movw	r24, r26
    2f00:	6a 19       	sub	r22, r10
    2f02:	7b 09       	sbc	r23, r11
    2f04:	8c 09       	sbc	r24, r12
    2f06:	9d 09       	sbc	r25, r13
    2f08:	0e 94 c6 1e 	call	0x3d8c	; 0x3d8c <__mulsi3>
    2f0c:	a8 01       	movw	r20, r16
    2f0e:	97 01       	movw	r18, r14
    2f10:	24 19       	sub	r18, r4
    2f12:	35 09       	sbc	r19, r5
    2f14:	46 09       	sbc	r20, r6
    2f16:	57 09       	sbc	r21, r7
    2f18:	0e 94 f8 1e 	call	0x3df0	; 0x3df0 <__divmodsi4>
    2f1c:	ca 01       	movw	r24, r20
    2f1e:	b9 01       	movw	r22, r18
    2f20:	6a 0d       	add	r22, r10
    2f22:	7b 1d       	adc	r23, r11
    2f24:	8c 1d       	adc	r24, r12
    2f26:	9d 1d       	adc	r25, r13
C:\Users\dheer\AppData\Local\Arduino15\packages\MightyCore\hardware\avr\2.2.1\cores\MCUdude_corefiles/WMath.cpp:55
}
    2f28:	df 91       	pop	r29
    2f2a:	cf 91       	pop	r28
    2f2c:	1f 91       	pop	r17
    2f2e:	0f 91       	pop	r16
    2f30:	ff 90       	pop	r15
    2f32:	ef 90       	pop	r14
    2f34:	df 90       	pop	r13
    2f36:	cf 90       	pop	r12
    2f38:	bf 90       	pop	r11
    2f3a:	af 90       	pop	r10
    2f3c:	7f 90       	pop	r7
    2f3e:	6f 90       	pop	r6
    2f40:	5f 90       	pop	r5
    2f42:	4f 90       	pop	r4
    2f44:	08 95       	ret

00002f46 <String::StringIfHelper() const>:
_ZNK6String14StringIfHelperEv():
C:\Users\dheer\AppData\Local\Arduino15\packages\MightyCore\hardware\avr\2.2.1\cores\MCUdude_corefiles/WString.cpp:729
  while (isspace(*begin)) begin++;
  char *end = buffer + len - 1;
  while (isspace(*end) && end >= begin) end--;
  len = end + 1 - begin;
  if (begin > buffer) memcpy(buffer, begin, len);
  buffer[len] = 0;
    2f46:	08 95       	ret

00002f48 <String::~String()>:
_ZN6StringD2Ev():
    2f48:	fc 01       	movw	r30, r24
    2f4a:	80 81       	ld	r24, Z
    2f4c:	91 81       	ldd	r25, Z+1	; 0x01
    2f4e:	00 97       	sbiw	r24, 0x00	; 0
    2f50:	11 f0       	breq	.+4      	; 0x2f56 <String::~String()+0xe>
    2f52:	0c 94 9f 21 	jmp	0x433e	; 0x433e <free>
    2f56:	08 95       	ret

00002f58 <String::invalidate()>:
_ZN6String10invalidateEv():
    2f58:	cf 93       	push	r28
    2f5a:	df 93       	push	r29
    2f5c:	ec 01       	movw	r28, r24
    2f5e:	88 81       	ld	r24, Y
    2f60:	99 81       	ldd	r25, Y+1	; 0x01
    2f62:	00 97       	sbiw	r24, 0x00	; 0
    2f64:	11 f0       	breq	.+4      	; 0x2f6a <String::invalidate()+0x12>
    2f66:	0e 94 9f 21 	call	0x433e	; 0x433e <free>
    2f6a:	19 82       	std	Y+1, r1	; 0x01
    2f6c:	18 82       	st	Y, r1
    2f6e:	1d 82       	std	Y+5, r1	; 0x05
    2f70:	1c 82       	std	Y+4, r1	; 0x04
    2f72:	1b 82       	std	Y+3, r1	; 0x03
    2f74:	1a 82       	std	Y+2, r1	; 0x02
    2f76:	df 91       	pop	r29
    2f78:	cf 91       	pop	r28
    2f7a:	08 95       	ret

00002f7c <String::changeBuffer(unsigned int)>:
_ZN6String12changeBufferEj():
    2f7c:	0f 93       	push	r16
    2f7e:	1f 93       	push	r17
    2f80:	cf 93       	push	r28
    2f82:	df 93       	push	r29
    2f84:	ec 01       	movw	r28, r24
    2f86:	8b 01       	movw	r16, r22
    2f88:	6f 5f       	subi	r22, 0xFF	; 255
    2f8a:	7f 4f       	sbci	r23, 0xFF	; 255
    2f8c:	88 81       	ld	r24, Y
    2f8e:	99 81       	ldd	r25, Y+1	; 0x01
    2f90:	0e 94 28 22 	call	0x4450	; 0x4450 <realloc>
    2f94:	00 97       	sbiw	r24, 0x00	; 0
    2f96:	51 f0       	breq	.+20     	; 0x2fac <String::changeBuffer(unsigned int)+0x30>
    2f98:	99 83       	std	Y+1, r25	; 0x01
    2f9a:	88 83       	st	Y, r24
    2f9c:	1b 83       	std	Y+3, r17	; 0x03
    2f9e:	0a 83       	std	Y+2, r16	; 0x02
    2fa0:	81 e0       	ldi	r24, 0x01	; 1
    2fa2:	df 91       	pop	r29
    2fa4:	cf 91       	pop	r28
    2fa6:	1f 91       	pop	r17
    2fa8:	0f 91       	pop	r16
    2faa:	08 95       	ret
    2fac:	80 e0       	ldi	r24, 0x00	; 0
    2fae:	f9 cf       	rjmp	.-14     	; 0x2fa2 <String::changeBuffer(unsigned int)+0x26>

00002fb0 <String::reserve(unsigned int)>:
_ZN6String7reserveEj():
    2fb0:	cf 93       	push	r28
    2fb2:	df 93       	push	r29
    2fb4:	ec 01       	movw	r28, r24
    2fb6:	88 81       	ld	r24, Y
    2fb8:	99 81       	ldd	r25, Y+1	; 0x01
    2fba:	89 2b       	or	r24, r25
    2fbc:	49 f0       	breq	.+18     	; 0x2fd0 <String::reserve(unsigned int)+0x20>
    2fbe:	8a 81       	ldd	r24, Y+2	; 0x02
    2fc0:	9b 81       	ldd	r25, Y+3	; 0x03
    2fc2:	86 17       	cp	r24, r22
    2fc4:	97 07       	cpc	r25, r23
    2fc6:	20 f0       	brcs	.+8      	; 0x2fd0 <String::reserve(unsigned int)+0x20>
    2fc8:	81 e0       	ldi	r24, 0x01	; 1
    2fca:	df 91       	pop	r29
    2fcc:	cf 91       	pop	r28
    2fce:	08 95       	ret
    2fd0:	ce 01       	movw	r24, r28
    2fd2:	0e 94 be 17 	call	0x2f7c	; 0x2f7c <String::changeBuffer(unsigned int)>
    2fd6:	88 23       	and	r24, r24
    2fd8:	c1 f3       	breq	.-16     	; 0x2fca <String::reserve(unsigned int)+0x1a>
    2fda:	8c 81       	ldd	r24, Y+4	; 0x04
    2fdc:	9d 81       	ldd	r25, Y+5	; 0x05
    2fde:	89 2b       	or	r24, r25
    2fe0:	99 f7       	brne	.-26     	; 0x2fc8 <String::reserve(unsigned int)+0x18>
    2fe2:	e8 81       	ld	r30, Y
    2fe4:	f9 81       	ldd	r31, Y+1	; 0x01
    2fe6:	10 82       	st	Z, r1
    2fe8:	ef cf       	rjmp	.-34     	; 0x2fc8 <String::reserve(unsigned int)+0x18>

00002fea <String::copy(char const*, unsigned int)>:
_ZN6String4copyEPKcj():
    2fea:	ef 92       	push	r14
    2fec:	ff 92       	push	r15
    2fee:	0f 93       	push	r16
    2ff0:	1f 93       	push	r17
    2ff2:	cf 93       	push	r28
    2ff4:	df 93       	push	r29
    2ff6:	ec 01       	movw	r28, r24
    2ff8:	7b 01       	movw	r14, r22
    2ffa:	8a 01       	movw	r16, r20
    2ffc:	ba 01       	movw	r22, r20
    2ffe:	0e 94 d8 17 	call	0x2fb0	; 0x2fb0 <String::reserve(unsigned int)>
    3002:	81 11       	cpse	r24, r1
    3004:	0b c0       	rjmp	.+22     	; 0x301c <String::copy(char const*, unsigned int)+0x32>
    3006:	ce 01       	movw	r24, r28
    3008:	0e 94 ac 17 	call	0x2f58	; 0x2f58 <String::invalidate()>
    300c:	ce 01       	movw	r24, r28
    300e:	df 91       	pop	r29
    3010:	cf 91       	pop	r28
    3012:	1f 91       	pop	r17
    3014:	0f 91       	pop	r16
    3016:	ff 90       	pop	r15
    3018:	ef 90       	pop	r14
    301a:	08 95       	ret
    301c:	1d 83       	std	Y+5, r17	; 0x05
    301e:	0c 83       	std	Y+4, r16	; 0x04
    3020:	b7 01       	movw	r22, r14
    3022:	88 81       	ld	r24, Y
    3024:	99 81       	ldd	r25, Y+1	; 0x01
    3026:	0e 94 15 23 	call	0x462a	; 0x462a <strcpy>
    302a:	f0 cf       	rjmp	.-32     	; 0x300c <String::copy(char const*, unsigned int)+0x22>

0000302c <String::String(char const*)>:
_ZN6String4initEv():
    302c:	fc 01       	movw	r30, r24
    302e:	11 82       	std	Z+1, r1	; 0x01
    3030:	10 82       	st	Z, r1
    3032:	13 82       	std	Z+3, r1	; 0x03
    3034:	12 82       	std	Z+2, r1	; 0x02
    3036:	15 82       	std	Z+5, r1	; 0x05
    3038:	14 82       	std	Z+4, r1	; 0x04
_ZN6StringC2EPKc():
    303a:	61 15       	cp	r22, r1
    303c:	71 05       	cpc	r23, r1
    303e:	51 f0       	breq	.+20     	; 0x3054 <String::String(char const*)+0x28>
    3040:	fb 01       	movw	r30, r22
    3042:	01 90       	ld	r0, Z+
    3044:	00 20       	and	r0, r0
    3046:	e9 f7       	brne	.-6      	; 0x3042 <String::String(char const*)+0x16>
    3048:	31 97       	sbiw	r30, 0x01	; 1
    304a:	af 01       	movw	r20, r30
    304c:	46 1b       	sub	r20, r22
    304e:	57 0b       	sbc	r21, r23
    3050:	0c 94 f5 17 	jmp	0x2fea	; 0x2fea <String::copy(char const*, unsigned int)>
    3054:	08 95       	ret

00003056 <String::operator=(char const*) [clone .part.3]>:
_ZN6StringaSEPKc():
    3056:	fb 01       	movw	r30, r22
    3058:	01 90       	ld	r0, Z+
    305a:	00 20       	and	r0, r0
    305c:	e9 f7       	brne	.-6      	; 0x3058 <String::operator=(char const*) [clone .part.3]+0x2>
    305e:	31 97       	sbiw	r30, 0x01	; 1
    3060:	af 01       	movw	r20, r30
    3062:	46 1b       	sub	r20, r22
    3064:	57 0b       	sbc	r21, r23
    3066:	0c 94 f5 17 	jmp	0x2fea	; 0x2fea <String::copy(char const*, unsigned int)>

0000306a <String::String(char)>:
_ZN6StringC2Ec():
    306a:	cf 93       	push	r28
    306c:	df 93       	push	r29
    306e:	00 d0       	rcall	.+0      	; 0x3070 <String::String(char)+0x6>
    3070:	cd b7       	in	r28, 0x3d	; 61
    3072:	de b7       	in	r29, 0x3e	; 62
_ZN6String4initEv():
    3074:	fc 01       	movw	r30, r24
    3076:	11 82       	std	Z+1, r1	; 0x01
    3078:	10 82       	st	Z, r1
    307a:	13 82       	std	Z+3, r1	; 0x03
    307c:	12 82       	std	Z+2, r1	; 0x02
    307e:	15 82       	std	Z+5, r1	; 0x05
    3080:	14 82       	std	Z+4, r1	; 0x04
_ZN6StringC2Ec():
    3082:	69 83       	std	Y+1, r22	; 0x01
    3084:	1a 82       	std	Y+2, r1	; 0x02
_ZN6StringaSEPKc():
    3086:	be 01       	movw	r22, r28
    3088:	6f 5f       	subi	r22, 0xFF	; 255
    308a:	7f 4f       	sbci	r23, 0xFF	; 255
    308c:	0e 94 2b 18 	call	0x3056	; 0x3056 <String::operator=(char const*) [clone .part.3]>
_ZN6StringC2Ec():
    3090:	0f 90       	pop	r0
    3092:	0f 90       	pop	r0
    3094:	df 91       	pop	r29
    3096:	cf 91       	pop	r28
    3098:	08 95       	ret

0000309a <String::move(String&)>:
_ZN6String4moveERS_():
    309a:	0f 93       	push	r16
    309c:	1f 93       	push	r17
    309e:	cf 93       	push	r28
    30a0:	df 93       	push	r29
    30a2:	8c 01       	movw	r16, r24
    30a4:	eb 01       	movw	r28, r22
    30a6:	fc 01       	movw	r30, r24
    30a8:	80 81       	ld	r24, Z
    30aa:	91 81       	ldd	r25, Z+1	; 0x01
    30ac:	00 97       	sbiw	r24, 0x00	; 0
    30ae:	01 f1       	breq	.+64     	; 0x30f0 <String::move(String&)+0x56>
    30b0:	68 81       	ld	r22, Y
    30b2:	79 81       	ldd	r23, Y+1	; 0x01
_ZNK6StringcvMS_KFvvEEv():
    30b4:	61 15       	cp	r22, r1
    30b6:	71 05       	cpc	r23, r1
    30b8:	c9 f0       	breq	.+50     	; 0x30ec <String::move(String&)+0x52>
_ZN6String4moveERS_():
    30ba:	23 ea       	ldi	r18, 0xA3	; 163
    30bc:	37 e1       	ldi	r19, 0x17	; 23
    30be:	23 2b       	or	r18, r19
    30c0:	a9 f0       	breq	.+42     	; 0x30ec <String::move(String&)+0x52>
    30c2:	42 81       	ldd	r20, Z+2	; 0x02
    30c4:	53 81       	ldd	r21, Z+3	; 0x03
    30c6:	2c 81       	ldd	r18, Y+4	; 0x04
    30c8:	3d 81       	ldd	r19, Y+5	; 0x05
    30ca:	42 17       	cp	r20, r18
    30cc:	53 07       	cpc	r21, r19
    30ce:	70 f0       	brcs	.+28     	; 0x30ec <String::move(String&)+0x52>
    30d0:	0e 94 15 23 	call	0x462a	; 0x462a <strcpy>
    30d4:	8c 81       	ldd	r24, Y+4	; 0x04
    30d6:	9d 81       	ldd	r25, Y+5	; 0x05
    30d8:	f8 01       	movw	r30, r16
    30da:	95 83       	std	Z+5, r25	; 0x05
    30dc:	84 83       	std	Z+4, r24	; 0x04
    30de:	1d 82       	std	Y+5, r1	; 0x05
    30e0:	1c 82       	std	Y+4, r1	; 0x04
    30e2:	df 91       	pop	r29
    30e4:	cf 91       	pop	r28
    30e6:	1f 91       	pop	r17
    30e8:	0f 91       	pop	r16
    30ea:	08 95       	ret
    30ec:	0e 94 9f 21 	call	0x433e	; 0x433e <free>
    30f0:	88 81       	ld	r24, Y
    30f2:	99 81       	ldd	r25, Y+1	; 0x01
    30f4:	f8 01       	movw	r30, r16
    30f6:	91 83       	std	Z+1, r25	; 0x01
    30f8:	80 83       	st	Z, r24
    30fa:	8a 81       	ldd	r24, Y+2	; 0x02
    30fc:	9b 81       	ldd	r25, Y+3	; 0x03
    30fe:	93 83       	std	Z+3, r25	; 0x03
    3100:	82 83       	std	Z+2, r24	; 0x02
    3102:	8c 81       	ldd	r24, Y+4	; 0x04
    3104:	9d 81       	ldd	r25, Y+5	; 0x05
    3106:	95 83       	std	Z+5, r25	; 0x05
    3108:	84 83       	std	Z+4, r24	; 0x04
    310a:	19 82       	std	Y+1, r1	; 0x01
    310c:	18 82       	st	Y, r1
    310e:	1b 82       	std	Y+3, r1	; 0x03
    3110:	1a 82       	std	Y+2, r1	; 0x02
    3112:	e5 cf       	rjmp	.-54     	; 0x30de <String::move(String&)+0x44>

00003114 <String::operator=(String const&)>:
_ZN6StringaSERKS_():
    3114:	cf 93       	push	r28
    3116:	df 93       	push	r29
    3118:	ec 01       	movw	r28, r24
    311a:	fb 01       	movw	r30, r22
    311c:	86 17       	cp	r24, r22
    311e:	97 07       	cpc	r25, r23
    3120:	49 f0       	breq	.+18     	; 0x3134 <String::operator=(String const&)+0x20>
    3122:	60 81       	ld	r22, Z
    3124:	71 81       	ldd	r23, Z+1	; 0x01
    3126:	61 15       	cp	r22, r1
    3128:	71 05       	cpc	r23, r1
    312a:	41 f0       	breq	.+16     	; 0x313c <String::operator=(String const&)+0x28>
    312c:	44 81       	ldd	r20, Z+4	; 0x04
    312e:	55 81       	ldd	r21, Z+5	; 0x05
    3130:	0e 94 f5 17 	call	0x2fea	; 0x2fea <String::copy(char const*, unsigned int)>
    3134:	ce 01       	movw	r24, r28
    3136:	df 91       	pop	r29
    3138:	cf 91       	pop	r28
    313a:	08 95       	ret
    313c:	0e 94 ac 17 	call	0x2f58	; 0x2f58 <String::invalidate()>
    3140:	f9 cf       	rjmp	.-14     	; 0x3134 <String::operator=(String const&)+0x20>

00003142 <String::String(String const&)>:
_ZN6String4initEv():
    3142:	fc 01       	movw	r30, r24
    3144:	11 82       	std	Z+1, r1	; 0x01
    3146:	10 82       	st	Z, r1
    3148:	13 82       	std	Z+3, r1	; 0x03
    314a:	12 82       	std	Z+2, r1	; 0x02
    314c:	15 82       	std	Z+5, r1	; 0x05
    314e:	14 82       	std	Z+4, r1	; 0x04
_ZN6StringC2ERKS_():
    3150:	0c 94 8a 18 	jmp	0x3114	; 0x3114 <String::operator=(String const&)>

00003154 <String::operator=(String&&)>:
_ZN6StringaSEOS_():
    3154:	cf 93       	push	r28
    3156:	df 93       	push	r29
    3158:	ec 01       	movw	r28, r24
    315a:	86 17       	cp	r24, r22
    315c:	97 07       	cpc	r25, r23
    315e:	11 f0       	breq	.+4      	; 0x3164 <String::operator=(String&&)+0x10>
    3160:	0e 94 4d 18 	call	0x309a	; 0x309a <String::move(String&)>
    3164:	ce 01       	movw	r24, r28
    3166:	df 91       	pop	r29
    3168:	cf 91       	pop	r28
    316a:	08 95       	ret

0000316c <String::operator=(char const*)>:
_ZN6StringaSEPKc():
    316c:	cf 93       	push	r28
    316e:	df 93       	push	r29
    3170:	ec 01       	movw	r28, r24
    3172:	61 15       	cp	r22, r1
    3174:	71 05       	cpc	r23, r1
    3176:	31 f0       	breq	.+12     	; 0x3184 <String::operator=(char const*)+0x18>
    3178:	0e 94 2b 18 	call	0x3056	; 0x3056 <String::operator=(char const*) [clone .part.3]>
    317c:	ce 01       	movw	r24, r28
    317e:	df 91       	pop	r29
    3180:	cf 91       	pop	r28
    3182:	08 95       	ret
    3184:	0e 94 ac 17 	call	0x2f58	; 0x2f58 <String::invalidate()>
    3188:	f9 cf       	rjmp	.-14     	; 0x317c <String::operator=(char const*)+0x10>

0000318a <String::String(float, unsigned char)>:
_ZN6StringC2Efh():
    318a:	ef 92       	push	r14
    318c:	ff 92       	push	r15
    318e:	0f 93       	push	r16
    3190:	1f 93       	push	r17
    3192:	cf 93       	push	r28
    3194:	df 93       	push	r29
    3196:	cd b7       	in	r28, 0x3d	; 61
    3198:	de b7       	in	r29, 0x3e	; 62
    319a:	a1 97       	sbiw	r28, 0x21	; 33
    319c:	0f b6       	in	r0, 0x3f	; 63
    319e:	f8 94       	cli
    31a0:	de bf       	out	0x3e, r29	; 62
    31a2:	0f be       	out	0x3f, r0	; 63
    31a4:	cd bf       	out	0x3d, r28	; 61
    31a6:	7c 01       	movw	r14, r24
    31a8:	cb 01       	movw	r24, r22
    31aa:	ba 01       	movw	r22, r20
_ZN6String4initEv():
    31ac:	f7 01       	movw	r30, r14
    31ae:	11 82       	std	Z+1, r1	; 0x01
    31b0:	10 82       	st	Z, r1
    31b2:	13 82       	std	Z+3, r1	; 0x03
    31b4:	12 82       	std	Z+2, r1	; 0x02
    31b6:	15 82       	std	Z+5, r1	; 0x05
    31b8:	14 82       	std	Z+4, r1	; 0x04
_ZN6StringC2Efh():
    31ba:	42 e0       	ldi	r20, 0x02	; 2
    31bc:	42 0f       	add	r20, r18
    31be:	8e 01       	movw	r16, r28
    31c0:	0f 5f       	subi	r16, 0xFF	; 255
    31c2:	1f 4f       	sbci	r17, 0xFF	; 255
    31c4:	0e 94 e5 20 	call	0x41ca	; 0x41ca <dtostrf>
    31c8:	bc 01       	movw	r22, r24
    31ca:	c7 01       	movw	r24, r14
    31cc:	0e 94 b6 18 	call	0x316c	; 0x316c <String::operator=(char const*)>
    31d0:	a1 96       	adiw	r28, 0x21	; 33
    31d2:	0f b6       	in	r0, 0x3f	; 63
    31d4:	f8 94       	cli
    31d6:	de bf       	out	0x3e, r29	; 62
    31d8:	0f be       	out	0x3f, r0	; 63
    31da:	cd bf       	out	0x3d, r28	; 61
    31dc:	df 91       	pop	r29
    31de:	cf 91       	pop	r28
    31e0:	1f 91       	pop	r17
    31e2:	0f 91       	pop	r16
    31e4:	ff 90       	pop	r15
    31e6:	ef 90       	pop	r14
    31e8:	08 95       	ret

000031ea <String::concat(char const*, unsigned int)>:
_ZN6String6concatEPKcj():
    31ea:	ef 92       	push	r14
    31ec:	ff 92       	push	r15
    31ee:	0f 93       	push	r16
    31f0:	1f 93       	push	r17
    31f2:	cf 93       	push	r28
    31f4:	df 93       	push	r29
    31f6:	61 15       	cp	r22, r1
    31f8:	71 05       	cpc	r23, r1
    31fa:	41 f4       	brne	.+16     	; 0x320c <String::concat(char const*, unsigned int)+0x22>
    31fc:	80 e0       	ldi	r24, 0x00	; 0
    31fe:	df 91       	pop	r29
    3200:	cf 91       	pop	r28
    3202:	1f 91       	pop	r17
    3204:	0f 91       	pop	r16
    3206:	ff 90       	pop	r15
    3208:	ef 90       	pop	r14
    320a:	08 95       	ret
    320c:	41 15       	cp	r20, r1
    320e:	51 05       	cpc	r21, r1
    3210:	b1 f0       	breq	.+44     	; 0x323e <String::concat(char const*, unsigned int)+0x54>
    3212:	7b 01       	movw	r14, r22
    3214:	ec 01       	movw	r28, r24
    3216:	0c 81       	ldd	r16, Y+4	; 0x04
    3218:	1d 81       	ldd	r17, Y+5	; 0x05
    321a:	04 0f       	add	r16, r20
    321c:	15 1f       	adc	r17, r21
    321e:	b8 01       	movw	r22, r16
    3220:	0e 94 d8 17 	call	0x2fb0	; 0x2fb0 <String::reserve(unsigned int)>
    3224:	88 23       	and	r24, r24
    3226:	51 f3       	breq	.-44     	; 0x31fc <String::concat(char const*, unsigned int)+0x12>
    3228:	28 81       	ld	r18, Y
    322a:	39 81       	ldd	r19, Y+1	; 0x01
    322c:	8c 81       	ldd	r24, Y+4	; 0x04
    322e:	9d 81       	ldd	r25, Y+5	; 0x05
    3230:	b7 01       	movw	r22, r14
    3232:	82 0f       	add	r24, r18
    3234:	93 1f       	adc	r25, r19
    3236:	0e 94 15 23 	call	0x462a	; 0x462a <strcpy>
    323a:	1d 83       	std	Y+5, r17	; 0x05
    323c:	0c 83       	std	Y+4, r16	; 0x04
    323e:	81 e0       	ldi	r24, 0x01	; 1
    3240:	de cf       	rjmp	.-68     	; 0x31fe <String::concat(char const*, unsigned int)+0x14>

00003242 <String::concat(char)>:
_ZN6String6concatEc():
    3242:	cf 93       	push	r28
    3244:	df 93       	push	r29
    3246:	00 d0       	rcall	.+0      	; 0x3248 <String::concat(char)+0x6>
    3248:	cd b7       	in	r28, 0x3d	; 61
    324a:	de b7       	in	r29, 0x3e	; 62
    324c:	69 83       	std	Y+1, r22	; 0x01
    324e:	1a 82       	std	Y+2, r1	; 0x02
    3250:	41 e0       	ldi	r20, 0x01	; 1
    3252:	50 e0       	ldi	r21, 0x00	; 0
    3254:	be 01       	movw	r22, r28
    3256:	6f 5f       	subi	r22, 0xFF	; 255
    3258:	7f 4f       	sbci	r23, 0xFF	; 255
    325a:	0e 94 f5 18 	call	0x31ea	; 0x31ea <String::concat(char const*, unsigned int)>
    325e:	0f 90       	pop	r0
    3260:	0f 90       	pop	r0
    3262:	df 91       	pop	r29
    3264:	cf 91       	pop	r28
    3266:	08 95       	ret

00003268 <operator+(StringSumHelper const&, String const&)>:
_ZplRK15StringSumHelperRK6String():
    3268:	cf 93       	push	r28
    326a:	df 93       	push	r29
    326c:	ec 01       	movw	r28, r24
    326e:	fb 01       	movw	r30, r22
    3270:	44 81       	ldd	r20, Z+4	; 0x04
    3272:	55 81       	ldd	r21, Z+5	; 0x05
    3274:	60 81       	ld	r22, Z
    3276:	71 81       	ldd	r23, Z+1	; 0x01
    3278:	0e 94 f5 18 	call	0x31ea	; 0x31ea <String::concat(char const*, unsigned int)>
    327c:	81 11       	cpse	r24, r1
    327e:	03 c0       	rjmp	.+6      	; 0x3286 <operator+(StringSumHelper const&, String const&)+0x1e>
    3280:	ce 01       	movw	r24, r28
    3282:	0e 94 ac 17 	call	0x2f58	; 0x2f58 <String::invalidate()>
    3286:	ce 01       	movw	r24, r28
    3288:	df 91       	pop	r29
    328a:	cf 91       	pop	r28
    328c:	08 95       	ret

0000328e <operator+(StringSumHelper const&, char const*)>:
_ZplRK15StringSumHelperPKc():
    328e:	cf 93       	push	r28
    3290:	df 93       	push	r29
    3292:	ec 01       	movw	r28, r24
    3294:	61 15       	cp	r22, r1
    3296:	71 05       	cpc	r23, r1
    3298:	39 f4       	brne	.+14     	; 0x32a8 <operator+(StringSumHelper const&, char const*)+0x1a>
    329a:	ce 01       	movw	r24, r28
    329c:	0e 94 ac 17 	call	0x2f58	; 0x2f58 <String::invalidate()>
    32a0:	ce 01       	movw	r24, r28
    32a2:	df 91       	pop	r29
    32a4:	cf 91       	pop	r28
    32a6:	08 95       	ret
    32a8:	fb 01       	movw	r30, r22
    32aa:	01 90       	ld	r0, Z+
    32ac:	00 20       	and	r0, r0
    32ae:	e9 f7       	brne	.-6      	; 0x32aa <operator+(StringSumHelper const&, char const*)+0x1c>
    32b0:	31 97       	sbiw	r30, 0x01	; 1
    32b2:	af 01       	movw	r20, r30
    32b4:	46 1b       	sub	r20, r22
    32b6:	57 0b       	sbc	r21, r23
    32b8:	0e 94 f5 18 	call	0x31ea	; 0x31ea <String::concat(char const*, unsigned int)>
    32bc:	88 23       	and	r24, r24
    32be:	69 f3       	breq	.-38     	; 0x329a <operator+(StringSumHelper const&, char const*)+0xc>
    32c0:	ef cf       	rjmp	.-34     	; 0x32a0 <operator+(StringSumHelper const&, char const*)+0x12>

000032c2 <operator+(StringSumHelper const&, char)>:
_ZplRK15StringSumHelperc():
    32c2:	cf 93       	push	r28
    32c4:	df 93       	push	r29
    32c6:	ec 01       	movw	r28, r24
    32c8:	0e 94 21 19 	call	0x3242	; 0x3242 <String::concat(char)>
    32cc:	81 11       	cpse	r24, r1
    32ce:	03 c0       	rjmp	.+6      	; 0x32d6 <operator+(StringSumHelper const&, char)+0x14>
    32d0:	ce 01       	movw	r24, r28
    32d2:	0e 94 ac 17 	call	0x2f58	; 0x2f58 <String::invalidate()>
    32d6:	ce 01       	movw	r24, r28
    32d8:	df 91       	pop	r29
    32da:	cf 91       	pop	r28
    32dc:	08 95       	ret

000032de <String::toInt() const>:
_ZNK6String5toIntEv():
C:\Users\dheer\AppData\Local\Arduino15\packages\MightyCore\hardware\avr\2.2.1\cores\MCUdude_corefiles/WString.cpp:738
/*  Parsing / Conversion                     */
/*********************************************/

long String::toInt(void) const
{
  if (buffer) return atol(buffer);
    32de:	fc 01       	movw	r30, r24
    32e0:	80 81       	ld	r24, Z
    32e2:	91 81       	ldd	r25, Z+1	; 0x01
    32e4:	00 97       	sbiw	r24, 0x00	; 0
    32e6:	11 f0       	breq	.+4      	; 0x32ec <String::toInt() const+0xe>
C:\Users\dheer\AppData\Local\Arduino15\packages\MightyCore\hardware\avr\2.2.1\cores\MCUdude_corefiles/WString.cpp:738 (discriminator 1)
    32e8:	0c 94 e5 22 	jmp	0x45ca	; 0x45ca <atol>
C:\Users\dheer\AppData\Local\Arduino15\packages\MightyCore\hardware\avr\2.2.1\cores\MCUdude_corefiles/WString.cpp:740
  return 0;
}
    32ec:	60 e0       	ldi	r22, 0x00	; 0
    32ee:	70 e0       	ldi	r23, 0x00	; 0
    32f0:	cb 01       	movw	r24, r22
    32f2:	08 95       	ret

000032f4 <initVariant>:
initVariant():
C:\Users\dheer\AppData\Local\Arduino15\packages\MightyCore\hardware\avr\2.2.1\cores\MCUdude_corefiles/main.cpp:28
int atexit(void (* /*func*/ )()) { return 0; }

// Weak empty variant initialization function.
// May be redefined by variant files.
void initVariant() __attribute__((weak));
void initVariant() { }
    32f4:	08 95       	ret

000032f6 <main>:
main():
C:\Users\dheer\AppData\Local\Arduino15\packages\MightyCore\hardware\avr\2.2.1\cores\MCUdude_corefiles/main.cpp:35
//void setupUSB() __attribute__((weak));
//void setupUSB() { }

int main(void)
{
  init();
    32f6:	0e 94 3f 1a 	call	0x347e	; 0x347e <init>
C:\Users\dheer\AppData\Local\Arduino15\packages\MightyCore\hardware\avr\2.2.1\cores\MCUdude_corefiles/main.cpp:37

  initVariant();
    32fa:	0e 94 7a 19 	call	0x32f4	; 0x32f4 <initVariant>
C:\Users\dheer\AppData\Local\Arduino15\packages\MightyCore\hardware\avr\2.2.1\cores\MCUdude_corefiles/main.cpp:43

#if defined(USBCON)
  USBDevice.attach();
#endif
  
  setup();
    32fe:	0e 94 94 07 	call	0xf28	; 0xf28 <setup>
C:\Users\dheer\AppData\Local\Arduino15\packages\MightyCore\hardware\avr\2.2.1\cores\MCUdude_corefiles/main.cpp:47
    
  for (;;) {
    loop();
    if (serialEventRun) serialEventRun();
    3302:	c7 e4       	ldi	r28, 0x47	; 71
    3304:	db e1       	ldi	r29, 0x1B	; 27
C:\Users\dheer\AppData\Local\Arduino15\packages\MightyCore\hardware\avr\2.2.1\cores\MCUdude_corefiles/main.cpp:46
#endif
  
  setup();
    
  for (;;) {
    loop();
    3306:	0e 94 0e 09 	call	0x121c	; 0x121c <loop>
C:\Users\dheer\AppData\Local\Arduino15\packages\MightyCore\hardware\avr\2.2.1\cores\MCUdude_corefiles/main.cpp:47
    if (serialEventRun) serialEventRun();
    330a:	20 97       	sbiw	r28, 0x00	; 0
    330c:	e1 f3       	breq	.-8      	; 0x3306 <main+0x10>
C:\Users\dheer\AppData\Local\Arduino15\packages\MightyCore\hardware\avr\2.2.1\cores\MCUdude_corefiles/main.cpp:47 (discriminator 1)
    330e:	0e 94 47 1b 	call	0x368e	; 0x368e <serialEventRun()>
    3312:	f9 cf       	rjmp	.-14     	; 0x3306 <main+0x10>

00003314 <__vector_11>:
__vector_11():
C:\Users\dheer\AppData\Local\Arduino15\packages\MightyCore\hardware\avr\2.2.1\cores\MCUdude_corefiles/wiring.c:939
    "   brne 1b"                     // 2 cycles
    : /* no outputs */
    : "w" (us)
  );
  // return = 4 cycles
}
    3314:	1f 92       	push	r1
    3316:	0f 92       	push	r0
    3318:	0f b6       	in	r0, 0x3f	; 63
    331a:	0f 92       	push	r0
    331c:	11 24       	eor	r1, r1
    331e:	2f 93       	push	r18
    3320:	3f 93       	push	r19
    3322:	8f 93       	push	r24
    3324:	9f 93       	push	r25
    3326:	af 93       	push	r26
    3328:	bf 93       	push	r27
    332a:	80 91 ff 04 	lds	r24, 0x04FF	; 0x8004ff <timer0_millis>
    332e:	90 91 00 05 	lds	r25, 0x0500	; 0x800500 <timer0_millis+0x1>
    3332:	a0 91 01 05 	lds	r26, 0x0501	; 0x800501 <timer0_millis+0x2>
    3336:	b0 91 02 05 	lds	r27, 0x0502	; 0x800502 <timer0_millis+0x3>
    333a:	30 91 fe 04 	lds	r19, 0x04FE	; 0x8004fe <timer0_fract>
    333e:	26 e0       	ldi	r18, 0x06	; 6
    3340:	23 0f       	add	r18, r19
    3342:	2d 37       	cpi	r18, 0x7D	; 125
    3344:	68 f1       	brcs	.+90     	; 0x33a0 <__vector_11+0x8c>
    3346:	29 e8       	ldi	r18, 0x89	; 137
    3348:	23 0f       	add	r18, r19
    334a:	03 96       	adiw	r24, 0x03	; 3
    334c:	a1 1d       	adc	r26, r1
    334e:	b1 1d       	adc	r27, r1
    3350:	20 93 fe 04 	sts	0x04FE, r18	; 0x8004fe <timer0_fract>
    3354:	80 93 ff 04 	sts	0x04FF, r24	; 0x8004ff <timer0_millis>
    3358:	90 93 00 05 	sts	0x0500, r25	; 0x800500 <timer0_millis+0x1>
    335c:	a0 93 01 05 	sts	0x0501, r26	; 0x800501 <timer0_millis+0x2>
    3360:	b0 93 02 05 	sts	0x0502, r27	; 0x800502 <timer0_millis+0x3>
    3364:	80 91 fa 04 	lds	r24, 0x04FA	; 0x8004fa <timer0_overflow_count>
    3368:	90 91 fb 04 	lds	r25, 0x04FB	; 0x8004fb <timer0_overflow_count+0x1>
    336c:	a0 91 fc 04 	lds	r26, 0x04FC	; 0x8004fc <timer0_overflow_count+0x2>
    3370:	b0 91 fd 04 	lds	r27, 0x04FD	; 0x8004fd <timer0_overflow_count+0x3>
    3374:	01 96       	adiw	r24, 0x01	; 1
    3376:	a1 1d       	adc	r26, r1
    3378:	b1 1d       	adc	r27, r1
    337a:	80 93 fa 04 	sts	0x04FA, r24	; 0x8004fa <timer0_overflow_count>
    337e:	90 93 fb 04 	sts	0x04FB, r25	; 0x8004fb <timer0_overflow_count+0x1>
    3382:	a0 93 fc 04 	sts	0x04FC, r26	; 0x8004fc <timer0_overflow_count+0x2>
    3386:	b0 93 fd 04 	sts	0x04FD, r27	; 0x8004fd <timer0_overflow_count+0x3>
    338a:	bf 91       	pop	r27
    338c:	af 91       	pop	r26
    338e:	9f 91       	pop	r25
    3390:	8f 91       	pop	r24
    3392:	3f 91       	pop	r19
    3394:	2f 91       	pop	r18
    3396:	0f 90       	pop	r0
    3398:	0f be       	out	0x3f, r0	; 63
    339a:	0f 90       	pop	r0
    339c:	1f 90       	pop	r1
    339e:	18 95       	reti
    33a0:	02 96       	adiw	r24, 0x02	; 2
    33a2:	a1 1d       	adc	r26, r1
    33a4:	b1 1d       	adc	r27, r1
    33a6:	d4 cf       	rjmp	.-88     	; 0x3350 <__vector_11+0x3c>

000033a8 <millis>:
millis():
    33a8:	2f b7       	in	r18, 0x3f	; 63
    33aa:	f8 94       	cli
    33ac:	60 91 ff 04 	lds	r22, 0x04FF	; 0x8004ff <timer0_millis>
    33b0:	70 91 00 05 	lds	r23, 0x0500	; 0x800500 <timer0_millis+0x1>
    33b4:	80 91 01 05 	lds	r24, 0x0501	; 0x800501 <timer0_millis+0x2>
    33b8:	90 91 02 05 	lds	r25, 0x0502	; 0x800502 <timer0_millis+0x3>
    33bc:	2f bf       	out	0x3f, r18	; 63
    33be:	08 95       	ret

000033c0 <micros>:
micros():
    33c0:	3f b7       	in	r19, 0x3f	; 63
    33c2:	f8 94       	cli
    33c4:	80 91 fa 04 	lds	r24, 0x04FA	; 0x8004fa <timer0_overflow_count>
    33c8:	90 91 fb 04 	lds	r25, 0x04FB	; 0x8004fb <timer0_overflow_count+0x1>
    33cc:	a0 91 fc 04 	lds	r26, 0x04FC	; 0x8004fc <timer0_overflow_count+0x2>
    33d0:	b0 91 fd 04 	lds	r27, 0x04FD	; 0x8004fd <timer0_overflow_count+0x3>
    33d4:	22 b7       	in	r18, 0x32	; 50
    33d6:	08 b6       	in	r0, 0x38	; 56
    33d8:	00 fe       	sbrs	r0, 0
    33da:	05 c0       	rjmp	.+10     	; 0x33e6 <micros+0x26>
    33dc:	2f 3f       	cpi	r18, 0xFF	; 255
    33de:	19 f0       	breq	.+6      	; 0x33e6 <micros+0x26>
    33e0:	01 96       	adiw	r24, 0x01	; 1
    33e2:	a1 1d       	adc	r26, r1
    33e4:	b1 1d       	adc	r27, r1
    33e6:	3f bf       	out	0x3f, r19	; 63
    33e8:	ba 2f       	mov	r27, r26
    33ea:	a9 2f       	mov	r26, r25
    33ec:	98 2f       	mov	r25, r24
    33ee:	88 27       	eor	r24, r24
    33f0:	bc 01       	movw	r22, r24
    33f2:	cd 01       	movw	r24, r26
    33f4:	62 0f       	add	r22, r18
    33f6:	71 1d       	adc	r23, r1
    33f8:	81 1d       	adc	r24, r1
    33fa:	91 1d       	adc	r25, r1
    33fc:	43 e0       	ldi	r20, 0x03	; 3
    33fe:	66 0f       	add	r22, r22
    3400:	77 1f       	adc	r23, r23
    3402:	88 1f       	adc	r24, r24
    3404:	99 1f       	adc	r25, r25
    3406:	4a 95       	dec	r20
    3408:	d1 f7       	brne	.-12     	; 0x33fe <micros+0x3e>
    340a:	08 95       	ret

0000340c <delay>:
delay():
    340c:	8f 92       	push	r8
    340e:	9f 92       	push	r9
    3410:	af 92       	push	r10
    3412:	bf 92       	push	r11
    3414:	cf 92       	push	r12
    3416:	df 92       	push	r13
    3418:	ef 92       	push	r14
    341a:	ff 92       	push	r15
    341c:	6b 01       	movw	r12, r22
    341e:	7c 01       	movw	r14, r24
    3420:	0e 94 e0 19 	call	0x33c0	; 0x33c0 <micros>
    3424:	4b 01       	movw	r8, r22
    3426:	5c 01       	movw	r10, r24
    3428:	c1 14       	cp	r12, r1
    342a:	d1 04       	cpc	r13, r1
    342c:	e1 04       	cpc	r14, r1
    342e:	f1 04       	cpc	r15, r1
    3430:	e9 f0       	breq	.+58     	; 0x346c <delay+0x60>
    3432:	0e 94 e2 1b 	call	0x37c4	; 0x37c4 <yield>
    3436:	0e 94 e0 19 	call	0x33c0	; 0x33c0 <micros>
    343a:	68 19       	sub	r22, r8
    343c:	79 09       	sbc	r23, r9
    343e:	8a 09       	sbc	r24, r10
    3440:	9b 09       	sbc	r25, r11
    3442:	68 3e       	cpi	r22, 0xE8	; 232
    3444:	73 40       	sbci	r23, 0x03	; 3
    3446:	81 05       	cpc	r24, r1
    3448:	91 05       	cpc	r25, r1
    344a:	70 f3       	brcs	.-36     	; 0x3428 <delay+0x1c>
    344c:	21 e0       	ldi	r18, 0x01	; 1
    344e:	c2 1a       	sub	r12, r18
    3450:	d1 08       	sbc	r13, r1
    3452:	e1 08       	sbc	r14, r1
    3454:	f1 08       	sbc	r15, r1
    3456:	88 ee       	ldi	r24, 0xE8	; 232
    3458:	88 0e       	add	r8, r24
    345a:	83 e0       	ldi	r24, 0x03	; 3
    345c:	98 1e       	adc	r9, r24
    345e:	a1 1c       	adc	r10, r1
    3460:	b1 1c       	adc	r11, r1
    3462:	c1 14       	cp	r12, r1
    3464:	d1 04       	cpc	r13, r1
    3466:	e1 04       	cpc	r14, r1
    3468:	f1 04       	cpc	r15, r1
    346a:	29 f7       	brne	.-54     	; 0x3436 <delay+0x2a>
    346c:	ff 90       	pop	r15
    346e:	ef 90       	pop	r14
    3470:	df 90       	pop	r13
    3472:	cf 90       	pop	r12
    3474:	bf 90       	pop	r11
    3476:	af 90       	pop	r10
    3478:	9f 90       	pop	r9
    347a:	8f 90       	pop	r8
    347c:	08 95       	ret

0000347e <init>:
init():
C:\Users\dheer\AppData\Local\Arduino15\packages\MightyCore\hardware\avr\2.2.1\cores\MCUdude_corefiles/wiring.c:945

void init()
{
  // this needs to be called before setup() or some functions won't
  // work there
  sei();
    347e:	78 94       	sei
C:\Users\dheer\AppData\Local\Arduino15\packages\MightyCore\hardware\avr\2.2.1\cores\MCUdude_corefiles/wiring.c:966
#if defined(__AVR_ATmega64__) || defined(__AVR_ATmega128__)
  // CPU specific: different values for the ATmega64/128
  TCCR0 |= _BV(WGM01) | _BV(WGM00) | _BV(CS02);
#elif defined(TCCR0) && defined(CS01) && defined(CS00)
  // This combination is for the ATmega8535, ATmega8, ATmega16, ATmega32, ATmega8515, ATmega162
  TCCR0 |= _BV(CS01) | _BV(CS00);
    3480:	83 b7       	in	r24, 0x33	; 51
    3482:	83 60       	ori	r24, 0x03	; 3
    3484:	83 bf       	out	0x33, r24	; 51
C:\Users\dheer\AppData\Local\Arduino15\packages\MightyCore\hardware\avr\2.2.1\cores\MCUdude_corefiles/wiring.c:968
  #if defined(WGM00) && defined(WGM01) // The ATmega8 doesn't have WGM00 and WGM01
    TCCR0 |= _BV(WGM01) | _BV(WGM00);
    3486:	83 b7       	in	r24, 0x33	; 51
    3488:	88 64       	ori	r24, 0x48	; 72
    348a:	83 bf       	out	0x33, r24	; 51
C:\Users\dheer\AppData\Local\Arduino15\packages\MightyCore\hardware\avr\2.2.1\cores\MCUdude_corefiles/wiring.c:982
  #error Timer 0 prescale factor 64 not set correctly
#endif

// Enable timer 0 overflow interrupt
#if defined(TIMSK) && defined(TOIE0)
  TIMSK |= _BV(TOIE0);
    348c:	89 b7       	in	r24, 0x39	; 57
    348e:	81 60       	ori	r24, 0x01	; 1
    3490:	89 bf       	out	0x39, r24	; 57
C:\Users\dheer\AppData\Local\Arduino15\packages\MightyCore\hardware\avr\2.2.1\cores\MCUdude_corefiles/wiring.c:995
// this is better for motors as it ensures an even waveform
// note, however, that fast pwm mode can achieve a frequency of up
// 8 MHz (with a 16 MHz clock) at 50% duty cycle

#if defined(TCCR1B) && defined(CS11) && defined(CS10)
  TCCR1B = _BV(CS11); // Set timer 1 prescale factor to 64
    3492:	82 e0       	ldi	r24, 0x02	; 2
    3494:	8e bd       	out	0x2e, r24	; 46
C:\Users\dheer\AppData\Local\Arduino15\packages\MightyCore\hardware\avr\2.2.1\cores\MCUdude_corefiles/wiring.c:997
#if F_CPU >= 8000000L
  TCCR1B |= _BV(CS10);
    3496:	8e b5       	in	r24, 0x2e	; 46
    3498:	81 60       	ori	r24, 0x01	; 1
    349a:	8e bd       	out	0x2e, r24	; 46
C:\Users\dheer\AppData\Local\Arduino15\packages\MightyCore\hardware\avr\2.2.1\cores\MCUdude_corefiles/wiring.c:1006
#if F_CPU >= 8000000L
  TCCR1 |= _BV(CS10);
#endif
#endif
#if defined(TCCR1A) && defined(WGM10)
  TCCR1A |= _BV(WGM10); // Put timer 1 in 8-bit phase correct pwm mode
    349c:	8f b5       	in	r24, 0x2f	; 47
    349e:	81 60       	ori	r24, 0x01	; 1
    34a0:	8f bd       	out	0x2f, r24	; 47
C:\Users\dheer\AppData\Local\Arduino15\packages\MightyCore\hardware\avr\2.2.1\cores\MCUdude_corefiles/wiring.c:1011
#endif

// Set timer 2 prescale factor to 64
#if defined(TCCR2) && defined(CS22)
  TCCR2 |= _BV(CS22);
    34a2:	85 b5       	in	r24, 0x25	; 37
    34a4:	84 60       	ori	r24, 0x04	; 4
    34a6:	85 bd       	out	0x25, r24	; 37
C:\Users\dheer\AppData\Local\Arduino15\packages\MightyCore\hardware\avr\2.2.1\cores\MCUdude_corefiles/wiring.c:1020
  TCCR2A |= _BV(CS22);
#endif

// Configure timer 2 for phase correct pwm (8-bit)
#if defined(TCCR2) && defined(WGM20)
  TCCR2 |= _BV(WGM20);
    34a8:	85 b5       	in	r24, 0x25	; 37
    34aa:	80 64       	ori	r24, 0x40	; 64
    34ac:	85 bd       	out	0x25, r24	; 37
C:\Users\dheer\AppData\Local\Arduino15\packages\MightyCore\hardware\avr\2.2.1\cores\MCUdude_corefiles/wiring.c:1052
#if defined(ADCSRA)
  // set a2d prescaler so we are inside the desired 50-200 KHz range.
  #if F_CPU >= 16000000 // 16 MHz / 128 = 125 KHz
    ADCSRA = _BV(ADPS2) | _BV(ADPS1) | _BV(ADPS0) | _BV(ADEN);
  #elif F_CPU >= 8000000 // 8 MHz / 64 = 125 KHz
    ADCSRA = _BV(ADPS2) | _BV(ADPS1) | _BV(ADEN);
    34ae:	86 e8       	ldi	r24, 0x86	; 134
    34b0:	86 b9       	out	0x06, r24	; 6
C:\Users\dheer\AppData\Local\Arduino15\packages\MightyCore\hardware\avr\2.2.1\cores\MCUdude_corefiles/wiring.c:1068

  // The bootloader connects pins 0 and 1 to the USART; disconnect them
  // here so they can be used as normal digital i/o; they will be
  // reconnected in Serial.begin()
#if defined(UCSRB)
  UCSRB = 0;
    34b2:	1a b8       	out	0x0a, r1	; 10
C:\Users\dheer\AppData\Local\Arduino15\packages\MightyCore\hardware\avr\2.2.1\cores\MCUdude_corefiles/wiring.c:1072
#elif defined(UCSR0B)
  UCSR0B = 0;
#endif
}
    34b4:	08 95       	ret

000034b6 <turnOffPWM>:
turnOffPWM():
C:\Users\dheer\AppData\Local\Arduino15\packages\MightyCore\hardware\avr\2.2.1\cores\MCUdude_corefiles/wiring_digital.c:77
//
//static inline void turnOffPWM(uint8_t timer) __attribute__ ((always_inline));
//static inline void turnOffPWM(uint8_t timer)
static void turnOffPWM(uint8_t timer)
{
  switch (timer)
    34b6:	84 30       	cpi	r24, 0x04	; 4
    34b8:	59 f0       	breq	.+22     	; 0x34d0 <turnOffPWM+0x1a>
    34ba:	28 f4       	brcc	.+10     	; 0x34c6 <turnOffPWM+0x10>
    34bc:	81 30       	cpi	r24, 0x01	; 1
    34be:	99 f0       	breq	.+38     	; 0x34e6 <turnOffPWM+0x30>
    34c0:	82 30       	cpi	r24, 0x02	; 2
    34c2:	89 f0       	breq	.+34     	; 0x34e6 <turnOffPWM+0x30>
    34c4:	08 95       	ret
    34c6:	85 30       	cpi	r24, 0x05	; 5
    34c8:	39 f0       	breq	.+14     	; 0x34d8 <turnOffPWM+0x22>
    34ca:	87 30       	cpi	r24, 0x07	; 7
    34cc:	41 f0       	breq	.+16     	; 0x34de <turnOffPWM+0x28>
    34ce:	08 95       	ret
C:\Users\dheer\AppData\Local\Arduino15\packages\MightyCore\hardware\avr\2.2.1\cores\MCUdude_corefiles/wiring_digital.c:82
  {
    // Timer1
    #if defined(TCCR1A) && defined(COM1A1)
      case TIMER1A:
        TCCR1A &= ~_BV(COM1A1);
    34d0:	8f b5       	in	r24, 0x2f	; 47
    34d2:	8f 77       	andi	r24, 0x7F	; 127
C:\Users\dheer\AppData\Local\Arduino15\packages\MightyCore\hardware\avr\2.2.1\cores\MCUdude_corefiles/wiring_digital.c:87
        break;
    #endif
    #if defined(TCCR1A) && defined(COM1B1)
      case TIMER1B:
        TCCR1A &= ~_BV(COM1B1);
    34d4:	8f bd       	out	0x2f, r24	; 47
C:\Users\dheer\AppData\Local\Arduino15\packages\MightyCore\hardware\avr\2.2.1\cores\MCUdude_corefiles/wiring_digital.c:88
        break;
    34d6:	08 95       	ret
C:\Users\dheer\AppData\Local\Arduino15\packages\MightyCore\hardware\avr\2.2.1\cores\MCUdude_corefiles/wiring_digital.c:87
        TCCR1A &= ~_BV(COM1A1);
        break;
    #endif
    #if defined(TCCR1A) && defined(COM1B1)
      case TIMER1B:
        TCCR1A &= ~_BV(COM1B1);
    34d8:	8f b5       	in	r24, 0x2f	; 47
    34da:	8f 7d       	andi	r24, 0xDF	; 223
    34dc:	fb cf       	rjmp	.-10     	; 0x34d4 <turnOffPWM+0x1e>
C:\Users\dheer\AppData\Local\Arduino15\packages\MightyCore\hardware\avr\2.2.1\cores\MCUdude_corefiles/wiring_digital.c:99
    #endif
    
    // Timer2
    #if defined(TCCR2) && defined(COM21)
      case TIMER2:
        TCCR2 &= ~_BV(COM21);
    34de:	85 b5       	in	r24, 0x25	; 37
    34e0:	8f 7d       	andi	r24, 0xDF	; 223
    34e2:	85 bd       	out	0x25, r24	; 37
C:\Users\dheer\AppData\Local\Arduino15\packages\MightyCore\hardware\avr\2.2.1\cores\MCUdude_corefiles/wiring_digital.c:100
        break;
    34e4:	08 95       	ret
C:\Users\dheer\AppData\Local\Arduino15\packages\MightyCore\hardware\avr\2.2.1\cores\MCUdude_corefiles/wiring_digital.c:171
    #if defined(TCCR0) && defined(COM01)
      case TIMER0:
        TCCR0 &= ~_BV(COM01);
        break;
      case TIMER0A:
        TCCR0 &= ~_BV(COM01);
    34e6:	83 b7       	in	r24, 0x33	; 51
    34e8:	8f 7d       	andi	r24, 0xDF	; 223
    34ea:	83 bf       	out	0x33, r24	; 51
C:\Users\dheer\AppData\Local\Arduino15\packages\MightyCore\hardware\avr\2.2.1\cores\MCUdude_corefiles/wiring_digital.c:185
      case TIMER0B:
        TCCR0A &= ~_BV(COM0B1);
        break;
    #endif
  }
}
    34ec:	08 95       	ret

000034ee <pinMode>:
pinMode():
C:\Users\dheer\AppData\Local\Arduino15\packages\MightyCore\hardware\avr\2.2.1\cores\MCUdude_corefiles/wiring_digital.c:30
#define ARDUINO_MAIN
#include "wiring_private.h"
#include "pins_arduino.h"

void pinMode(uint8_t pin, uint8_t mode)
{
    34ee:	cf 93       	push	r28
    34f0:	df 93       	push	r29
C:\Users\dheer\AppData\Local\Arduino15\packages\MightyCore\hardware\avr\2.2.1\cores\MCUdude_corefiles/wiring_digital.c:31
  uint8_t bit = digitalPinToBitMask(pin);
    34f2:	90 e0       	ldi	r25, 0x00	; 0
    34f4:	fc 01       	movw	r30, r24
    34f6:	e1 55       	subi	r30, 0x51	; 81
    34f8:	fd 4f       	sbci	r31, 0xFD	; 253
    34fa:	24 91       	lpm	r18, Z
C:\Users\dheer\AppData\Local\Arduino15\packages\MightyCore\hardware\avr\2.2.1\cores\MCUdude_corefiles/wiring_digital.c:32
  uint8_t port = digitalPinToPort(pin);
    34fc:	81 53       	subi	r24, 0x31	; 49
    34fe:	9d 4f       	sbci	r25, 0xFD	; 253
    3500:	fc 01       	movw	r30, r24
    3502:	84 91       	lpm	r24, Z
C:\Users\dheer\AppData\Local\Arduino15\packages\MightyCore\hardware\avr\2.2.1\cores\MCUdude_corefiles/wiring_digital.c:35
  volatile uint8_t *reg, *out;

  if (port == NOT_A_PIN) return;
    3504:	88 23       	and	r24, r24
    3506:	c9 f0       	breq	.+50     	; 0x353a <pinMode+0x4c>
C:\Users\dheer\AppData\Local\Arduino15\packages\MightyCore\hardware\avr\2.2.1\cores\MCUdude_corefiles/wiring_digital.c:38

  // JWS: can I let the optimizer do this?
  reg = portModeRegister(port);
    3508:	90 e0       	ldi	r25, 0x00	; 0
    350a:	88 0f       	add	r24, r24
    350c:	99 1f       	adc	r25, r25
    350e:	fc 01       	movw	r30, r24
    3510:	ed 5f       	subi	r30, 0xFD	; 253
    3512:	fc 4f       	sbci	r31, 0xFC	; 252
    3514:	a5 91       	lpm	r26, Z+
    3516:	b4 91       	lpm	r27, Z
C:\Users\dheer\AppData\Local\Arduino15\packages\MightyCore\hardware\avr\2.2.1\cores\MCUdude_corefiles/wiring_digital.c:39
  out = portOutputRegister(port);
    3518:	fc 01       	movw	r30, r24
    351a:	e7 50       	subi	r30, 0x07	; 7
    351c:	fd 4f       	sbci	r31, 0xFD	; 253
    351e:	c5 91       	lpm	r28, Z+
    3520:	d4 91       	lpm	r29, Z
C:\Users\dheer\AppData\Local\Arduino15\packages\MightyCore\hardware\avr\2.2.1\cores\MCUdude_corefiles/wiring_digital.c:41

  if (mode == INPUT) { 
    3522:	61 11       	cpse	r22, r1
    3524:	0d c0       	rjmp	.+26     	; 0x3540 <pinMode+0x52>
C:\Users\dheer\AppData\Local\Arduino15\packages\MightyCore\hardware\avr\2.2.1\cores\MCUdude_corefiles/wiring_digital.c:42
    uint8_t oldSREG = SREG;
    3526:	9f b7       	in	r25, 0x3f	; 63
C:\Users\dheer\AppData\Local\Arduino15\packages\MightyCore\hardware\avr\2.2.1\cores\MCUdude_corefiles/wiring_digital.c:43
    cli();
    3528:	f8 94       	cli
C:\Users\dheer\AppData\Local\Arduino15\packages\MightyCore\hardware\avr\2.2.1\cores\MCUdude_corefiles/wiring_digital.c:44
    *reg &= ~bit;
    352a:	8c 91       	ld	r24, X
    352c:	20 95       	com	r18
    352e:	82 23       	and	r24, r18
    3530:	8c 93       	st	X, r24
C:\Users\dheer\AppData\Local\Arduino15\packages\MightyCore\hardware\avr\2.2.1\cores\MCUdude_corefiles/wiring_digital.c:45
    *out &= ~bit;
    3532:	88 81       	ld	r24, Y
    3534:	28 23       	and	r18, r24
C:\Users\dheer\AppData\Local\Arduino15\packages\MightyCore\hardware\avr\2.2.1\cores\MCUdude_corefiles/wiring_digital.c:51
    SREG = oldSREG;
  } else if (mode == INPUT_PULLUP) {
    uint8_t oldSREG = SREG;
    cli();
    *reg &= ~bit;
    *out |= bit;
    3536:	28 83       	st	Y, r18
C:\Users\dheer\AppData\Local\Arduino15\packages\MightyCore\hardware\avr\2.2.1\cores\MCUdude_corefiles/wiring_digital.c:52
    SREG = oldSREG;
    3538:	9f bf       	out	0x3f, r25	; 63
C:\Users\dheer\AppData\Local\Arduino15\packages\MightyCore\hardware\avr\2.2.1\cores\MCUdude_corefiles/wiring_digital.c:59
    uint8_t oldSREG = SREG;
    cli();
    *reg |= bit;
    SREG = oldSREG;
  }
}
    353a:	df 91       	pop	r29
    353c:	cf 91       	pop	r28
    353e:	08 95       	ret
C:\Users\dheer\AppData\Local\Arduino15\packages\MightyCore\hardware\avr\2.2.1\cores\MCUdude_corefiles/wiring_digital.c:47
    uint8_t oldSREG = SREG;
    cli();
    *reg &= ~bit;
    *out &= ~bit;
    SREG = oldSREG;
  } else if (mode == INPUT_PULLUP) {
    3540:	62 30       	cpi	r22, 0x02	; 2
    3542:	51 f4       	brne	.+20     	; 0x3558 <pinMode+0x6a>
C:\Users\dheer\AppData\Local\Arduino15\packages\MightyCore\hardware\avr\2.2.1\cores\MCUdude_corefiles/wiring_digital.c:48
    uint8_t oldSREG = SREG;
    3544:	9f b7       	in	r25, 0x3f	; 63
C:\Users\dheer\AppData\Local\Arduino15\packages\MightyCore\hardware\avr\2.2.1\cores\MCUdude_corefiles/wiring_digital.c:49
    cli();
    3546:	f8 94       	cli
C:\Users\dheer\AppData\Local\Arduino15\packages\MightyCore\hardware\avr\2.2.1\cores\MCUdude_corefiles/wiring_digital.c:50
    *reg &= ~bit;
    3548:	3c 91       	ld	r19, X
    354a:	82 2f       	mov	r24, r18
    354c:	80 95       	com	r24
    354e:	83 23       	and	r24, r19
    3550:	8c 93       	st	X, r24
C:\Users\dheer\AppData\Local\Arduino15\packages\MightyCore\hardware\avr\2.2.1\cores\MCUdude_corefiles/wiring_digital.c:51
    *out |= bit;
    3552:	e8 81       	ld	r30, Y
    3554:	2e 2b       	or	r18, r30
    3556:	ef cf       	rjmp	.-34     	; 0x3536 <pinMode+0x48>
C:\Users\dheer\AppData\Local\Arduino15\packages\MightyCore\hardware\avr\2.2.1\cores\MCUdude_corefiles/wiring_digital.c:54
    SREG = oldSREG;
  } else {
    uint8_t oldSREG = SREG;
    3558:	8f b7       	in	r24, 0x3f	; 63
C:\Users\dheer\AppData\Local\Arduino15\packages\MightyCore\hardware\avr\2.2.1\cores\MCUdude_corefiles/wiring_digital.c:55
    cli();
    355a:	f8 94       	cli
C:\Users\dheer\AppData\Local\Arduino15\packages\MightyCore\hardware\avr\2.2.1\cores\MCUdude_corefiles/wiring_digital.c:56
    *reg |= bit;
    355c:	ec 91       	ld	r30, X
    355e:	2e 2b       	or	r18, r30
    3560:	2c 93       	st	X, r18
C:\Users\dheer\AppData\Local\Arduino15\packages\MightyCore\hardware\avr\2.2.1\cores\MCUdude_corefiles/wiring_digital.c:57
    SREG = oldSREG;
    3562:	8f bf       	out	0x3f, r24	; 63
    3564:	ea cf       	rjmp	.-44     	; 0x353a <pinMode+0x4c>

00003566 <digitalWrite>:
digitalWrite():
C:\Users\dheer\AppData\Local\Arduino15\packages\MightyCore\hardware\avr\2.2.1\cores\MCUdude_corefiles/wiring_digital.c:188
    #endif
  }
}

void digitalWrite(uint8_t pin, uint8_t val)
{
    3566:	1f 93       	push	r17
    3568:	cf 93       	push	r28
    356a:	df 93       	push	r29
C:\Users\dheer\AppData\Local\Arduino15\packages\MightyCore\hardware\avr\2.2.1\cores\MCUdude_corefiles/wiring_digital.c:189
  uint8_t timer = digitalPinToTimer(pin);
    356c:	28 2f       	mov	r18, r24
    356e:	30 e0       	ldi	r19, 0x00	; 0
    3570:	f9 01       	movw	r30, r18
    3572:	e1 57       	subi	r30, 0x71	; 113
    3574:	fd 4f       	sbci	r31, 0xFD	; 253
    3576:	84 91       	lpm	r24, Z
C:\Users\dheer\AppData\Local\Arduino15\packages\MightyCore\hardware\avr\2.2.1\cores\MCUdude_corefiles/wiring_digital.c:190
  uint8_t bit = digitalPinToBitMask(pin);
    3578:	f9 01       	movw	r30, r18
    357a:	e1 55       	subi	r30, 0x51	; 81
    357c:	fd 4f       	sbci	r31, 0xFD	; 253
    357e:	d4 91       	lpm	r29, Z
C:\Users\dheer\AppData\Local\Arduino15\packages\MightyCore\hardware\avr\2.2.1\cores\MCUdude_corefiles/wiring_digital.c:191
  uint8_t port = digitalPinToPort(pin);
    3580:	f9 01       	movw	r30, r18
    3582:	e1 53       	subi	r30, 0x31	; 49
    3584:	fd 4f       	sbci	r31, 0xFD	; 253
    3586:	c4 91       	lpm	r28, Z
C:\Users\dheer\AppData\Local\Arduino15\packages\MightyCore\hardware\avr\2.2.1\cores\MCUdude_corefiles/wiring_digital.c:194
  volatile uint8_t *out;

  if (port == NOT_A_PIN) return;
    3588:	cc 23       	and	r28, r28
    358a:	a9 f0       	breq	.+42     	; 0x35b6 <digitalWrite+0x50>
    358c:	16 2f       	mov	r17, r22
C:\Users\dheer\AppData\Local\Arduino15\packages\MightyCore\hardware\avr\2.2.1\cores\MCUdude_corefiles/wiring_digital.c:198

  // If the pin that support PWM output, we need to turn it off
  // before doing a digital write.
  if (timer != NOT_ON_TIMER) turnOffPWM(timer);
    358e:	81 11       	cpse	r24, r1
C:\Users\dheer\AppData\Local\Arduino15\packages\MightyCore\hardware\avr\2.2.1\cores\MCUdude_corefiles/wiring_digital.c:198 (discriminator 1)
    3590:	0e 94 5b 1a 	call	0x34b6	; 0x34b6 <turnOffPWM>
C:\Users\dheer\AppData\Local\Arduino15\packages\MightyCore\hardware\avr\2.2.1\cores\MCUdude_corefiles/wiring_digital.c:200

  out = portOutputRegister(port);
    3594:	ec 2f       	mov	r30, r28
    3596:	f0 e0       	ldi	r31, 0x00	; 0
    3598:	ee 0f       	add	r30, r30
    359a:	ff 1f       	adc	r31, r31
    359c:	e7 50       	subi	r30, 0x07	; 7
    359e:	fd 4f       	sbci	r31, 0xFD	; 253
    35a0:	a5 91       	lpm	r26, Z+
    35a2:	b4 91       	lpm	r27, Z
C:\Users\dheer\AppData\Local\Arduino15\packages\MightyCore\hardware\avr\2.2.1\cores\MCUdude_corefiles/wiring_digital.c:202

  uint8_t oldSREG = SREG;
    35a4:	8f b7       	in	r24, 0x3f	; 63
C:\Users\dheer\AppData\Local\Arduino15\packages\MightyCore\hardware\avr\2.2.1\cores\MCUdude_corefiles/wiring_digital.c:203
  cli();
    35a6:	f8 94       	cli
C:\Users\dheer\AppData\Local\Arduino15\packages\MightyCore\hardware\avr\2.2.1\cores\MCUdude_corefiles/wiring_digital.c:206

  if (val == LOW) {
    *out &= ~bit;
    35a8:	ec 91       	ld	r30, X
C:\Users\dheer\AppData\Local\Arduino15\packages\MightyCore\hardware\avr\2.2.1\cores\MCUdude_corefiles/wiring_digital.c:205
  out = portOutputRegister(port);

  uint8_t oldSREG = SREG;
  cli();

  if (val == LOW) {
    35aa:	11 11       	cpse	r17, r1
    35ac:	08 c0       	rjmp	.+16     	; 0x35be <digitalWrite+0x58>
C:\Users\dheer\AppData\Local\Arduino15\packages\MightyCore\hardware\avr\2.2.1\cores\MCUdude_corefiles/wiring_digital.c:206
    *out &= ~bit;
    35ae:	d0 95       	com	r29
    35b0:	de 23       	and	r29, r30
C:\Users\dheer\AppData\Local\Arduino15\packages\MightyCore\hardware\avr\2.2.1\cores\MCUdude_corefiles/wiring_digital.c:208
  } else {
    *out |= bit;
    35b2:	dc 93       	st	X, r29
C:\Users\dheer\AppData\Local\Arduino15\packages\MightyCore\hardware\avr\2.2.1\cores\MCUdude_corefiles/wiring_digital.c:211
  }

  SREG = oldSREG;
    35b4:	8f bf       	out	0x3f, r24	; 63
C:\Users\dheer\AppData\Local\Arduino15\packages\MightyCore\hardware\avr\2.2.1\cores\MCUdude_corefiles/wiring_digital.c:212
}
    35b6:	df 91       	pop	r29
    35b8:	cf 91       	pop	r28
    35ba:	1f 91       	pop	r17
    35bc:	08 95       	ret
C:\Users\dheer\AppData\Local\Arduino15\packages\MightyCore\hardware\avr\2.2.1\cores\MCUdude_corefiles/wiring_digital.c:208
  cli();

  if (val == LOW) {
    *out &= ~bit;
  } else {
    *out |= bit;
    35be:	de 2b       	or	r29, r30
    35c0:	f8 cf       	rjmp	.-16     	; 0x35b2 <digitalWrite+0x4c>

000035c2 <digitalRead>:
digitalRead():
C:\Users\dheer\AppData\Local\Arduino15\packages\MightyCore\hardware\avr\2.2.1\cores\MCUdude_corefiles/wiring_digital.c:215

  SREG = oldSREG;
}

int digitalRead(uint8_t pin)
{
    35c2:	cf 93       	push	r28
    35c4:	df 93       	push	r29
C:\Users\dheer\AppData\Local\Arduino15\packages\MightyCore\hardware\avr\2.2.1\cores\MCUdude_corefiles/wiring_digital.c:216
  uint8_t timer = digitalPinToTimer(pin);
    35c6:	28 2f       	mov	r18, r24
    35c8:	30 e0       	ldi	r19, 0x00	; 0
    35ca:	f9 01       	movw	r30, r18
    35cc:	e1 57       	subi	r30, 0x71	; 113
    35ce:	fd 4f       	sbci	r31, 0xFD	; 253
    35d0:	84 91       	lpm	r24, Z
C:\Users\dheer\AppData\Local\Arduino15\packages\MightyCore\hardware\avr\2.2.1\cores\MCUdude_corefiles/wiring_digital.c:217
  uint8_t bit = digitalPinToBitMask(pin);
    35d2:	f9 01       	movw	r30, r18
    35d4:	e1 55       	subi	r30, 0x51	; 81
    35d6:	fd 4f       	sbci	r31, 0xFD	; 253
    35d8:	d4 91       	lpm	r29, Z
C:\Users\dheer\AppData\Local\Arduino15\packages\MightyCore\hardware\avr\2.2.1\cores\MCUdude_corefiles/wiring_digital.c:218
  uint8_t port = digitalPinToPort(pin);
    35da:	f9 01       	movw	r30, r18
    35dc:	e1 53       	subi	r30, 0x31	; 49
    35de:	fd 4f       	sbci	r31, 0xFD	; 253
    35e0:	c4 91       	lpm	r28, Z
C:\Users\dheer\AppData\Local\Arduino15\packages\MightyCore\hardware\avr\2.2.1\cores\MCUdude_corefiles/wiring_digital.c:220

  if (port == NOT_A_PIN) return LOW;
    35e2:	cc 23       	and	r28, r28
    35e4:	a1 f0       	breq	.+40     	; 0x360e <digitalRead+0x4c>
C:\Users\dheer\AppData\Local\Arduino15\packages\MightyCore\hardware\avr\2.2.1\cores\MCUdude_corefiles/wiring_digital.c:224

  // If the pin that support PWM output, we need to turn it off
  // before getting a digital reading.
  if (timer != NOT_ON_TIMER) turnOffPWM(timer);
    35e6:	81 11       	cpse	r24, r1
C:\Users\dheer\AppData\Local\Arduino15\packages\MightyCore\hardware\avr\2.2.1\cores\MCUdude_corefiles/wiring_digital.c:224 (discriminator 1)
    35e8:	0e 94 5b 1a 	call	0x34b6	; 0x34b6 <turnOffPWM>
C:\Users\dheer\AppData\Local\Arduino15\packages\MightyCore\hardware\avr\2.2.1\cores\MCUdude_corefiles/wiring_digital.c:226

  if (*portInputRegister(port) & bit) return HIGH;
    35ec:	ec 2f       	mov	r30, r28
    35ee:	f0 e0       	ldi	r31, 0x00	; 0
    35f0:	ee 0f       	add	r30, r30
    35f2:	ff 1f       	adc	r31, r31
    35f4:	e1 51       	subi	r30, 0x11	; 17
    35f6:	fd 4f       	sbci	r31, 0xFD	; 253
    35f8:	a5 91       	lpm	r26, Z+
    35fa:	b4 91       	lpm	r27, Z
    35fc:	ec 91       	ld	r30, X
    35fe:	ed 23       	and	r30, r29
    3600:	81 e0       	ldi	r24, 0x01	; 1
    3602:	90 e0       	ldi	r25, 0x00	; 0
    3604:	09 f4       	brne	.+2      	; 0x3608 <digitalRead+0x46>
    3606:	80 e0       	ldi	r24, 0x00	; 0
C:\Users\dheer\AppData\Local\Arduino15\packages\MightyCore\hardware\avr\2.2.1\cores\MCUdude_corefiles/wiring_digital.c:228
  return LOW;
}
    3608:	df 91       	pop	r29
    360a:	cf 91       	pop	r28
    360c:	08 95       	ret
C:\Users\dheer\AppData\Local\Arduino15\packages\MightyCore\hardware\avr\2.2.1\cores\MCUdude_corefiles/wiring_digital.c:220
{
  uint8_t timer = digitalPinToTimer(pin);
  uint8_t bit = digitalPinToBitMask(pin);
  uint8_t port = digitalPinToPort(pin);

  if (port == NOT_A_PIN) return LOW;
    360e:	80 e0       	ldi	r24, 0x00	; 0
    3610:	90 e0       	ldi	r25, 0x00	; 0
    3612:	fa cf       	rjmp	.-12     	; 0x3608 <digitalRead+0x46>

00003614 <HardwareSerial::available()>:
_ZN14HardwareSerial9availableEv():
C:\Users\dheer\AppData\Local\Arduino15\packages\MightyCore\hardware\avr\2.2.1\cores\MCUdude_corefiles/HardwareSerial.cpp:164
  // clear any received data
  _rx_buffer_head = _rx_buffer_tail;
}

int HardwareSerial::available(void)
{
    3614:	fc 01       	movw	r30, r24
C:\Users\dheer\AppData\Local\Arduino15\packages\MightyCore\hardware\avr\2.2.1\cores\MCUdude_corefiles/HardwareSerial.cpp:165
  return ((unsigned int)(SERIAL_RX_BUFFER_SIZE + _rx_buffer_head - _rx_buffer_tail)) % SERIAL_RX_BUFFER_SIZE;
    3616:	91 8d       	ldd	r25, Z+25	; 0x19
    3618:	22 8d       	ldd	r18, Z+26	; 0x1a
    361a:	89 2f       	mov	r24, r25
    361c:	90 e0       	ldi	r25, 0x00	; 0
    361e:	80 5c       	subi	r24, 0xC0	; 192
    3620:	9f 4f       	sbci	r25, 0xFF	; 255
    3622:	82 1b       	sub	r24, r18
    3624:	91 09       	sbc	r25, r1
C:\Users\dheer\AppData\Local\Arduino15\packages\MightyCore\hardware\avr\2.2.1\cores\MCUdude_corefiles/HardwareSerial.cpp:166
}
    3626:	8f 73       	andi	r24, 0x3F	; 63
    3628:	99 27       	eor	r25, r25
    362a:	08 95       	ret

0000362c <HardwareSerial::peek()>:
_ZN14HardwareSerial4peekEv():
C:\Users\dheer\AppData\Local\Arduino15\packages\MightyCore\hardware\avr\2.2.1\cores\MCUdude_corefiles/HardwareSerial.cpp:169

int HardwareSerial::peek(void)
{
    362c:	fc 01       	movw	r30, r24
C:\Users\dheer\AppData\Local\Arduino15\packages\MightyCore\hardware\avr\2.2.1\cores\MCUdude_corefiles/HardwareSerial.cpp:170
  if (_rx_buffer_head == _rx_buffer_tail) {
    362e:	91 8d       	ldd	r25, Z+25	; 0x19
    3630:	82 8d       	ldd	r24, Z+26	; 0x1a
    3632:	98 17       	cp	r25, r24
    3634:	31 f0       	breq	.+12     	; 0x3642 <HardwareSerial::peek()+0x16>
C:\Users\dheer\AppData\Local\Arduino15\packages\MightyCore\hardware\avr\2.2.1\cores\MCUdude_corefiles/HardwareSerial.cpp:173
    return -1;
  } else {
    return _rx_buffer[_rx_buffer_tail];
    3636:	82 8d       	ldd	r24, Z+26	; 0x1a
    3638:	e8 0f       	add	r30, r24
    363a:	f1 1d       	adc	r31, r1
    363c:	85 8d       	ldd	r24, Z+29	; 0x1d
    363e:	90 e0       	ldi	r25, 0x00	; 0
    3640:	08 95       	ret
C:\Users\dheer\AppData\Local\Arduino15\packages\MightyCore\hardware\avr\2.2.1\cores\MCUdude_corefiles/HardwareSerial.cpp:171
}

int HardwareSerial::peek(void)
{
  if (_rx_buffer_head == _rx_buffer_tail) {
    return -1;
    3642:	8f ef       	ldi	r24, 0xFF	; 255
    3644:	9f ef       	ldi	r25, 0xFF	; 255
C:\Users\dheer\AppData\Local\Arduino15\packages\MightyCore\hardware\avr\2.2.1\cores\MCUdude_corefiles/HardwareSerial.cpp:175
  } else {
    return _rx_buffer[_rx_buffer_tail];
  }
}
    3646:	08 95       	ret

00003648 <HardwareSerial::read()>:
_ZN14HardwareSerial4readEv():
C:\Users\dheer\AppData\Local\Arduino15\packages\MightyCore\hardware\avr\2.2.1\cores\MCUdude_corefiles/HardwareSerial.cpp:178

int HardwareSerial::read(void)
{
    3648:	fc 01       	movw	r30, r24
C:\Users\dheer\AppData\Local\Arduino15\packages\MightyCore\hardware\avr\2.2.1\cores\MCUdude_corefiles/HardwareSerial.cpp:180
  // if the head isn't ahead of the tail, we don't have any characters
  if (_rx_buffer_head == _rx_buffer_tail) {
    364a:	91 8d       	ldd	r25, Z+25	; 0x19
    364c:	82 8d       	ldd	r24, Z+26	; 0x1a
    364e:	98 17       	cp	r25, r24
    3650:	61 f0       	breq	.+24     	; 0x366a <HardwareSerial::read()+0x22>
C:\Users\dheer\AppData\Local\Arduino15\packages\MightyCore\hardware\avr\2.2.1\cores\MCUdude_corefiles/HardwareSerial.cpp:183
    return -1;
  } else {
    unsigned char c = _rx_buffer[_rx_buffer_tail];
    3652:	a2 8d       	ldd	r26, Z+26	; 0x1a
    3654:	ae 0f       	add	r26, r30
    3656:	bf 2f       	mov	r27, r31
    3658:	b1 1d       	adc	r27, r1
    365a:	5d 96       	adiw	r26, 0x1d	; 29
    365c:	8c 91       	ld	r24, X
C:\Users\dheer\AppData\Local\Arduino15\packages\MightyCore\hardware\avr\2.2.1\cores\MCUdude_corefiles/HardwareSerial.cpp:184
    _rx_buffer_tail = (rx_buffer_index_t)(_rx_buffer_tail + 1) % SERIAL_RX_BUFFER_SIZE;
    365e:	92 8d       	ldd	r25, Z+26	; 0x1a
    3660:	9f 5f       	subi	r25, 0xFF	; 255
    3662:	9f 73       	andi	r25, 0x3F	; 63
    3664:	92 8f       	std	Z+26, r25	; 0x1a
C:\Users\dheer\AppData\Local\Arduino15\packages\MightyCore\hardware\avr\2.2.1\cores\MCUdude_corefiles/HardwareSerial.cpp:185
    return c;
    3666:	90 e0       	ldi	r25, 0x00	; 0
    3668:	08 95       	ret
C:\Users\dheer\AppData\Local\Arduino15\packages\MightyCore\hardware\avr\2.2.1\cores\MCUdude_corefiles/HardwareSerial.cpp:181

int HardwareSerial::read(void)
{
  // if the head isn't ahead of the tail, we don't have any characters
  if (_rx_buffer_head == _rx_buffer_tail) {
    return -1;
    366a:	8f ef       	ldi	r24, 0xFF	; 255
    366c:	9f ef       	ldi	r25, 0xFF	; 255
C:\Users\dheer\AppData\Local\Arduino15\packages\MightyCore\hardware\avr\2.2.1\cores\MCUdude_corefiles/HardwareSerial.cpp:187
  } else {
    unsigned char c = _rx_buffer[_rx_buffer_tail];
    _rx_buffer_tail = (rx_buffer_index_t)(_rx_buffer_tail + 1) % SERIAL_RX_BUFFER_SIZE;
    return c;
  }
}
    366e:	08 95       	ret

00003670 <HardwareSerial::availableForWrite()>:
_ZN14HardwareSerial17availableForWriteEv():
C:\Users\dheer\AppData\Local\Arduino15\packages\MightyCore\hardware\avr\2.2.1\cores\MCUdude_corefiles/HardwareSerial.cpp:195
{
  tx_buffer_index_t head;
  tx_buffer_index_t tail;

  TX_BUFFER_ATOMIC {
    head = _tx_buffer_head;
    3670:	fc 01       	movw	r30, r24
    3672:	53 8d       	ldd	r21, Z+27	; 0x1b
C:\Users\dheer\AppData\Local\Arduino15\packages\MightyCore\hardware\avr\2.2.1\cores\MCUdude_corefiles/HardwareSerial.cpp:196
    tail = _tx_buffer_tail;
    3674:	44 8d       	ldd	r20, Z+28	; 0x1c
    3676:	25 2f       	mov	r18, r21
    3678:	30 e0       	ldi	r19, 0x00	; 0
    367a:	84 2f       	mov	r24, r20
    367c:	90 e0       	ldi	r25, 0x00	; 0
C:\Users\dheer\AppData\Local\Arduino15\packages\MightyCore\hardware\avr\2.2.1\cores\MCUdude_corefiles/HardwareSerial.cpp:198
  }
  if (head >= tail) return SERIAL_TX_BUFFER_SIZE - 1 - head + tail;
    367e:	82 1b       	sub	r24, r18
    3680:	93 0b       	sbc	r25, r19
    3682:	54 17       	cp	r21, r20
    3684:	10 f0       	brcs	.+4      	; 0x368a <HardwareSerial::availableForWrite()+0x1a>
C:\Users\dheer\AppData\Local\Arduino15\packages\MightyCore\hardware\avr\2.2.1\cores\MCUdude_corefiles/HardwareSerial.cpp:198 (discriminator 1)
    3686:	cf 96       	adiw	r24, 0x3f	; 63
    3688:	08 95       	ret
C:\Users\dheer\AppData\Local\Arduino15\packages\MightyCore\hardware\avr\2.2.1\cores\MCUdude_corefiles/HardwareSerial.cpp:199
  return tail - head - 1;
    368a:	01 97       	sbiw	r24, 0x01	; 1
C:\Users\dheer\AppData\Local\Arduino15\packages\MightyCore\hardware\avr\2.2.1\cores\MCUdude_corefiles/HardwareSerial.cpp:200
}
    368c:	08 95       	ret

0000368e <serialEventRun()>:
_Z14serialEventRunv():
C:\Users\dheer\AppData\Local\Arduino15\packages\MightyCore\hardware\avr\2.2.1\cores\MCUdude_corefiles/HardwareSerial.cpp:67
#endif

void serialEventRun(void)
{
#if defined(HAVE_HWSERIAL0)
  if (Serial0_available && serialEvent && Serial0_available()) serialEvent();
    368e:	8f e1       	ldi	r24, 0x1F	; 31
    3690:	96 e1       	ldi	r25, 0x16	; 22
    3692:	89 2b       	or	r24, r25
    3694:	49 f0       	breq	.+18     	; 0x36a8 <serialEventRun()+0x1a>
C:\Users\dheer\AppData\Local\Arduino15\packages\MightyCore\hardware\avr\2.2.1\cores\MCUdude_corefiles/HardwareSerial.cpp:67 (discriminator 1)
    3696:	80 e0       	ldi	r24, 0x00	; 0
    3698:	90 e0       	ldi	r25, 0x00	; 0
    369a:	89 2b       	or	r24, r25
    369c:	29 f0       	breq	.+10     	; 0x36a8 <serialEventRun()+0x1a>
C:\Users\dheer\AppData\Local\Arduino15\packages\MightyCore\hardware\avr\2.2.1\cores\MCUdude_corefiles/HardwareSerial.cpp:67 (discriminator 3)
    369e:	0e 94 1f 16 	call	0x2c3e	; 0x2c3e <Serial0_available()>
    36a2:	81 11       	cpse	r24, r1
C:\Users\dheer\AppData\Local\Arduino15\packages\MightyCore\hardware\avr\2.2.1\cores\MCUdude_corefiles/HardwareSerial.cpp:67
    36a4:	0c 94 00 00 	jmp	0	; 0x0 <__vectors>
C:\Users\dheer\AppData\Local\Arduino15\packages\MightyCore\hardware\avr\2.2.1\cores\MCUdude_corefiles/HardwareSerial.cpp:78
  if (Serial2_available && serialEvent2 && Serial2_available()) serialEvent2();
#endif
#if defined(HAVE_HWSERIAL3)
  if (Serial3_available && serialEvent3 && Serial3_available()) serialEvent3();
#endif
}
    36a8:	08 95       	ret

000036aa <HardwareSerial::_tx_udr_empty_irq()>:
_ZN14HardwareSerial17_tx_udr_empty_irqEv():
C:\Users\dheer\AppData\Local\Arduino15\packages\MightyCore\hardware\avr\2.2.1\cores\MCUdude_corefiles/HardwareSerial.cpp:90
#endif

// Actual interrupt handlers //////////////////////////////////////////////////////////////

void HardwareSerial::_tx_udr_empty_irq(void)
{
    36aa:	fc 01       	movw	r30, r24
C:\Users\dheer\AppData\Local\Arduino15\packages\MightyCore\hardware\avr\2.2.1\cores\MCUdude_corefiles/HardwareSerial.cpp:93
  // If interrupts are enabled, there must be more data in the output
  // buffer. Send the next byte
  unsigned char c = _tx_buffer[_tx_buffer_tail];
    36ac:	a4 8d       	ldd	r26, Z+28	; 0x1c
    36ae:	a8 0f       	add	r26, r24
    36b0:	b9 2f       	mov	r27, r25
    36b2:	b1 1d       	adc	r27, r1
    36b4:	a3 5a       	subi	r26, 0xA3	; 163
    36b6:	bf 4f       	sbci	r27, 0xFF	; 255
    36b8:	2c 91       	ld	r18, X
C:\Users\dheer\AppData\Local\Arduino15\packages\MightyCore\hardware\avr\2.2.1\cores\MCUdude_corefiles/HardwareSerial.cpp:94
  _tx_buffer_tail = (_tx_buffer_tail + 1) % SERIAL_TX_BUFFER_SIZE;
    36ba:	84 8d       	ldd	r24, Z+28	; 0x1c
    36bc:	90 e0       	ldi	r25, 0x00	; 0
    36be:	01 96       	adiw	r24, 0x01	; 1
    36c0:	8f 73       	andi	r24, 0x3F	; 63
    36c2:	99 27       	eor	r25, r25
    36c4:	84 8f       	std	Z+28, r24	; 0x1c
C:\Users\dheer\AppData\Local\Arduino15\packages\MightyCore\hardware\avr\2.2.1\cores\MCUdude_corefiles/HardwareSerial.cpp:96

  *_udr = c;
    36c6:	a6 89       	ldd	r26, Z+22	; 0x16
    36c8:	b7 89       	ldd	r27, Z+23	; 0x17
    36ca:	2c 93       	st	X, r18
C:\Users\dheer\AppData\Local\Arduino15\packages\MightyCore\hardware\avr\2.2.1\cores\MCUdude_corefiles/HardwareSerial.cpp:106
  // written to the rest.

  #ifdef MPCM0
    *_ucsra = ((*_ucsra) & ((1 << U2X0) | (1 << MPCM0))) | (1 << TXC0);
  #else
    *_ucsra = ((*_ucsra) & ((1 << U2X0) | (1 << TXC0)));
    36cc:	a0 89       	ldd	r26, Z+16	; 0x10
    36ce:	b1 89       	ldd	r27, Z+17	; 0x11
    36d0:	8c 91       	ld	r24, X
    36d2:	82 74       	andi	r24, 0x42	; 66
    36d4:	8c 93       	st	X, r24
C:\Users\dheer\AppData\Local\Arduino15\packages\MightyCore\hardware\avr\2.2.1\cores\MCUdude_corefiles/HardwareSerial.cpp:109
  #endif

  if (_tx_buffer_head == _tx_buffer_tail) {
    36d6:	93 8d       	ldd	r25, Z+27	; 0x1b
    36d8:	84 8d       	ldd	r24, Z+28	; 0x1c
    36da:	98 13       	cpse	r25, r24
    36dc:	06 c0       	rjmp	.+12     	; 0x36ea <HardwareSerial::_tx_udr_empty_irq()+0x40>
C:\Users\dheer\AppData\Local\Arduino15\packages\MightyCore\hardware\avr\2.2.1\cores\MCUdude_corefiles/HardwareSerial.cpp:111
    // Buffer empty, so disable interrupts
    *_ucsrb &= ~_BV(UDRIE0);
    36de:	02 88       	ldd	r0, Z+18	; 0x12
    36e0:	f3 89       	ldd	r31, Z+19	; 0x13
    36e2:	e0 2d       	mov	r30, r0
    36e4:	80 81       	ld	r24, Z
    36e6:	8f 7d       	andi	r24, 0xDF	; 223
    36e8:	80 83       	st	Z, r24
C:\Users\dheer\AppData\Local\Arduino15\packages\MightyCore\hardware\avr\2.2.1\cores\MCUdude_corefiles/HardwareSerial.cpp:113
  }
}
    36ea:	08 95       	ret

000036ec <HardwareSerial::flush()>:
_ZN14HardwareSerial5flushEv():
C:\Users\dheer\AppData\Local\Arduino15\packages\MightyCore\hardware\avr\2.2.1\cores\MCUdude_corefiles/HardwareSerial.cpp:203
  if (head >= tail) return SERIAL_TX_BUFFER_SIZE - 1 - head + tail;
  return tail - head - 1;
}

void HardwareSerial::flush()
{
    36ec:	cf 93       	push	r28
    36ee:	df 93       	push	r29
    36f0:	ec 01       	movw	r28, r24
C:\Users\dheer\AppData\Local\Arduino15\packages\MightyCore\hardware\avr\2.2.1\cores\MCUdude_corefiles/HardwareSerial.cpp:207
  // If we have never written a byte, no need to flush. This special
  // case is needed since there is no way to force the TXC (transmit
  // complete) bit to 1 during initialization
  if (!_written)
    36f2:	88 8d       	ldd	r24, Y+24	; 0x18
    36f4:	88 23       	and	r24, r24
    36f6:	b9 f0       	breq	.+46     	; 0x3726 <HardwareSerial::flush()+0x3a>
C:\Users\dheer\AppData\Local\Arduino15\packages\MightyCore\hardware\avr\2.2.1\cores\MCUdude_corefiles/HardwareSerial.cpp:210
    return;

  while (bit_is_set(*_ucsrb, UDRIE0) || bit_is_clear(*_ucsra, TXC0)) {
    36f8:	aa 89       	ldd	r26, Y+18	; 0x12
    36fa:	bb 89       	ldd	r27, Y+19	; 0x13
    36fc:	e8 89       	ldd	r30, Y+16	; 0x10
    36fe:	f9 89       	ldd	r31, Y+17	; 0x11
    3700:	8c 91       	ld	r24, X
    3702:	85 fd       	sbrc	r24, 5
    3704:	03 c0       	rjmp	.+6      	; 0x370c <HardwareSerial::flush()+0x20>
    3706:	80 81       	ld	r24, Z
    3708:	86 fd       	sbrc	r24, 6
    370a:	0d c0       	rjmp	.+26     	; 0x3726 <HardwareSerial::flush()+0x3a>
C:\Users\dheer\AppData\Local\Arduino15\packages\MightyCore\hardware\avr\2.2.1\cores\MCUdude_corefiles/HardwareSerial.cpp:211
    if (bit_is_clear(SREG, SREG_I) && bit_is_set(*_ucsrb, UDRIE0))
    370c:	0f b6       	in	r0, 0x3f	; 63
    370e:	07 fc       	sbrc	r0, 7
    3710:	f7 cf       	rjmp	.-18     	; 0x3700 <HardwareSerial::flush()+0x14>
    3712:	8c 91       	ld	r24, X
    3714:	85 ff       	sbrs	r24, 5
    3716:	f2 cf       	rjmp	.-28     	; 0x36fc <HardwareSerial::flush()+0x10>
C:\Users\dheer\AppData\Local\Arduino15\packages\MightyCore\hardware\avr\2.2.1\cores\MCUdude_corefiles/HardwareSerial.cpp:215
      // Interrupts are globally disabled, but the DR empty
      // interrupt should be enabled, so poll the DR empty flag to
      // prevent deadlock
      if (bit_is_set(*_ucsra, UDRE0))
    3718:	80 81       	ld	r24, Z
    371a:	85 ff       	sbrs	r24, 5
    371c:	ed cf       	rjmp	.-38     	; 0x36f8 <HardwareSerial::flush()+0xc>
C:\Users\dheer\AppData\Local\Arduino15\packages\MightyCore\hardware\avr\2.2.1\cores\MCUdude_corefiles/HardwareSerial.cpp:216
        _tx_udr_empty_irq();
    371e:	ce 01       	movw	r24, r28
    3720:	0e 94 55 1b 	call	0x36aa	; 0x36aa <HardwareSerial::_tx_udr_empty_irq()>
    3724:	e9 cf       	rjmp	.-46     	; 0x36f8 <HardwareSerial::flush()+0xc>
C:\Users\dheer\AppData\Local\Arduino15\packages\MightyCore\hardware\avr\2.2.1\cores\MCUdude_corefiles/HardwareSerial.cpp:220
  }
  // If we get here, nothing is queued anymore (DRIE is disabled) and
  // the hardware finished tranmission (TXC is set).
}
    3726:	df 91       	pop	r29
    3728:	cf 91       	pop	r28
    372a:	08 95       	ret

0000372c <HardwareSerial::write(unsigned char)>:
_ZN14HardwareSerial5writeEh():
C:\Users\dheer\AppData\Local\Arduino15\packages\MightyCore\hardware\avr\2.2.1\cores\MCUdude_corefiles/HardwareSerial.cpp:223

size_t HardwareSerial::write(uint8_t c)
{
    372c:	ef 92       	push	r14
    372e:	ff 92       	push	r15
    3730:	0f 93       	push	r16
    3732:	1f 93       	push	r17
    3734:	cf 93       	push	r28
    3736:	df 93       	push	r29
    3738:	ec 01       	movw	r28, r24
C:\Users\dheer\AppData\Local\Arduino15\packages\MightyCore\hardware\avr\2.2.1\cores\MCUdude_corefiles/HardwareSerial.cpp:224
  _written = true;
    373a:	81 e0       	ldi	r24, 0x01	; 1
    373c:	88 8f       	std	Y+24, r24	; 0x18
C:\Users\dheer\AppData\Local\Arduino15\packages\MightyCore\hardware\avr\2.2.1\cores\MCUdude_corefiles/HardwareSerial.cpp:229
  // If the buffer and the data register is empty, just write the byte
  // to the data register and be done. This shortcut helps
  // significantly improve the effective datarate at high (>
  // 500kbit/s) bitrates, where interrupt overhead becomes a slowdown.
  if (_tx_buffer_head == _tx_buffer_tail && bit_is_set(*_ucsra, UDRE0)) {
    373e:	9b 8d       	ldd	r25, Y+27	; 0x1b
    3740:	8c 8d       	ldd	r24, Y+28	; 0x1c
    3742:	98 13       	cpse	r25, r24
    3744:	19 c0       	rjmp	.+50     	; 0x3778 <HardwareSerial::write(unsigned char)+0x4c>
C:\Users\dheer\AppData\Local\Arduino15\packages\MightyCore\hardware\avr\2.2.1\cores\MCUdude_corefiles/HardwareSerial.cpp:229 (discriminator 1)
    3746:	e8 89       	ldd	r30, Y+16	; 0x10
    3748:	f9 89       	ldd	r31, Y+17	; 0x11
    374a:	80 81       	ld	r24, Z
    374c:	85 ff       	sbrs	r24, 5
    374e:	14 c0       	rjmp	.+40     	; 0x3778 <HardwareSerial::write(unsigned char)+0x4c>
C:\Users\dheer\AppData\Local\Arduino15\packages\MightyCore\hardware\avr\2.2.1\cores\MCUdude_corefiles/HardwareSerial.cpp:238
    // So writing UDR must happen first.
    // Writing UDR and clearing TC must be done atomically, otherwise
    // interrupts might delay the TXC clear so the byte written to UDR
    // is transmitted (setting TXC) before clearing TXC. Then TXC will
    // be cleared when no bytes are left, causing flush() to hang
    ATOMIC_BLOCK(ATOMIC_RESTORESTATE) {
    3750:	9f b7       	in	r25, 0x3f	; 63
__iCliRetVal():
c:\users\dheer\appdata\local\arduino15\packages\arduino\tools\avr-gcc\7.3.0-atmel3.6.1-arduino7\avr\include\util/atomic.h:50
    return 1;
}

static __inline__ uint8_t __iCliRetVal(void)
{
    cli();
    3752:	f8 94       	cli
_ZN14HardwareSerial5writeEh():
C:\Users\dheer\AppData\Local\Arduino15\packages\MightyCore\hardware\avr\2.2.1\cores\MCUdude_corefiles/HardwareSerial.cpp:239
      *_udr = c;
    3754:	ee 89       	ldd	r30, Y+22	; 0x16
    3756:	ff 89       	ldd	r31, Y+23	; 0x17
    3758:	60 83       	st	Z, r22
C:\Users\dheer\AppData\Local\Arduino15\packages\MightyCore\hardware\avr\2.2.1\cores\MCUdude_corefiles/HardwareSerial.cpp:243
      #ifdef MPCM0
        *_ucsra = ((*_ucsra) & ((1 << U2X0) | (1 << MPCM0))) | (1 << TXC0);
      #else
        *_ucsra = ((*_ucsra) & ((1 << U2X0) | (1 << TXC0)));
    375a:	e8 89       	ldd	r30, Y+16	; 0x10
    375c:	f9 89       	ldd	r31, Y+17	; 0x11
    375e:	80 81       	ld	r24, Z
    3760:	82 74       	andi	r24, 0x42	; 66
C:\Users\dheer\AppData\Local\Arduino15\packages\MightyCore\hardware\avr\2.2.1\cores\MCUdude_corefiles/HardwareSerial.cpp:271
  // make atomic to prevent execution of ISR between setting the
  // head pointer and setting the interrupt flag resulting in buffer
  // retransmission
  ATOMIC_BLOCK(ATOMIC_RESTORESTATE) {
    _tx_buffer_head = i;
    *_ucsrb |= _BV(UDRIE0);
    3762:	80 83       	st	Z, r24
__iRestore():
c:\users\dheer\appdata\local\arduino15\packages\arduino\tools\avr-gcc\7.3.0-atmel3.6.1-arduino7\avr\include\util/atomic.h:70
    (void)__s;
}

static __inline__ void __iRestore(const  uint8_t *__s)
{
    SREG = *__s;
    3764:	9f bf       	out	0x3f, r25	; 63
_ZN14HardwareSerial5writeEh():
C:\Users\dheer\AppData\Local\Arduino15\packages\MightyCore\hardware\avr\2.2.1\cores\MCUdude_corefiles/HardwareSerial.cpp:275
  }
  
  return 1;
}
    3766:	81 e0       	ldi	r24, 0x01	; 1
    3768:	90 e0       	ldi	r25, 0x00	; 0
    376a:	df 91       	pop	r29
    376c:	cf 91       	pop	r28
    376e:	1f 91       	pop	r17
    3770:	0f 91       	pop	r16
    3772:	ff 90       	pop	r15
    3774:	ef 90       	pop	r14
    3776:	08 95       	ret
    3778:	f6 2e       	mov	r15, r22
C:\Users\dheer\AppData\Local\Arduino15\packages\MightyCore\hardware\avr\2.2.1\cores\MCUdude_corefiles/HardwareSerial.cpp:248
        *_ucsra = ((*_ucsra) & ((1 << U2X0) | (1 << TXC0)));
      #endif
    }
    return 1;
  }
  tx_buffer_index_t i = (_tx_buffer_head + 1) % SERIAL_TX_BUFFER_SIZE;
    377a:	0b 8d       	ldd	r16, Y+27	; 0x1b
    377c:	10 e0       	ldi	r17, 0x00	; 0
    377e:	0f 5f       	subi	r16, 0xFF	; 255
    3780:	1f 4f       	sbci	r17, 0xFF	; 255
    3782:	0f 73       	andi	r16, 0x3F	; 63
    3784:	11 27       	eor	r17, r17
    3786:	e0 2e       	mov	r14, r16
C:\Users\dheer\AppData\Local\Arduino15\packages\MightyCore\hardware\avr\2.2.1\cores\MCUdude_corefiles/HardwareSerial.cpp:252

  // If the output buffer is full, there's nothing for it other than to 
  // wait for the interrupt handler to empty it a bit
  while (i == _tx_buffer_tail) {
    3788:	8c 8d       	ldd	r24, Y+28	; 0x1c
    378a:	8e 11       	cpse	r24, r14
    378c:	0c c0       	rjmp	.+24     	; 0x37a6 <HardwareSerial::write(unsigned char)+0x7a>
C:\Users\dheer\AppData\Local\Arduino15\packages\MightyCore\hardware\avr\2.2.1\cores\MCUdude_corefiles/HardwareSerial.cpp:253
    if (bit_is_clear(SREG, SREG_I)) {
    378e:	0f b6       	in	r0, 0x3f	; 63
    3790:	07 fc       	sbrc	r0, 7
    3792:	fa cf       	rjmp	.-12     	; 0x3788 <HardwareSerial::write(unsigned char)+0x5c>
C:\Users\dheer\AppData\Local\Arduino15\packages\MightyCore\hardware\avr\2.2.1\cores\MCUdude_corefiles/HardwareSerial.cpp:258
      // Interrupts are disabled, so we'll have to poll the data
      // register empty flag ourselves. If it is set, pretend an
      // interrupt has happened and call the handler to free up
      // space for us.
      if(bit_is_set(*_ucsra, UDRE0))
    3794:	e8 89       	ldd	r30, Y+16	; 0x10
    3796:	f9 89       	ldd	r31, Y+17	; 0x11
    3798:	80 81       	ld	r24, Z
    379a:	85 ff       	sbrs	r24, 5
    379c:	f5 cf       	rjmp	.-22     	; 0x3788 <HardwareSerial::write(unsigned char)+0x5c>
C:\Users\dheer\AppData\Local\Arduino15\packages\MightyCore\hardware\avr\2.2.1\cores\MCUdude_corefiles/HardwareSerial.cpp:259
        _tx_udr_empty_irq();
    379e:	ce 01       	movw	r24, r28
    37a0:	0e 94 55 1b 	call	0x36aa	; 0x36aa <HardwareSerial::_tx_udr_empty_irq()>
    37a4:	f1 cf       	rjmp	.-30     	; 0x3788 <HardwareSerial::write(unsigned char)+0x5c>
C:\Users\dheer\AppData\Local\Arduino15\packages\MightyCore\hardware\avr\2.2.1\cores\MCUdude_corefiles/HardwareSerial.cpp:265
    } else {
      // nop, the interrupt handler will free up space for us
    }
  }

  _tx_buffer[_tx_buffer_head] = c;
    37a6:	eb 8d       	ldd	r30, Y+27	; 0x1b
    37a8:	ec 0f       	add	r30, r28
    37aa:	fd 2f       	mov	r31, r29
    37ac:	f1 1d       	adc	r31, r1
    37ae:	e3 5a       	subi	r30, 0xA3	; 163
    37b0:	ff 4f       	sbci	r31, 0xFF	; 255
    37b2:	f0 82       	st	Z, r15
C:\Users\dheer\AppData\Local\Arduino15\packages\MightyCore\hardware\avr\2.2.1\cores\MCUdude_corefiles/HardwareSerial.cpp:269
  // make atomic to prevent execution of ISR between setting the
  // head pointer and setting the interrupt flag resulting in buffer
  // retransmission
  ATOMIC_BLOCK(ATOMIC_RESTORESTATE) {
    37b4:	9f b7       	in	r25, 0x3f	; 63
__iCliRetVal():
c:\users\dheer\appdata\local\arduino15\packages\arduino\tools\avr-gcc\7.3.0-atmel3.6.1-arduino7\avr\include\util/atomic.h:50
    return 1;
}

static __inline__ uint8_t __iCliRetVal(void)
{
    cli();
    37b6:	f8 94       	cli
_ZN14HardwareSerial5writeEh():
C:\Users\dheer\AppData\Local\Arduino15\packages\MightyCore\hardware\avr\2.2.1\cores\MCUdude_corefiles/HardwareSerial.cpp:270
    _tx_buffer_head = i;
    37b8:	0b 8f       	std	Y+27, r16	; 0x1b
C:\Users\dheer\AppData\Local\Arduino15\packages\MightyCore\hardware\avr\2.2.1\cores\MCUdude_corefiles/HardwareSerial.cpp:271
    *_ucsrb |= _BV(UDRIE0);
    37ba:	ea 89       	ldd	r30, Y+18	; 0x12
    37bc:	fb 89       	ldd	r31, Y+19	; 0x13
    37be:	80 81       	ld	r24, Z
    37c0:	80 62       	ori	r24, 0x20	; 32
    37c2:	cf cf       	rjmp	.-98     	; 0x3762 <HardwareSerial::write(unsigned char)+0x36>

000037c4 <yield>:
__empty():
C:\Users\dheer\AppData\Local\Arduino15\packages\MightyCore\hardware\avr\2.2.1\cores\MCUdude_corefiles/hooks.c:30
 * Its defined as a weak symbol and it can be redefined to implement a
 * real cooperative scheduler.
 */
static void __empty() {
  // Empty
}
    37c4:	08 95       	ret

000037c6 <__subsf3>:
__subsf3():
    37c6:	50 58       	subi	r21, 0x80	; 128

000037c8 <__addsf3>:
    37c8:	bb 27       	eor	r27, r27
    37ca:	aa 27       	eor	r26, r26
    37cc:	0e 94 fb 1b 	call	0x37f6	; 0x37f6 <__addsf3x>
    37d0:	0c 94 0e 1e 	jmp	0x3c1c	; 0x3c1c <__fp_round>
__addsf3():
    37d4:	0e 94 00 1e 	call	0x3c00	; 0x3c00 <__fp_pscA>
    37d8:	38 f0       	brcs	.+14     	; 0x37e8 <__addsf3+0x20>
    37da:	0e 94 07 1e 	call	0x3c0e	; 0x3c0e <__fp_pscB>
    37de:	20 f0       	brcs	.+8      	; 0x37e8 <__addsf3+0x20>
    37e0:	39 f4       	brne	.+14     	; 0x37f0 <__addsf3+0x28>
    37e2:	9f 3f       	cpi	r25, 0xFF	; 255
    37e4:	19 f4       	brne	.+6      	; 0x37ec <__addsf3+0x24>
    37e6:	26 f4       	brtc	.+8      	; 0x37f0 <__addsf3+0x28>
    37e8:	0c 94 d6 1d 	jmp	0x3bac	; 0x3bac <__fp_nan>
    37ec:	0e f4       	brtc	.+2      	; 0x37f0 <__addsf3+0x28>
    37ee:	e0 95       	com	r30
    37f0:	e7 fb       	bst	r30, 7
    37f2:	0c 94 d0 1d 	jmp	0x3ba0	; 0x3ba0 <__fp_inf>

000037f6 <__addsf3x>:
__addsf3x():
    37f6:	e9 2f       	mov	r30, r25
    37f8:	0e 94 1f 1e 	call	0x3c3e	; 0x3c3e <__fp_split3>
    37fc:	58 f3       	brcs	.-42     	; 0x37d4 <__addsf3+0xc>
    37fe:	ba 17       	cp	r27, r26
    3800:	62 07       	cpc	r22, r18
    3802:	73 07       	cpc	r23, r19
    3804:	84 07       	cpc	r24, r20
    3806:	95 07       	cpc	r25, r21
    3808:	20 f0       	brcs	.+8      	; 0x3812 <__addsf3x+0x1c>
    380a:	79 f4       	brne	.+30     	; 0x382a <__addsf3x+0x34>
    380c:	a6 f5       	brtc	.+104    	; 0x3876 <__addsf3x+0x80>
    380e:	0c 94 41 1e 	jmp	0x3c82	; 0x3c82 <__fp_zero>
    3812:	0e f4       	brtc	.+2      	; 0x3816 <__addsf3x+0x20>
    3814:	e0 95       	com	r30
    3816:	0b 2e       	mov	r0, r27
    3818:	ba 2f       	mov	r27, r26
    381a:	a0 2d       	mov	r26, r0
    381c:	0b 01       	movw	r0, r22
    381e:	b9 01       	movw	r22, r18
    3820:	90 01       	movw	r18, r0
    3822:	0c 01       	movw	r0, r24
    3824:	ca 01       	movw	r24, r20
    3826:	a0 01       	movw	r20, r0
    3828:	11 24       	eor	r1, r1
    382a:	ff 27       	eor	r31, r31
    382c:	59 1b       	sub	r21, r25
    382e:	99 f0       	breq	.+38     	; 0x3856 <__addsf3x+0x60>
    3830:	59 3f       	cpi	r21, 0xF9	; 249
    3832:	50 f4       	brcc	.+20     	; 0x3848 <__addsf3x+0x52>
    3834:	50 3e       	cpi	r21, 0xE0	; 224
    3836:	68 f1       	brcs	.+90     	; 0x3892 <__addsf3x+0x9c>
    3838:	1a 16       	cp	r1, r26
    383a:	f0 40       	sbci	r31, 0x00	; 0
    383c:	a2 2f       	mov	r26, r18
    383e:	23 2f       	mov	r18, r19
    3840:	34 2f       	mov	r19, r20
    3842:	44 27       	eor	r20, r20
    3844:	58 5f       	subi	r21, 0xF8	; 248
    3846:	f3 cf       	rjmp	.-26     	; 0x382e <__addsf3x+0x38>
    3848:	46 95       	lsr	r20
    384a:	37 95       	ror	r19
    384c:	27 95       	ror	r18
    384e:	a7 95       	ror	r26
    3850:	f0 40       	sbci	r31, 0x00	; 0
    3852:	53 95       	inc	r21
    3854:	c9 f7       	brne	.-14     	; 0x3848 <__addsf3x+0x52>
    3856:	7e f4       	brtc	.+30     	; 0x3876 <__addsf3x+0x80>
    3858:	1f 16       	cp	r1, r31
    385a:	ba 0b       	sbc	r27, r26
    385c:	62 0b       	sbc	r22, r18
    385e:	73 0b       	sbc	r23, r19
    3860:	84 0b       	sbc	r24, r20
    3862:	ba f0       	brmi	.+46     	; 0x3892 <__addsf3x+0x9c>
    3864:	91 50       	subi	r25, 0x01	; 1
    3866:	a1 f0       	breq	.+40     	; 0x3890 <__addsf3x+0x9a>
    3868:	ff 0f       	add	r31, r31
    386a:	bb 1f       	adc	r27, r27
    386c:	66 1f       	adc	r22, r22
    386e:	77 1f       	adc	r23, r23
    3870:	88 1f       	adc	r24, r24
    3872:	c2 f7       	brpl	.-16     	; 0x3864 <__addsf3x+0x6e>
    3874:	0e c0       	rjmp	.+28     	; 0x3892 <__addsf3x+0x9c>
    3876:	ba 0f       	add	r27, r26
    3878:	62 1f       	adc	r22, r18
    387a:	73 1f       	adc	r23, r19
    387c:	84 1f       	adc	r24, r20
    387e:	48 f4       	brcc	.+18     	; 0x3892 <__addsf3x+0x9c>
    3880:	87 95       	ror	r24
    3882:	77 95       	ror	r23
    3884:	67 95       	ror	r22
    3886:	b7 95       	ror	r27
    3888:	f7 95       	ror	r31
    388a:	9e 3f       	cpi	r25, 0xFE	; 254
    388c:	08 f0       	brcs	.+2      	; 0x3890 <__addsf3x+0x9a>
    388e:	b0 cf       	rjmp	.-160    	; 0x37f0 <__addsf3+0x28>
    3890:	93 95       	inc	r25
    3892:	88 0f       	add	r24, r24
    3894:	08 f0       	brcs	.+2      	; 0x3898 <__addsf3x+0xa2>
    3896:	99 27       	eor	r25, r25
    3898:	ee 0f       	add	r30, r30
    389a:	97 95       	ror	r25
    389c:	87 95       	ror	r24
    389e:	08 95       	ret
    38a0:	0e 94 00 1e 	call	0x3c00	; 0x3c00 <__fp_pscA>
    38a4:	60 f0       	brcs	.+24     	; 0x38be <__addsf3x+0xc8>
    38a6:	80 e8       	ldi	r24, 0x80	; 128
    38a8:	91 e0       	ldi	r25, 0x01	; 1
    38aa:	09 f4       	brne	.+2      	; 0x38ae <__addsf3x+0xb8>
    38ac:	9e ef       	ldi	r25, 0xFE	; 254
    38ae:	0e 94 07 1e 	call	0x3c0e	; 0x3c0e <__fp_pscB>
    38b2:	28 f0       	brcs	.+10     	; 0x38be <__addsf3x+0xc8>
    38b4:	40 e8       	ldi	r20, 0x80	; 128
    38b6:	51 e0       	ldi	r21, 0x01	; 1
    38b8:	71 f4       	brne	.+28     	; 0x38d6 <atan2+0x10>
    38ba:	5e ef       	ldi	r21, 0xFE	; 254
    38bc:	0c c0       	rjmp	.+24     	; 0x38d6 <atan2+0x10>
    38be:	0c 94 d6 1d 	jmp	0x3bac	; 0x3bac <__fp_nan>
    38c2:	0c 94 41 1e 	jmp	0x3c82	; 0x3c82 <__fp_zero>

000038c6 <atan2>:
atan2():
    38c6:	e9 2f       	mov	r30, r25
    38c8:	e0 78       	andi	r30, 0x80	; 128
    38ca:	0e 94 1f 1e 	call	0x3c3e	; 0x3c3e <__fp_split3>
    38ce:	40 f3       	brcs	.-48     	; 0x38a0 <__addsf3x+0xaa>
    38d0:	09 2e       	mov	r0, r25
    38d2:	05 2a       	or	r0, r21
    38d4:	b1 f3       	breq	.-20     	; 0x38c2 <__addsf3x+0xcc>
    38d6:	26 17       	cp	r18, r22
    38d8:	37 07       	cpc	r19, r23
    38da:	48 07       	cpc	r20, r24
    38dc:	59 07       	cpc	r21, r25
    38de:	38 f0       	brcs	.+14     	; 0x38ee <atan2+0x28>
    38e0:	0e 2e       	mov	r0, r30
    38e2:	07 f8       	bld	r0, 7
    38e4:	e0 25       	eor	r30, r0
    38e6:	69 f0       	breq	.+26     	; 0x3902 <atan2+0x3c>
    38e8:	e0 25       	eor	r30, r0
    38ea:	e0 64       	ori	r30, 0x40	; 64
    38ec:	0a c0       	rjmp	.+20     	; 0x3902 <atan2+0x3c>
    38ee:	ef 63       	ori	r30, 0x3F	; 63
    38f0:	07 f8       	bld	r0, 7
    38f2:	00 94       	com	r0
    38f4:	07 fa       	bst	r0, 7
    38f6:	db 01       	movw	r26, r22
    38f8:	b9 01       	movw	r22, r18
    38fa:	9d 01       	movw	r18, r26
    38fc:	dc 01       	movw	r26, r24
    38fe:	ca 01       	movw	r24, r20
    3900:	ad 01       	movw	r20, r26
    3902:	ef 93       	push	r30
    3904:	0e 94 de 1c 	call	0x39bc	; 0x39bc <__divsf3_pse>
    3908:	0e 94 0e 1e 	call	0x3c1c	; 0x3c1c <__fp_round>
    390c:	0e 94 93 1c 	call	0x3926	; 0x3926 <atan>
    3910:	5f 91       	pop	r21
    3912:	55 23       	and	r21, r21
    3914:	39 f0       	breq	.+14     	; 0x3924 <atan2+0x5e>
    3916:	2b ed       	ldi	r18, 0xDB	; 219
    3918:	3f e0       	ldi	r19, 0x0F	; 15
    391a:	49 e4       	ldi	r20, 0x49	; 73
    391c:	50 fd       	sbrc	r21, 0
    391e:	49 ec       	ldi	r20, 0xC9	; 201
    3920:	0c 94 e4 1b 	jmp	0x37c8	; 0x37c8 <__addsf3>
    3924:	08 95       	ret

00003926 <atan>:
    3926:	df 93       	push	r29
    3928:	dd 27       	eor	r29, r29
    392a:	b9 2f       	mov	r27, r25
    392c:	bf 77       	andi	r27, 0x7F	; 127
    392e:	40 e8       	ldi	r20, 0x80	; 128
    3930:	5f e3       	ldi	r21, 0x3F	; 63
    3932:	16 16       	cp	r1, r22
    3934:	17 06       	cpc	r1, r23
    3936:	48 07       	cpc	r20, r24
    3938:	5b 07       	cpc	r21, r27
    393a:	18 f4       	brcc	.+6      	; 0x3942 <atan+0x1c>
    393c:	d9 2f       	mov	r29, r25
    393e:	0e 94 4d 1e 	call	0x3c9a	; 0x3c9a <inverse>
    3942:	9f 93       	push	r25
    3944:	8f 93       	push	r24
    3946:	7f 93       	push	r23
    3948:	6f 93       	push	r22
    394a:	0e 94 c2 1e 	call	0x3d84	; 0x3d84 <square>
atan():
    394e:	e4 e5       	ldi	r30, 0x54	; 84
    3950:	f0 e0       	ldi	r31, 0x00	; 0
    3952:	0e 94 d9 1d 	call	0x3bb2	; 0x3bb2 <__fp_powser>
    3956:	0e 94 0e 1e 	call	0x3c1c	; 0x3c1c <__fp_round>
    395a:	2f 91       	pop	r18
    395c:	3f 91       	pop	r19
    395e:	4f 91       	pop	r20
    3960:	5f 91       	pop	r21
    3962:	0e 94 68 1e 	call	0x3cd0	; 0x3cd0 <__mulsf3x>
    3966:	dd 23       	and	r29, r29
    3968:	51 f0       	breq	.+20     	; 0x397e <atan+0x58>
    396a:	90 58       	subi	r25, 0x80	; 128
    396c:	a2 ea       	ldi	r26, 0xA2	; 162
    396e:	2a ed       	ldi	r18, 0xDA	; 218
    3970:	3f e0       	ldi	r19, 0x0F	; 15
    3972:	49 ec       	ldi	r20, 0xC9	; 201
    3974:	5f e3       	ldi	r21, 0x3F	; 63
    3976:	d0 78       	andi	r29, 0x80	; 128
    3978:	5d 27       	eor	r21, r29
    397a:	0e 94 fb 1b 	call	0x37f6	; 0x37f6 <__addsf3x>
    397e:	df 91       	pop	r29
    3980:	0c 94 0e 1e 	jmp	0x3c1c	; 0x3c1c <__fp_round>

00003984 <__cmpsf2>:
__cmpsf2():
    3984:	0e 94 ac 1d 	call	0x3b58	; 0x3b58 <__fp_cmp>
    3988:	08 f4       	brcc	.+2      	; 0x398c <__cmpsf2+0x8>
    398a:	81 e0       	ldi	r24, 0x01	; 1
    398c:	08 95       	ret

0000398e <__divsf3>:
__divsf3():
    398e:	0e 94 db 1c 	call	0x39b6	; 0x39b6 <__divsf3x>
    3992:	0c 94 0e 1e 	jmp	0x3c1c	; 0x3c1c <__fp_round>
    3996:	0e 94 07 1e 	call	0x3c0e	; 0x3c0e <__fp_pscB>
    399a:	58 f0       	brcs	.+22     	; 0x39b2 <__divsf3+0x24>
    399c:	0e 94 00 1e 	call	0x3c00	; 0x3c00 <__fp_pscA>
    39a0:	40 f0       	brcs	.+16     	; 0x39b2 <__divsf3+0x24>
    39a2:	29 f4       	brne	.+10     	; 0x39ae <__divsf3+0x20>
    39a4:	5f 3f       	cpi	r21, 0xFF	; 255
    39a6:	29 f0       	breq	.+10     	; 0x39b2 <__divsf3+0x24>
    39a8:	0c 94 d0 1d 	jmp	0x3ba0	; 0x3ba0 <__fp_inf>
    39ac:	51 11       	cpse	r21, r1
    39ae:	0c 94 42 1e 	jmp	0x3c84	; 0x3c84 <__fp_szero>
    39b2:	0c 94 d6 1d 	jmp	0x3bac	; 0x3bac <__fp_nan>

000039b6 <__divsf3x>:
__divsf3x():
    39b6:	0e 94 1f 1e 	call	0x3c3e	; 0x3c3e <__fp_split3>
    39ba:	68 f3       	brcs	.-38     	; 0x3996 <__divsf3+0x8>

000039bc <__divsf3_pse>:
    39bc:	99 23       	and	r25, r25
    39be:	b1 f3       	breq	.-20     	; 0x39ac <__divsf3+0x1e>
    39c0:	55 23       	and	r21, r21
    39c2:	91 f3       	breq	.-28     	; 0x39a8 <__divsf3+0x1a>
    39c4:	95 1b       	sub	r25, r21
    39c6:	55 0b       	sbc	r21, r21
    39c8:	bb 27       	eor	r27, r27
    39ca:	aa 27       	eor	r26, r26
    39cc:	62 17       	cp	r22, r18
    39ce:	73 07       	cpc	r23, r19
    39d0:	84 07       	cpc	r24, r20
    39d2:	38 f0       	brcs	.+14     	; 0x39e2 <__divsf3_pse+0x26>
    39d4:	9f 5f       	subi	r25, 0xFF	; 255
    39d6:	5f 4f       	sbci	r21, 0xFF	; 255
    39d8:	22 0f       	add	r18, r18
    39da:	33 1f       	adc	r19, r19
    39dc:	44 1f       	adc	r20, r20
    39de:	aa 1f       	adc	r26, r26
    39e0:	a9 f3       	breq	.-22     	; 0x39cc <__divsf3_pse+0x10>
    39e2:	35 d0       	rcall	.+106    	; 0x3a4e <__divsf3_pse+0x92>
    39e4:	0e 2e       	mov	r0, r30
    39e6:	3a f0       	brmi	.+14     	; 0x39f6 <__divsf3_pse+0x3a>
    39e8:	e0 e8       	ldi	r30, 0x80	; 128
    39ea:	32 d0       	rcall	.+100    	; 0x3a50 <__divsf3_pse+0x94>
    39ec:	91 50       	subi	r25, 0x01	; 1
    39ee:	50 40       	sbci	r21, 0x00	; 0
    39f0:	e6 95       	lsr	r30
    39f2:	00 1c       	adc	r0, r0
    39f4:	ca f7       	brpl	.-14     	; 0x39e8 <__divsf3_pse+0x2c>
    39f6:	2b d0       	rcall	.+86     	; 0x3a4e <__divsf3_pse+0x92>
    39f8:	fe 2f       	mov	r31, r30
    39fa:	29 d0       	rcall	.+82     	; 0x3a4e <__divsf3_pse+0x92>
    39fc:	66 0f       	add	r22, r22
    39fe:	77 1f       	adc	r23, r23
    3a00:	88 1f       	adc	r24, r24
    3a02:	bb 1f       	adc	r27, r27
    3a04:	26 17       	cp	r18, r22
    3a06:	37 07       	cpc	r19, r23
    3a08:	48 07       	cpc	r20, r24
    3a0a:	ab 07       	cpc	r26, r27
    3a0c:	b0 e8       	ldi	r27, 0x80	; 128
    3a0e:	09 f0       	breq	.+2      	; 0x3a12 <__divsf3_pse+0x56>
    3a10:	bb 0b       	sbc	r27, r27
    3a12:	80 2d       	mov	r24, r0
    3a14:	bf 01       	movw	r22, r30
    3a16:	ff 27       	eor	r31, r31
    3a18:	93 58       	subi	r25, 0x83	; 131
    3a1a:	5f 4f       	sbci	r21, 0xFF	; 255
    3a1c:	3a f0       	brmi	.+14     	; 0x3a2c <__divsf3_pse+0x70>
    3a1e:	9e 3f       	cpi	r25, 0xFE	; 254
    3a20:	51 05       	cpc	r21, r1
    3a22:	78 f0       	brcs	.+30     	; 0x3a42 <__divsf3_pse+0x86>
    3a24:	0c 94 d0 1d 	jmp	0x3ba0	; 0x3ba0 <__fp_inf>
    3a28:	0c 94 42 1e 	jmp	0x3c84	; 0x3c84 <__fp_szero>
    3a2c:	5f 3f       	cpi	r21, 0xFF	; 255
    3a2e:	e4 f3       	brlt	.-8      	; 0x3a28 <__divsf3_pse+0x6c>
    3a30:	98 3e       	cpi	r25, 0xE8	; 232
    3a32:	d4 f3       	brlt	.-12     	; 0x3a28 <__divsf3_pse+0x6c>
    3a34:	86 95       	lsr	r24
    3a36:	77 95       	ror	r23
    3a38:	67 95       	ror	r22
    3a3a:	b7 95       	ror	r27
    3a3c:	f7 95       	ror	r31
    3a3e:	9f 5f       	subi	r25, 0xFF	; 255
    3a40:	c9 f7       	brne	.-14     	; 0x3a34 <__divsf3_pse+0x78>
    3a42:	88 0f       	add	r24, r24
    3a44:	91 1d       	adc	r25, r1
    3a46:	96 95       	lsr	r25
    3a48:	87 95       	ror	r24
    3a4a:	97 f9       	bld	r25, 7
    3a4c:	08 95       	ret
    3a4e:	e1 e0       	ldi	r30, 0x01	; 1
    3a50:	66 0f       	add	r22, r22
    3a52:	77 1f       	adc	r23, r23
    3a54:	88 1f       	adc	r24, r24
    3a56:	bb 1f       	adc	r27, r27
    3a58:	62 17       	cp	r22, r18
    3a5a:	73 07       	cpc	r23, r19
    3a5c:	84 07       	cpc	r24, r20
    3a5e:	ba 07       	cpc	r27, r26
    3a60:	20 f0       	brcs	.+8      	; 0x3a6a <__divsf3_pse+0xae>
    3a62:	62 1b       	sub	r22, r18
    3a64:	73 0b       	sbc	r23, r19
    3a66:	84 0b       	sbc	r24, r20
    3a68:	ba 0b       	sbc	r27, r26
    3a6a:	ee 1f       	adc	r30, r30
    3a6c:	88 f7       	brcc	.-30     	; 0x3a50 <__divsf3_pse+0x94>
    3a6e:	e0 95       	com	r30
    3a70:	08 95       	ret

00003a72 <__fixsfsi>:
    3a72:	0e 94 40 1d 	call	0x3a80	; 0x3a80 <__fixunssfsi>
    3a76:	68 94       	set
    3a78:	b1 11       	cpse	r27, r1
    3a7a:	0c 94 42 1e 	jmp	0x3c84	; 0x3c84 <__fp_szero>
    3a7e:	08 95       	ret

00003a80 <__fixunssfsi>:
    3a80:	0e 94 27 1e 	call	0x3c4e	; 0x3c4e <__fp_splitA>
    3a84:	88 f0       	brcs	.+34     	; 0x3aa8 <__fixunssfsi+0x28>
    3a86:	9f 57       	subi	r25, 0x7F	; 127
    3a88:	98 f0       	brcs	.+38     	; 0x3ab0 <__fixunssfsi+0x30>
    3a8a:	b9 2f       	mov	r27, r25
    3a8c:	99 27       	eor	r25, r25
    3a8e:	b7 51       	subi	r27, 0x17	; 23
    3a90:	b0 f0       	brcs	.+44     	; 0x3abe <__fixunssfsi+0x3e>
__fixunssfsi():
    3a92:	e1 f0       	breq	.+56     	; 0x3acc <__fixunssfsi+0x4c>
    3a94:	66 0f       	add	r22, r22
    3a96:	77 1f       	adc	r23, r23
    3a98:	88 1f       	adc	r24, r24
    3a9a:	99 1f       	adc	r25, r25
    3a9c:	1a f0       	brmi	.+6      	; 0x3aa4 <__fixunssfsi+0x24>
    3a9e:	ba 95       	dec	r27
    3aa0:	c9 f7       	brne	.-14     	; 0x3a94 <__fixunssfsi+0x14>
    3aa2:	14 c0       	rjmp	.+40     	; 0x3acc <__fixunssfsi+0x4c>
    3aa4:	b1 30       	cpi	r27, 0x01	; 1
    3aa6:	91 f0       	breq	.+36     	; 0x3acc <__fixunssfsi+0x4c>
    3aa8:	0e 94 41 1e 	call	0x3c82	; 0x3c82 <__fp_zero>
    3aac:	b1 e0       	ldi	r27, 0x01	; 1
    3aae:	08 95       	ret
    3ab0:	0c 94 41 1e 	jmp	0x3c82	; 0x3c82 <__fp_zero>
    3ab4:	67 2f       	mov	r22, r23
    3ab6:	78 2f       	mov	r23, r24
    3ab8:	88 27       	eor	r24, r24
    3aba:	b8 5f       	subi	r27, 0xF8	; 248
    3abc:	39 f0       	breq	.+14     	; 0x3acc <__fixunssfsi+0x4c>
    3abe:	b9 3f       	cpi	r27, 0xF9	; 249
    3ac0:	cc f3       	brlt	.-14     	; 0x3ab4 <__fixunssfsi+0x34>
    3ac2:	86 95       	lsr	r24
    3ac4:	77 95       	ror	r23
    3ac6:	67 95       	ror	r22
    3ac8:	b3 95       	inc	r27
    3aca:	d9 f7       	brne	.-10     	; 0x3ac2 <__fixunssfsi+0x42>
    3acc:	3e f4       	brtc	.+14     	; 0x3adc <__fixunssfsi+0x5c>
    3ace:	90 95       	com	r25
    3ad0:	80 95       	com	r24
    3ad2:	70 95       	com	r23
    3ad4:	61 95       	neg	r22
    3ad6:	7f 4f       	sbci	r23, 0xFF	; 255
    3ad8:	8f 4f       	sbci	r24, 0xFF	; 255
    3ada:	9f 4f       	sbci	r25, 0xFF	; 255
    3adc:	08 95       	ret

00003ade <__floatunsisf>:
__floatunsisf():
    3ade:	e8 94       	clt
    3ae0:	09 c0       	rjmp	.+18     	; 0x3af4 <__floatsisf+0x12>

00003ae2 <__floatsisf>:
    3ae2:	97 fb       	bst	r25, 7
    3ae4:	3e f4       	brtc	.+14     	; 0x3af4 <__floatsisf+0x12>
    3ae6:	90 95       	com	r25
    3ae8:	80 95       	com	r24
    3aea:	70 95       	com	r23
    3aec:	61 95       	neg	r22
    3aee:	7f 4f       	sbci	r23, 0xFF	; 255
    3af0:	8f 4f       	sbci	r24, 0xFF	; 255
    3af2:	9f 4f       	sbci	r25, 0xFF	; 255
    3af4:	99 23       	and	r25, r25
    3af6:	a9 f0       	breq	.+42     	; 0x3b22 <__floatsisf+0x40>
    3af8:	f9 2f       	mov	r31, r25
    3afa:	96 e9       	ldi	r25, 0x96	; 150
    3afc:	bb 27       	eor	r27, r27
    3afe:	93 95       	inc	r25
    3b00:	f6 95       	lsr	r31
    3b02:	87 95       	ror	r24
    3b04:	77 95       	ror	r23
    3b06:	67 95       	ror	r22
    3b08:	b7 95       	ror	r27
    3b0a:	f1 11       	cpse	r31, r1
    3b0c:	f8 cf       	rjmp	.-16     	; 0x3afe <__floatsisf+0x1c>
    3b0e:	fa f4       	brpl	.+62     	; 0x3b4e <__floatsisf+0x6c>
    3b10:	bb 0f       	add	r27, r27
    3b12:	11 f4       	brne	.+4      	; 0x3b18 <__floatsisf+0x36>
    3b14:	60 ff       	sbrs	r22, 0
    3b16:	1b c0       	rjmp	.+54     	; 0x3b4e <__floatsisf+0x6c>
    3b18:	6f 5f       	subi	r22, 0xFF	; 255
    3b1a:	7f 4f       	sbci	r23, 0xFF	; 255
    3b1c:	8f 4f       	sbci	r24, 0xFF	; 255
    3b1e:	9f 4f       	sbci	r25, 0xFF	; 255
    3b20:	16 c0       	rjmp	.+44     	; 0x3b4e <__floatsisf+0x6c>
    3b22:	88 23       	and	r24, r24
    3b24:	11 f0       	breq	.+4      	; 0x3b2a <__floatsisf+0x48>
    3b26:	96 e9       	ldi	r25, 0x96	; 150
    3b28:	11 c0       	rjmp	.+34     	; 0x3b4c <__floatsisf+0x6a>
    3b2a:	77 23       	and	r23, r23
    3b2c:	21 f0       	breq	.+8      	; 0x3b36 <__floatsisf+0x54>
    3b2e:	9e e8       	ldi	r25, 0x8E	; 142
    3b30:	87 2f       	mov	r24, r23
    3b32:	76 2f       	mov	r23, r22
    3b34:	05 c0       	rjmp	.+10     	; 0x3b40 <__floatsisf+0x5e>
    3b36:	66 23       	and	r22, r22
    3b38:	71 f0       	breq	.+28     	; 0x3b56 <__floatsisf+0x74>
    3b3a:	96 e8       	ldi	r25, 0x86	; 134
    3b3c:	86 2f       	mov	r24, r22
    3b3e:	70 e0       	ldi	r23, 0x00	; 0
    3b40:	60 e0       	ldi	r22, 0x00	; 0
    3b42:	2a f0       	brmi	.+10     	; 0x3b4e <__floatsisf+0x6c>
    3b44:	9a 95       	dec	r25
    3b46:	66 0f       	add	r22, r22
    3b48:	77 1f       	adc	r23, r23
    3b4a:	88 1f       	adc	r24, r24
    3b4c:	da f7       	brpl	.-10     	; 0x3b44 <__floatsisf+0x62>
    3b4e:	88 0f       	add	r24, r24
    3b50:	96 95       	lsr	r25
    3b52:	87 95       	ror	r24
    3b54:	97 f9       	bld	r25, 7
    3b56:	08 95       	ret

00003b58 <__fp_cmp>:
__fp_cmp():
    3b58:	99 0f       	add	r25, r25
    3b5a:	00 08       	sbc	r0, r0
    3b5c:	55 0f       	add	r21, r21
    3b5e:	aa 0b       	sbc	r26, r26
    3b60:	e0 e8       	ldi	r30, 0x80	; 128
    3b62:	fe ef       	ldi	r31, 0xFE	; 254
    3b64:	16 16       	cp	r1, r22
    3b66:	17 06       	cpc	r1, r23
    3b68:	e8 07       	cpc	r30, r24
    3b6a:	f9 07       	cpc	r31, r25
    3b6c:	c0 f0       	brcs	.+48     	; 0x3b9e <__fp_cmp+0x46>
    3b6e:	12 16       	cp	r1, r18
    3b70:	13 06       	cpc	r1, r19
    3b72:	e4 07       	cpc	r30, r20
    3b74:	f5 07       	cpc	r31, r21
    3b76:	98 f0       	brcs	.+38     	; 0x3b9e <__fp_cmp+0x46>
    3b78:	62 1b       	sub	r22, r18
    3b7a:	73 0b       	sbc	r23, r19
    3b7c:	84 0b       	sbc	r24, r20
    3b7e:	95 0b       	sbc	r25, r21
    3b80:	39 f4       	brne	.+14     	; 0x3b90 <__fp_cmp+0x38>
    3b82:	0a 26       	eor	r0, r26
    3b84:	61 f0       	breq	.+24     	; 0x3b9e <__fp_cmp+0x46>
    3b86:	23 2b       	or	r18, r19
    3b88:	24 2b       	or	r18, r20
    3b8a:	25 2b       	or	r18, r21
    3b8c:	21 f4       	brne	.+8      	; 0x3b96 <__fp_cmp+0x3e>
    3b8e:	08 95       	ret
    3b90:	0a 26       	eor	r0, r26
    3b92:	09 f4       	brne	.+2      	; 0x3b96 <__fp_cmp+0x3e>
    3b94:	a1 40       	sbci	r26, 0x01	; 1
    3b96:	a6 95       	lsr	r26
    3b98:	8f ef       	ldi	r24, 0xFF	; 255
    3b9a:	81 1d       	adc	r24, r1
    3b9c:	81 1d       	adc	r24, r1
    3b9e:	08 95       	ret

00003ba0 <__fp_inf>:
__fp_inf():
    3ba0:	97 f9       	bld	r25, 7
    3ba2:	9f 67       	ori	r25, 0x7F	; 127
    3ba4:	80 e8       	ldi	r24, 0x80	; 128
    3ba6:	70 e0       	ldi	r23, 0x00	; 0
    3ba8:	60 e0       	ldi	r22, 0x00	; 0
    3baa:	08 95       	ret

00003bac <__fp_nan>:
__fp_nan():
    3bac:	9f ef       	ldi	r25, 0xFF	; 255
    3bae:	80 ec       	ldi	r24, 0xC0	; 192
    3bb0:	08 95       	ret

00003bb2 <__fp_powser>:
__fp_powser():
    3bb2:	df 93       	push	r29
    3bb4:	cf 93       	push	r28
    3bb6:	1f 93       	push	r17
    3bb8:	0f 93       	push	r16
    3bba:	ff 92       	push	r15
    3bbc:	ef 92       	push	r14
    3bbe:	df 92       	push	r13
    3bc0:	7b 01       	movw	r14, r22
    3bc2:	8c 01       	movw	r16, r24
    3bc4:	68 94       	set
    3bc6:	06 c0       	rjmp	.+12     	; 0x3bd4 <__fp_powser+0x22>
    3bc8:	da 2e       	mov	r13, r26
    3bca:	ef 01       	movw	r28, r30
    3bcc:	0e 94 68 1e 	call	0x3cd0	; 0x3cd0 <__mulsf3x>
    3bd0:	fe 01       	movw	r30, r28
    3bd2:	e8 94       	clt
    3bd4:	a5 91       	lpm	r26, Z+
    3bd6:	25 91       	lpm	r18, Z+
    3bd8:	35 91       	lpm	r19, Z+
    3bda:	45 91       	lpm	r20, Z+
    3bdc:	55 91       	lpm	r21, Z+
    3bde:	a6 f3       	brts	.-24     	; 0x3bc8 <__fp_powser+0x16>
    3be0:	ef 01       	movw	r28, r30
    3be2:	0e 94 fb 1b 	call	0x37f6	; 0x37f6 <__addsf3x>
    3be6:	fe 01       	movw	r30, r28
    3be8:	97 01       	movw	r18, r14
    3bea:	a8 01       	movw	r20, r16
    3bec:	da 94       	dec	r13
    3bee:	69 f7       	brne	.-38     	; 0x3bca <__fp_powser+0x18>
    3bf0:	df 90       	pop	r13
    3bf2:	ef 90       	pop	r14
    3bf4:	ff 90       	pop	r15
    3bf6:	0f 91       	pop	r16
    3bf8:	1f 91       	pop	r17
    3bfa:	cf 91       	pop	r28
    3bfc:	df 91       	pop	r29
    3bfe:	08 95       	ret

00003c00 <__fp_pscA>:
__fp_pscA():
    3c00:	00 24       	eor	r0, r0
    3c02:	0a 94       	dec	r0
    3c04:	16 16       	cp	r1, r22
    3c06:	17 06       	cpc	r1, r23
    3c08:	18 06       	cpc	r1, r24
    3c0a:	09 06       	cpc	r0, r25
    3c0c:	08 95       	ret

00003c0e <__fp_pscB>:
__fp_pscB():
    3c0e:	00 24       	eor	r0, r0
    3c10:	0a 94       	dec	r0
    3c12:	12 16       	cp	r1, r18
    3c14:	13 06       	cpc	r1, r19
    3c16:	14 06       	cpc	r1, r20
    3c18:	05 06       	cpc	r0, r21
    3c1a:	08 95       	ret

00003c1c <__fp_round>:
__fp_round():
    3c1c:	09 2e       	mov	r0, r25
    3c1e:	03 94       	inc	r0
    3c20:	00 0c       	add	r0, r0
    3c22:	11 f4       	brne	.+4      	; 0x3c28 <__fp_round+0xc>
    3c24:	88 23       	and	r24, r24
    3c26:	52 f0       	brmi	.+20     	; 0x3c3c <__fp_round+0x20>
    3c28:	bb 0f       	add	r27, r27
    3c2a:	40 f4       	brcc	.+16     	; 0x3c3c <__fp_round+0x20>
    3c2c:	bf 2b       	or	r27, r31
    3c2e:	11 f4       	brne	.+4      	; 0x3c34 <__fp_round+0x18>
    3c30:	60 ff       	sbrs	r22, 0
    3c32:	04 c0       	rjmp	.+8      	; 0x3c3c <__fp_round+0x20>
    3c34:	6f 5f       	subi	r22, 0xFF	; 255
    3c36:	7f 4f       	sbci	r23, 0xFF	; 255
    3c38:	8f 4f       	sbci	r24, 0xFF	; 255
    3c3a:	9f 4f       	sbci	r25, 0xFF	; 255
    3c3c:	08 95       	ret

00003c3e <__fp_split3>:
__fp_split3():
    3c3e:	57 fd       	sbrc	r21, 7
    3c40:	90 58       	subi	r25, 0x80	; 128
    3c42:	44 0f       	add	r20, r20
    3c44:	55 1f       	adc	r21, r21
    3c46:	59 f0       	breq	.+22     	; 0x3c5e <__fp_splitA+0x10>
    3c48:	5f 3f       	cpi	r21, 0xFF	; 255
    3c4a:	71 f0       	breq	.+28     	; 0x3c68 <__fp_splitA+0x1a>
    3c4c:	47 95       	ror	r20

00003c4e <__fp_splitA>:
    3c4e:	88 0f       	add	r24, r24
    3c50:	97 fb       	bst	r25, 7
    3c52:	99 1f       	adc	r25, r25
    3c54:	61 f0       	breq	.+24     	; 0x3c6e <__fp_splitA+0x20>
    3c56:	9f 3f       	cpi	r25, 0xFF	; 255
    3c58:	79 f0       	breq	.+30     	; 0x3c78 <__fp_splitA+0x2a>
    3c5a:	87 95       	ror	r24
    3c5c:	08 95       	ret
    3c5e:	12 16       	cp	r1, r18
    3c60:	13 06       	cpc	r1, r19
    3c62:	14 06       	cpc	r1, r20
    3c64:	55 1f       	adc	r21, r21
    3c66:	f2 cf       	rjmp	.-28     	; 0x3c4c <__fp_split3+0xe>
    3c68:	46 95       	lsr	r20
    3c6a:	f1 df       	rcall	.-30     	; 0x3c4e <__fp_splitA>
    3c6c:	08 c0       	rjmp	.+16     	; 0x3c7e <__fp_splitA+0x30>
    3c6e:	16 16       	cp	r1, r22
    3c70:	17 06       	cpc	r1, r23
    3c72:	18 06       	cpc	r1, r24
    3c74:	99 1f       	adc	r25, r25
    3c76:	f1 cf       	rjmp	.-30     	; 0x3c5a <__fp_splitA+0xc>
    3c78:	86 95       	lsr	r24
    3c7a:	71 05       	cpc	r23, r1
    3c7c:	61 05       	cpc	r22, r1
    3c7e:	08 94       	sec
    3c80:	08 95       	ret

00003c82 <__fp_zero>:
__fp_zero():
    3c82:	e8 94       	clt

00003c84 <__fp_szero>:
    3c84:	bb 27       	eor	r27, r27
    3c86:	66 27       	eor	r22, r22
    3c88:	77 27       	eor	r23, r23
    3c8a:	cb 01       	movw	r24, r22
    3c8c:	97 f9       	bld	r25, 7
    3c8e:	08 95       	ret

00003c90 <__gesf2>:
__gesf2():
    3c90:	0e 94 ac 1d 	call	0x3b58	; 0x3b58 <__fp_cmp>
    3c94:	08 f4       	brcc	.+2      	; 0x3c98 <__gesf2+0x8>
    3c96:	8f ef       	ldi	r24, 0xFF	; 255
    3c98:	08 95       	ret

00003c9a <inverse>:
inverse():
    3c9a:	9b 01       	movw	r18, r22
    3c9c:	ac 01       	movw	r20, r24
    3c9e:	60 e0       	ldi	r22, 0x00	; 0
    3ca0:	70 e0       	ldi	r23, 0x00	; 0
    3ca2:	80 e8       	ldi	r24, 0x80	; 128
    3ca4:	9f e3       	ldi	r25, 0x3F	; 63
    3ca6:	0c 94 c7 1c 	jmp	0x398e	; 0x398e <__divsf3>

00003caa <__mulsf3>:
__mulsf3():
    3caa:	0e 94 68 1e 	call	0x3cd0	; 0x3cd0 <__mulsf3x>
    3cae:	0c 94 0e 1e 	jmp	0x3c1c	; 0x3c1c <__fp_round>
    3cb2:	0e 94 00 1e 	call	0x3c00	; 0x3c00 <__fp_pscA>
    3cb6:	38 f0       	brcs	.+14     	; 0x3cc6 <__mulsf3+0x1c>
    3cb8:	0e 94 07 1e 	call	0x3c0e	; 0x3c0e <__fp_pscB>
    3cbc:	20 f0       	brcs	.+8      	; 0x3cc6 <__mulsf3+0x1c>
    3cbe:	95 23       	and	r25, r21
    3cc0:	11 f0       	breq	.+4      	; 0x3cc6 <__mulsf3+0x1c>
    3cc2:	0c 94 d0 1d 	jmp	0x3ba0	; 0x3ba0 <__fp_inf>
    3cc6:	0c 94 d6 1d 	jmp	0x3bac	; 0x3bac <__fp_nan>
    3cca:	11 24       	eor	r1, r1
    3ccc:	0c 94 42 1e 	jmp	0x3c84	; 0x3c84 <__fp_szero>

00003cd0 <__mulsf3x>:
__mulsf3x():
    3cd0:	0e 94 1f 1e 	call	0x3c3e	; 0x3c3e <__fp_split3>
    3cd4:	70 f3       	brcs	.-36     	; 0x3cb2 <__mulsf3+0x8>

00003cd6 <__mulsf3_pse>:
    3cd6:	95 9f       	mul	r25, r21
    3cd8:	c1 f3       	breq	.-16     	; 0x3cca <__mulsf3+0x20>
    3cda:	95 0f       	add	r25, r21
    3cdc:	50 e0       	ldi	r21, 0x00	; 0
    3cde:	55 1f       	adc	r21, r21
    3ce0:	62 9f       	mul	r22, r18
    3ce2:	f0 01       	movw	r30, r0
    3ce4:	72 9f       	mul	r23, r18
    3ce6:	bb 27       	eor	r27, r27
    3ce8:	f0 0d       	add	r31, r0
    3cea:	b1 1d       	adc	r27, r1
    3cec:	63 9f       	mul	r22, r19
    3cee:	aa 27       	eor	r26, r26
    3cf0:	f0 0d       	add	r31, r0
    3cf2:	b1 1d       	adc	r27, r1
    3cf4:	aa 1f       	adc	r26, r26
    3cf6:	64 9f       	mul	r22, r20
    3cf8:	66 27       	eor	r22, r22
    3cfa:	b0 0d       	add	r27, r0
    3cfc:	a1 1d       	adc	r26, r1
    3cfe:	66 1f       	adc	r22, r22
    3d00:	82 9f       	mul	r24, r18
    3d02:	22 27       	eor	r18, r18
    3d04:	b0 0d       	add	r27, r0
    3d06:	a1 1d       	adc	r26, r1
    3d08:	62 1f       	adc	r22, r18
    3d0a:	73 9f       	mul	r23, r19
    3d0c:	b0 0d       	add	r27, r0
    3d0e:	a1 1d       	adc	r26, r1
    3d10:	62 1f       	adc	r22, r18
    3d12:	83 9f       	mul	r24, r19
    3d14:	a0 0d       	add	r26, r0
    3d16:	61 1d       	adc	r22, r1
    3d18:	22 1f       	adc	r18, r18
    3d1a:	74 9f       	mul	r23, r20
    3d1c:	33 27       	eor	r19, r19
    3d1e:	a0 0d       	add	r26, r0
    3d20:	61 1d       	adc	r22, r1
    3d22:	23 1f       	adc	r18, r19
    3d24:	84 9f       	mul	r24, r20
    3d26:	60 0d       	add	r22, r0
    3d28:	21 1d       	adc	r18, r1
    3d2a:	82 2f       	mov	r24, r18
    3d2c:	76 2f       	mov	r23, r22
    3d2e:	6a 2f       	mov	r22, r26
    3d30:	11 24       	eor	r1, r1
    3d32:	9f 57       	subi	r25, 0x7F	; 127
    3d34:	50 40       	sbci	r21, 0x00	; 0
    3d36:	9a f0       	brmi	.+38     	; 0x3d5e <__mulsf3_pse+0x88>
    3d38:	f1 f0       	breq	.+60     	; 0x3d76 <__mulsf3_pse+0xa0>
    3d3a:	88 23       	and	r24, r24
    3d3c:	4a f0       	brmi	.+18     	; 0x3d50 <__mulsf3_pse+0x7a>
    3d3e:	ee 0f       	add	r30, r30
    3d40:	ff 1f       	adc	r31, r31
    3d42:	bb 1f       	adc	r27, r27
    3d44:	66 1f       	adc	r22, r22
    3d46:	77 1f       	adc	r23, r23
    3d48:	88 1f       	adc	r24, r24
    3d4a:	91 50       	subi	r25, 0x01	; 1
    3d4c:	50 40       	sbci	r21, 0x00	; 0
    3d4e:	a9 f7       	brne	.-22     	; 0x3d3a <__mulsf3_pse+0x64>
    3d50:	9e 3f       	cpi	r25, 0xFE	; 254
    3d52:	51 05       	cpc	r21, r1
    3d54:	80 f0       	brcs	.+32     	; 0x3d76 <__mulsf3_pse+0xa0>
    3d56:	0c 94 d0 1d 	jmp	0x3ba0	; 0x3ba0 <__fp_inf>
    3d5a:	0c 94 42 1e 	jmp	0x3c84	; 0x3c84 <__fp_szero>
    3d5e:	5f 3f       	cpi	r21, 0xFF	; 255
    3d60:	e4 f3       	brlt	.-8      	; 0x3d5a <__mulsf3_pse+0x84>
    3d62:	98 3e       	cpi	r25, 0xE8	; 232
    3d64:	d4 f3       	brlt	.-12     	; 0x3d5a <__mulsf3_pse+0x84>
    3d66:	86 95       	lsr	r24
    3d68:	77 95       	ror	r23
    3d6a:	67 95       	ror	r22
    3d6c:	b7 95       	ror	r27
    3d6e:	f7 95       	ror	r31
    3d70:	e7 95       	ror	r30
    3d72:	9f 5f       	subi	r25, 0xFF	; 255
    3d74:	c1 f7       	brne	.-16     	; 0x3d66 <__mulsf3_pse+0x90>
    3d76:	fe 2b       	or	r31, r30
    3d78:	88 0f       	add	r24, r24
    3d7a:	91 1d       	adc	r25, r1
    3d7c:	96 95       	lsr	r25
    3d7e:	87 95       	ror	r24
    3d80:	97 f9       	bld	r25, 7
    3d82:	08 95       	ret

00003d84 <square>:
    3d84:	9b 01       	movw	r18, r22
    3d86:	ac 01       	movw	r20, r24
    3d88:	0c 94 55 1e 	jmp	0x3caa	; 0x3caa <__mulsf3>

00003d8c <__mulsi3>:
/home/jenkins-mingw32/workspace/avr-gcc-staging/label/Ubuntu14.04x64-mingw32/gcc-build/avr/avr5/libgcc/../../../../gcc/libgcc/config/avr/lib1funcs.S:648
    3d8c:	db 01       	movw	r26, r22
/home/jenkins-mingw32/workspace/avr-gcc-staging/label/Ubuntu14.04x64-mingw32/gcc-build/avr/avr5/libgcc/../../../../gcc/libgcc/config/avr/lib1funcs.S:649
    3d8e:	8f 93       	push	r24
/home/jenkins-mingw32/workspace/avr-gcc-staging/label/Ubuntu14.04x64-mingw32/gcc-build/avr/avr5/libgcc/../../../../gcc/libgcc/config/avr/lib1funcs.S:650
    3d90:	9f 93       	push	r25
/home/jenkins-mingw32/workspace/avr-gcc-staging/label/Ubuntu14.04x64-mingw32/gcc-build/avr/avr5/libgcc/../../../../gcc/libgcc/config/avr/lib1funcs.S:651
    3d92:	0e 94 17 1f 	call	0x3e2e	; 0x3e2e <__muluhisi3>
/home/jenkins-mingw32/workspace/avr-gcc-staging/label/Ubuntu14.04x64-mingw32/gcc-build/avr/avr5/libgcc/../../../../gcc/libgcc/config/avr/lib1funcs.S:652
    3d96:	bf 91       	pop	r27
/home/jenkins-mingw32/workspace/avr-gcc-staging/label/Ubuntu14.04x64-mingw32/gcc-build/avr/avr5/libgcc/../../../../gcc/libgcc/config/avr/lib1funcs.S:653
    3d98:	af 91       	pop	r26
/home/jenkins-mingw32/workspace/avr-gcc-staging/label/Ubuntu14.04x64-mingw32/gcc-build/avr/avr5/libgcc/../../../../gcc/libgcc/config/avr/lib1funcs.S:655
    3d9a:	a2 9f       	mul	r26, r18
/home/jenkins-mingw32/workspace/avr-gcc-staging/label/Ubuntu14.04x64-mingw32/gcc-build/avr/avr5/libgcc/../../../../gcc/libgcc/config/avr/lib1funcs.S:656
    3d9c:	80 0d       	add	r24, r0
/home/jenkins-mingw32/workspace/avr-gcc-staging/label/Ubuntu14.04x64-mingw32/gcc-build/avr/avr5/libgcc/../../../../gcc/libgcc/config/avr/lib1funcs.S:657
    3d9e:	91 1d       	adc	r25, r1
/home/jenkins-mingw32/workspace/avr-gcc-staging/label/Ubuntu14.04x64-mingw32/gcc-build/avr/avr5/libgcc/../../../../gcc/libgcc/config/avr/lib1funcs.S:658
    3da0:	a3 9f       	mul	r26, r19
__mulsi3():
/home/jenkins-mingw32/workspace/avr-gcc-staging/label/Ubuntu14.04x64-mingw32/gcc-build/avr/avr5/libgcc/../../../../gcc/libgcc/config/avr/lib1funcs.S:659
    3da2:	90 0d       	add	r25, r0
/home/jenkins-mingw32/workspace/avr-gcc-staging/label/Ubuntu14.04x64-mingw32/gcc-build/avr/avr5/libgcc/../../../../gcc/libgcc/config/avr/lib1funcs.S:660
    3da4:	b2 9f       	mul	r27, r18
/home/jenkins-mingw32/workspace/avr-gcc-staging/label/Ubuntu14.04x64-mingw32/gcc-build/avr/avr5/libgcc/../../../../gcc/libgcc/config/avr/lib1funcs.S:661
    3da6:	90 0d       	add	r25, r0
/home/jenkins-mingw32/workspace/avr-gcc-staging/label/Ubuntu14.04x64-mingw32/gcc-build/avr/avr5/libgcc/../../../../gcc/libgcc/config/avr/lib1funcs.S:662
    3da8:	11 24       	eor	r1, r1
/home/jenkins-mingw32/workspace/avr-gcc-staging/label/Ubuntu14.04x64-mingw32/gcc-build/avr/avr5/libgcc/../../../../gcc/libgcc/config/avr/lib1funcs.S:663
    3daa:	08 95       	ret

00003dac <__udivmodsi4>:
__udivmodsi4():
/home/jenkins-mingw32/workspace/avr-gcc-staging/label/Ubuntu14.04x64-mingw32/gcc-build/avr/avr5/libgcc/../../../../gcc/libgcc/config/avr/lib1funcs.S:1638
    3dac:	a1 e2       	ldi	r26, 0x21	; 33
/home/jenkins-mingw32/workspace/avr-gcc-staging/label/Ubuntu14.04x64-mingw32/gcc-build/avr/avr5/libgcc/../../../../gcc/libgcc/config/avr/lib1funcs.S:1639
    3dae:	1a 2e       	mov	r1, r26
/home/jenkins-mingw32/workspace/avr-gcc-staging/label/Ubuntu14.04x64-mingw32/gcc-build/avr/avr5/libgcc/../../../../gcc/libgcc/config/avr/lib1funcs.S:1640
    3db0:	aa 1b       	sub	r26, r26
/home/jenkins-mingw32/workspace/avr-gcc-staging/label/Ubuntu14.04x64-mingw32/gcc-build/avr/avr5/libgcc/../../../../gcc/libgcc/config/avr/lib1funcs.S:1641
    3db2:	bb 1b       	sub	r27, r27
/home/jenkins-mingw32/workspace/avr-gcc-staging/label/Ubuntu14.04x64-mingw32/gcc-build/avr/avr5/libgcc/../../../../gcc/libgcc/config/avr/lib1funcs.S:1642
    3db4:	fd 01       	movw	r30, r26
/home/jenkins-mingw32/workspace/avr-gcc-staging/label/Ubuntu14.04x64-mingw32/gcc-build/avr/avr5/libgcc/../../../../gcc/libgcc/config/avr/lib1funcs.S:1644
    3db6:	0d c0       	rjmp	.+26     	; 0x3dd2 <__udivmodsi4_ep>

00003db8 <__udivmodsi4_loop>:
/home/jenkins-mingw32/workspace/avr-gcc-staging/label/Ubuntu14.04x64-mingw32/gcc-build/avr/avr5/libgcc/../../../../gcc/libgcc/config/avr/lib1funcs.S:1646
    3db8:	aa 1f       	adc	r26, r26
/home/jenkins-mingw32/workspace/avr-gcc-staging/label/Ubuntu14.04x64-mingw32/gcc-build/avr/avr5/libgcc/../../../../gcc/libgcc/config/avr/lib1funcs.S:1647
    3dba:	bb 1f       	adc	r27, r27
/home/jenkins-mingw32/workspace/avr-gcc-staging/label/Ubuntu14.04x64-mingw32/gcc-build/avr/avr5/libgcc/../../../../gcc/libgcc/config/avr/lib1funcs.S:1648
    3dbc:	ee 1f       	adc	r30, r30
/home/jenkins-mingw32/workspace/avr-gcc-staging/label/Ubuntu14.04x64-mingw32/gcc-build/avr/avr5/libgcc/../../../../gcc/libgcc/config/avr/lib1funcs.S:1649
    3dbe:	ff 1f       	adc	r31, r31
/home/jenkins-mingw32/workspace/avr-gcc-staging/label/Ubuntu14.04x64-mingw32/gcc-build/avr/avr5/libgcc/../../../../gcc/libgcc/config/avr/lib1funcs.S:1650
    3dc0:	a2 17       	cp	r26, r18
/home/jenkins-mingw32/workspace/avr-gcc-staging/label/Ubuntu14.04x64-mingw32/gcc-build/avr/avr5/libgcc/../../../../gcc/libgcc/config/avr/lib1funcs.S:1651
    3dc2:	b3 07       	cpc	r27, r19
/home/jenkins-mingw32/workspace/avr-gcc-staging/label/Ubuntu14.04x64-mingw32/gcc-build/avr/avr5/libgcc/../../../../gcc/libgcc/config/avr/lib1funcs.S:1652
    3dc4:	e4 07       	cpc	r30, r20
/home/jenkins-mingw32/workspace/avr-gcc-staging/label/Ubuntu14.04x64-mingw32/gcc-build/avr/avr5/libgcc/../../../../gcc/libgcc/config/avr/lib1funcs.S:1653
    3dc6:	f5 07       	cpc	r31, r21
/home/jenkins-mingw32/workspace/avr-gcc-staging/label/Ubuntu14.04x64-mingw32/gcc-build/avr/avr5/libgcc/../../../../gcc/libgcc/config/avr/lib1funcs.S:1654
    3dc8:	20 f0       	brcs	.+8      	; 0x3dd2 <__udivmodsi4_ep>
/home/jenkins-mingw32/workspace/avr-gcc-staging/label/Ubuntu14.04x64-mingw32/gcc-build/avr/avr5/libgcc/../../../../gcc/libgcc/config/avr/lib1funcs.S:1655
    3dca:	a2 1b       	sub	r26, r18
/home/jenkins-mingw32/workspace/avr-gcc-staging/label/Ubuntu14.04x64-mingw32/gcc-build/avr/avr5/libgcc/../../../../gcc/libgcc/config/avr/lib1funcs.S:1656
    3dcc:	b3 0b       	sbc	r27, r19
/home/jenkins-mingw32/workspace/avr-gcc-staging/label/Ubuntu14.04x64-mingw32/gcc-build/avr/avr5/libgcc/../../../../gcc/libgcc/config/avr/lib1funcs.S:1657
    3dce:	e4 0b       	sbc	r30, r20
/home/jenkins-mingw32/workspace/avr-gcc-staging/label/Ubuntu14.04x64-mingw32/gcc-build/avr/avr5/libgcc/../../../../gcc/libgcc/config/avr/lib1funcs.S:1658
    3dd0:	f5 0b       	sbc	r31, r21

00003dd2 <__udivmodsi4_ep>:
/home/jenkins-mingw32/workspace/avr-gcc-staging/label/Ubuntu14.04x64-mingw32/gcc-build/avr/avr5/libgcc/../../../../gcc/libgcc/config/avr/lib1funcs.S:1660
    3dd2:	66 1f       	adc	r22, r22
/home/jenkins-mingw32/workspace/avr-gcc-staging/label/Ubuntu14.04x64-mingw32/gcc-build/avr/avr5/libgcc/../../../../gcc/libgcc/config/avr/lib1funcs.S:1661
    3dd4:	77 1f       	adc	r23, r23
/home/jenkins-mingw32/workspace/avr-gcc-staging/label/Ubuntu14.04x64-mingw32/gcc-build/avr/avr5/libgcc/../../../../gcc/libgcc/config/avr/lib1funcs.S:1662
    3dd6:	88 1f       	adc	r24, r24
/home/jenkins-mingw32/workspace/avr-gcc-staging/label/Ubuntu14.04x64-mingw32/gcc-build/avr/avr5/libgcc/../../../../gcc/libgcc/config/avr/lib1funcs.S:1663
    3dd8:	99 1f       	adc	r25, r25
/home/jenkins-mingw32/workspace/avr-gcc-staging/label/Ubuntu14.04x64-mingw32/gcc-build/avr/avr5/libgcc/../../../../gcc/libgcc/config/avr/lib1funcs.S:1664
    3dda:	1a 94       	dec	r1
/home/jenkins-mingw32/workspace/avr-gcc-staging/label/Ubuntu14.04x64-mingw32/gcc-build/avr/avr5/libgcc/../../../../gcc/libgcc/config/avr/lib1funcs.S:1665
    3ddc:	69 f7       	brne	.-38     	; 0x3db8 <__udivmodsi4_loop>
/home/jenkins-mingw32/workspace/avr-gcc-staging/label/Ubuntu14.04x64-mingw32/gcc-build/avr/avr5/libgcc/../../../../gcc/libgcc/config/avr/lib1funcs.S:1667
    3dde:	60 95       	com	r22
/home/jenkins-mingw32/workspace/avr-gcc-staging/label/Ubuntu14.04x64-mingw32/gcc-build/avr/avr5/libgcc/../../../../gcc/libgcc/config/avr/lib1funcs.S:1668
    3de0:	70 95       	com	r23
/home/jenkins-mingw32/workspace/avr-gcc-staging/label/Ubuntu14.04x64-mingw32/gcc-build/avr/avr5/libgcc/../../../../gcc/libgcc/config/avr/lib1funcs.S:1669
    3de2:	80 95       	com	r24
/home/jenkins-mingw32/workspace/avr-gcc-staging/label/Ubuntu14.04x64-mingw32/gcc-build/avr/avr5/libgcc/../../../../gcc/libgcc/config/avr/lib1funcs.S:1670
    3de4:	90 95       	com	r25
/home/jenkins-mingw32/workspace/avr-gcc-staging/label/Ubuntu14.04x64-mingw32/gcc-build/avr/avr5/libgcc/../../../../gcc/libgcc/config/avr/lib1funcs.S:1672
    3de6:	9b 01       	movw	r18, r22
/home/jenkins-mingw32/workspace/avr-gcc-staging/label/Ubuntu14.04x64-mingw32/gcc-build/avr/avr5/libgcc/../../../../gcc/libgcc/config/avr/lib1funcs.S:1674
    3de8:	ac 01       	movw	r20, r24
/home/jenkins-mingw32/workspace/avr-gcc-staging/label/Ubuntu14.04x64-mingw32/gcc-build/avr/avr5/libgcc/../../../../gcc/libgcc/config/avr/lib1funcs.S:1676
    3dea:	bd 01       	movw	r22, r26
/home/jenkins-mingw32/workspace/avr-gcc-staging/label/Ubuntu14.04x64-mingw32/gcc-build/avr/avr5/libgcc/../../../../gcc/libgcc/config/avr/lib1funcs.S:1678
    3dec:	cf 01       	movw	r24, r30
/home/jenkins-mingw32/workspace/avr-gcc-staging/label/Ubuntu14.04x64-mingw32/gcc-build/avr/avr5/libgcc/../../../../gcc/libgcc/config/avr/lib1funcs.S:1680
    3dee:	08 95       	ret

00003df0 <__divmodsi4>:
__divmodsi4():
/home/jenkins-mingw32/workspace/avr-gcc-staging/label/Ubuntu14.04x64-mingw32/gcc-build/avr/avr5/libgcc/../../../../gcc/libgcc/config/avr/lib1funcs.S:1686
    3df0:	05 2e       	mov	r0, r21
/home/jenkins-mingw32/workspace/avr-gcc-staging/label/Ubuntu14.04x64-mingw32/gcc-build/avr/avr5/libgcc/../../../../gcc/libgcc/config/avr/lib1funcs.S:1687
    3df2:	97 fb       	bst	r25, 7
/home/jenkins-mingw32/workspace/avr-gcc-staging/label/Ubuntu14.04x64-mingw32/gcc-build/avr/avr5/libgcc/../../../../gcc/libgcc/config/avr/lib1funcs.S:1688
    3df4:	1e f4       	brtc	.+6      	; 0x3dfc <__divmodsi4+0xc>
/home/jenkins-mingw32/workspace/avr-gcc-staging/label/Ubuntu14.04x64-mingw32/gcc-build/avr/avr5/libgcc/../../../../gcc/libgcc/config/avr/lib1funcs.S:1689
    3df6:	00 94       	com	r0
/home/jenkins-mingw32/workspace/avr-gcc-staging/label/Ubuntu14.04x64-mingw32/gcc-build/avr/avr5/libgcc/../../../../gcc/libgcc/config/avr/lib1funcs.S:1690
    3df8:	0e 94 0f 1f 	call	0x3e1e	; 0x3e1e <__negsi2>
/home/jenkins-mingw32/workspace/avr-gcc-staging/label/Ubuntu14.04x64-mingw32/gcc-build/avr/avr5/libgcc/../../../../gcc/libgcc/config/avr/lib1funcs.S:1692
    3dfc:	57 fd       	sbrc	r21, 7
/home/jenkins-mingw32/workspace/avr-gcc-staging/label/Ubuntu14.04x64-mingw32/gcc-build/avr/avr5/libgcc/../../../../gcc/libgcc/config/avr/lib1funcs.S:1693
    3dfe:	07 d0       	rcall	.+14     	; 0x3e0e <__divmodsi4_neg2>
/home/jenkins-mingw32/workspace/avr-gcc-staging/label/Ubuntu14.04x64-mingw32/gcc-build/avr/avr5/libgcc/../../../../gcc/libgcc/config/avr/lib1funcs.S:1694
    3e00:	0e 94 d6 1e 	call	0x3dac	; 0x3dac <__udivmodsi4>
/home/jenkins-mingw32/workspace/avr-gcc-staging/label/Ubuntu14.04x64-mingw32/gcc-build/avr/avr5/libgcc/../../../../gcc/libgcc/config/avr/lib1funcs.S:1695
    3e04:	07 fc       	sbrc	r0, 7
/home/jenkins-mingw32/workspace/avr-gcc-staging/label/Ubuntu14.04x64-mingw32/gcc-build/avr/avr5/libgcc/../../../../gcc/libgcc/config/avr/lib1funcs.S:1696
    3e06:	03 d0       	rcall	.+6      	; 0x3e0e <__divmodsi4_neg2>
/home/jenkins-mingw32/workspace/avr-gcc-staging/label/Ubuntu14.04x64-mingw32/gcc-build/avr/avr5/libgcc/../../../../gcc/libgcc/config/avr/lib1funcs.S:1697
    3e08:	4e f4       	brtc	.+18     	; 0x3e1c <__divmodsi4_exit>
/home/jenkins-mingw32/workspace/avr-gcc-staging/label/Ubuntu14.04x64-mingw32/gcc-build/avr/avr5/libgcc/../../../../gcc/libgcc/config/avr/lib1funcs.S:1698
    3e0a:	0c 94 0f 1f 	jmp	0x3e1e	; 0x3e1e <__negsi2>

00003e0e <__divmodsi4_neg2>:
/home/jenkins-mingw32/workspace/avr-gcc-staging/label/Ubuntu14.04x64-mingw32/gcc-build/avr/avr5/libgcc/../../../../gcc/libgcc/config/avr/lib1funcs.S:1701
    3e0e:	50 95       	com	r21
/home/jenkins-mingw32/workspace/avr-gcc-staging/label/Ubuntu14.04x64-mingw32/gcc-build/avr/avr5/libgcc/../../../../gcc/libgcc/config/avr/lib1funcs.S:1702
    3e10:	40 95       	com	r20
/home/jenkins-mingw32/workspace/avr-gcc-staging/label/Ubuntu14.04x64-mingw32/gcc-build/avr/avr5/libgcc/../../../../gcc/libgcc/config/avr/lib1funcs.S:1703
    3e12:	30 95       	com	r19
/home/jenkins-mingw32/workspace/avr-gcc-staging/label/Ubuntu14.04x64-mingw32/gcc-build/avr/avr5/libgcc/../../../../gcc/libgcc/config/avr/lib1funcs.S:1704
    3e14:	21 95       	neg	r18
/home/jenkins-mingw32/workspace/avr-gcc-staging/label/Ubuntu14.04x64-mingw32/gcc-build/avr/avr5/libgcc/../../../../gcc/libgcc/config/avr/lib1funcs.S:1705
    3e16:	3f 4f       	sbci	r19, 0xFF	; 255
/home/jenkins-mingw32/workspace/avr-gcc-staging/label/Ubuntu14.04x64-mingw32/gcc-build/avr/avr5/libgcc/../../../../gcc/libgcc/config/avr/lib1funcs.S:1706
    3e18:	4f 4f       	sbci	r20, 0xFF	; 255
/home/jenkins-mingw32/workspace/avr-gcc-staging/label/Ubuntu14.04x64-mingw32/gcc-build/avr/avr5/libgcc/../../../../gcc/libgcc/config/avr/lib1funcs.S:1707
    3e1a:	5f 4f       	sbci	r21, 0xFF	; 255

00003e1c <__divmodsi4_exit>:
/home/jenkins-mingw32/workspace/avr-gcc-staging/label/Ubuntu14.04x64-mingw32/gcc-build/avr/avr5/libgcc/../../../../gcc/libgcc/config/avr/lib1funcs.S:1709
    3e1c:	08 95       	ret

00003e1e <__negsi2>:
__negsi2():
/home/jenkins-mingw32/workspace/avr-gcc-staging/label/Ubuntu14.04x64-mingw32/gcc-build/avr/avr5/libgcc/../../../../gcc/libgcc/config/avr/lib1funcs.S:1718
    3e1e:	90 95       	com	r25
    3e20:	80 95       	com	r24
    3e22:	70 95       	com	r23
    3e24:	61 95       	neg	r22
    3e26:	7f 4f       	sbci	r23, 0xFF	; 255
    3e28:	8f 4f       	sbci	r24, 0xFF	; 255
    3e2a:	9f 4f       	sbci	r25, 0xFF	; 255
/home/jenkins-mingw32/workspace/avr-gcc-staging/label/Ubuntu14.04x64-mingw32/gcc-build/avr/avr5/libgcc/../../../../gcc/libgcc/config/avr/lib1funcs.S:1719
    3e2c:	08 95       	ret

00003e2e <__muluhisi3>:
__muluhisi3():
/home/jenkins-mingw32/workspace/avr-gcc-staging/label/Ubuntu14.04x64-mingw32/gcc-build/avr/avr5/libgcc/../../../../gcc/libgcc/config/avr/lib1funcs.S:626
    3e2e:	0e 94 d6 20 	call	0x41ac	; 0x41ac <__umulhisi3>
/home/jenkins-mingw32/workspace/avr-gcc-staging/label/Ubuntu14.04x64-mingw32/gcc-build/avr/avr5/libgcc/../../../../gcc/libgcc/config/avr/lib1funcs.S:627
    3e32:	a5 9f       	mul	r26, r21
/home/jenkins-mingw32/workspace/avr-gcc-staging/label/Ubuntu14.04x64-mingw32/gcc-build/avr/avr5/libgcc/../../../../gcc/libgcc/config/avr/lib1funcs.S:628
    3e34:	90 0d       	add	r25, r0
/home/jenkins-mingw32/workspace/avr-gcc-staging/label/Ubuntu14.04x64-mingw32/gcc-build/avr/avr5/libgcc/../../../../gcc/libgcc/config/avr/lib1funcs.S:629
    3e36:	b4 9f       	mul	r27, r20
/home/jenkins-mingw32/workspace/avr-gcc-staging/label/Ubuntu14.04x64-mingw32/gcc-build/avr/avr5/libgcc/../../../../gcc/libgcc/config/avr/lib1funcs.S:630
    3e38:	90 0d       	add	r25, r0
/home/jenkins-mingw32/workspace/avr-gcc-staging/label/Ubuntu14.04x64-mingw32/gcc-build/avr/avr5/libgcc/../../../../gcc/libgcc/config/avr/lib1funcs.S:631
    3e3a:	a4 9f       	mul	r26, r20
/home/jenkins-mingw32/workspace/avr-gcc-staging/label/Ubuntu14.04x64-mingw32/gcc-build/avr/avr5/libgcc/../../../../gcc/libgcc/config/avr/lib1funcs.S:632
    3e3c:	80 0d       	add	r24, r0
/home/jenkins-mingw32/workspace/avr-gcc-staging/label/Ubuntu14.04x64-mingw32/gcc-build/avr/avr5/libgcc/../../../../gcc/libgcc/config/avr/lib1funcs.S:633
    3e3e:	91 1d       	adc	r25, r1
/home/jenkins-mingw32/workspace/avr-gcc-staging/label/Ubuntu14.04x64-mingw32/gcc-build/avr/avr5/libgcc/../../../../gcc/libgcc/config/avr/lib1funcs.S:634
    3e40:	11 24       	eor	r1, r1
/home/jenkins-mingw32/workspace/avr-gcc-staging/label/Ubuntu14.04x64-mingw32/gcc-build/avr/avr5/libgcc/../../../../gcc/libgcc/config/avr/lib1funcs.S:635
    3e42:	08 95       	ret

00003e44 <__muldi3>:
__muldi3():
/home/jenkins-mingw32/workspace/avr-gcc-staging/label/Ubuntu14.04x64-mingw32/gcc-build/avr/avr5/libgcc/../../../../gcc/libgcc/config/avr/lib1funcs.S:894
    3e44:	df 93       	push	r29
/home/jenkins-mingw32/workspace/avr-gcc-staging/label/Ubuntu14.04x64-mingw32/gcc-build/avr/avr5/libgcc/../../../../gcc/libgcc/config/avr/lib1funcs.S:895
    3e46:	cf 93       	push	r28
/home/jenkins-mingw32/workspace/avr-gcc-staging/label/Ubuntu14.04x64-mingw32/gcc-build/avr/avr5/libgcc/../../../../gcc/libgcc/config/avr/lib1funcs.S:896
    3e48:	1f 93       	push	r17
/home/jenkins-mingw32/workspace/avr-gcc-staging/label/Ubuntu14.04x64-mingw32/gcc-build/avr/avr5/libgcc/../../../../gcc/libgcc/config/avr/lib1funcs.S:897
    3e4a:	0f 93       	push	r16
/home/jenkins-mingw32/workspace/avr-gcc-staging/label/Ubuntu14.04x64-mingw32/gcc-build/avr/avr5/libgcc/../../../../gcc/libgcc/config/avr/lib1funcs.S:902
    3e4c:	9a 9d       	mul	r25, r10
    3e4e:	f0 2d       	mov	r31, r0
/home/jenkins-mingw32/workspace/avr-gcc-staging/label/Ubuntu14.04x64-mingw32/gcc-build/avr/avr5/libgcc/../../../../gcc/libgcc/config/avr/lib1funcs.S:903
    3e50:	21 9f       	mul	r18, r17
    3e52:	f0 0d       	add	r31, r0
/home/jenkins-mingw32/workspace/avr-gcc-staging/label/Ubuntu14.04x64-mingw32/gcc-build/avr/avr5/libgcc/../../../../gcc/libgcc/config/avr/lib1funcs.S:904
    3e54:	8b 9d       	mul	r24, r11
    3e56:	f0 0d       	add	r31, r0
/home/jenkins-mingw32/workspace/avr-gcc-staging/label/Ubuntu14.04x64-mingw32/gcc-build/avr/avr5/libgcc/../../../../gcc/libgcc/config/avr/lib1funcs.S:905
    3e58:	8a 9d       	mul	r24, r10
    3e5a:	e0 2d       	mov	r30, r0
    3e5c:	f1 0d       	add	r31, r1
/home/jenkins-mingw32/workspace/avr-gcc-staging/label/Ubuntu14.04x64-mingw32/gcc-build/avr/avr5/libgcc/../../../../gcc/libgcc/config/avr/lib1funcs.S:906
    3e5e:	03 9f       	mul	r16, r19
    3e60:	f0 0d       	add	r31, r0
/home/jenkins-mingw32/workspace/avr-gcc-staging/label/Ubuntu14.04x64-mingw32/gcc-build/avr/avr5/libgcc/../../../../gcc/libgcc/config/avr/lib1funcs.S:907
    3e62:	02 9f       	mul	r16, r18
    3e64:	e0 0d       	add	r30, r0
    3e66:	f1 1d       	adc	r31, r1
/home/jenkins-mingw32/workspace/avr-gcc-staging/label/Ubuntu14.04x64-mingw32/gcc-build/avr/avr5/libgcc/../../../../gcc/libgcc/config/avr/lib1funcs.S:910
    3e68:	4e 9d       	mul	r20, r14
    3e6a:	e0 0d       	add	r30, r0
    3e6c:	f1 1d       	adc	r31, r1
/home/jenkins-mingw32/workspace/avr-gcc-staging/label/Ubuntu14.04x64-mingw32/gcc-build/avr/avr5/libgcc/../../../../gcc/libgcc/config/avr/lib1funcs.S:911
    3e6e:	5e 9d       	mul	r21, r14
    3e70:	f0 0d       	add	r31, r0
/home/jenkins-mingw32/workspace/avr-gcc-staging/label/Ubuntu14.04x64-mingw32/gcc-build/avr/avr5/libgcc/../../../../gcc/libgcc/config/avr/lib1funcs.S:912
    3e72:	4f 9d       	mul	r20, r15
    3e74:	f0 0d       	add	r31, r0
/home/jenkins-mingw32/workspace/avr-gcc-staging/label/Ubuntu14.04x64-mingw32/gcc-build/avr/avr5/libgcc/../../../../gcc/libgcc/config/avr/lib1funcs.S:914
    3e76:	7f 93       	push	r23
/home/jenkins-mingw32/workspace/avr-gcc-staging/label/Ubuntu14.04x64-mingw32/gcc-build/avr/avr5/libgcc/../../../../gcc/libgcc/config/avr/lib1funcs.S:915
    3e78:	6f 93       	push	r22
/home/jenkins-mingw32/workspace/avr-gcc-staging/label/Ubuntu14.04x64-mingw32/gcc-build/avr/avr5/libgcc/../../../../gcc/libgcc/config/avr/lib1funcs.S:916
    3e7a:	bf 92       	push	r11
/home/jenkins-mingw32/workspace/avr-gcc-staging/label/Ubuntu14.04x64-mingw32/gcc-build/avr/avr5/libgcc/../../../../gcc/libgcc/config/avr/lib1funcs.S:917
    3e7c:	af 92       	push	r10
/home/jenkins-mingw32/workspace/avr-gcc-staging/label/Ubuntu14.04x64-mingw32/gcc-build/avr/avr5/libgcc/../../../../gcc/libgcc/config/avr/lib1funcs.S:918
    3e7e:	5f 93       	push	r21
/home/jenkins-mingw32/workspace/avr-gcc-staging/label/Ubuntu14.04x64-mingw32/gcc-build/avr/avr5/libgcc/../../../../gcc/libgcc/config/avr/lib1funcs.S:919
    3e80:	4f 93       	push	r20
/home/jenkins-mingw32/workspace/avr-gcc-staging/label/Ubuntu14.04x64-mingw32/gcc-build/avr/avr5/libgcc/../../../../gcc/libgcc/config/avr/lib1funcs.S:922
    3e82:	d5 01       	movw	r26, r10
/home/jenkins-mingw32/workspace/avr-gcc-staging/label/Ubuntu14.04x64-mingw32/gcc-build/avr/avr5/libgcc/../../../../gcc/libgcc/config/avr/lib1funcs.S:923
    3e84:	0e 94 d6 20 	call	0x41ac	; 0x41ac <__umulhisi3>
/home/jenkins-mingw32/workspace/avr-gcc-staging/label/Ubuntu14.04x64-mingw32/gcc-build/avr/avr5/libgcc/../../../../gcc/libgcc/config/avr/lib1funcs.S:924
    3e88:	8b 01       	movw	r16, r22
/home/jenkins-mingw32/workspace/avr-gcc-staging/label/Ubuntu14.04x64-mingw32/gcc-build/avr/avr5/libgcc/../../../../gcc/libgcc/config/avr/lib1funcs.S:925
    3e8a:	ac 01       	movw	r20, r24
/home/jenkins-mingw32/workspace/avr-gcc-staging/label/Ubuntu14.04x64-mingw32/gcc-build/avr/avr5/libgcc/../../../../gcc/libgcc/config/avr/lib1funcs.S:928
    3e8c:	d7 01       	movw	r26, r14
/home/jenkins-mingw32/workspace/avr-gcc-staging/label/Ubuntu14.04x64-mingw32/gcc-build/avr/avr5/libgcc/../../../../gcc/libgcc/config/avr/lib1funcs.S:929
    3e8e:	0e 94 d6 20 	call	0x41ac	; 0x41ac <__umulhisi3>
    3e92:	eb 01       	movw	r28, r22
    3e94:	e8 0f       	add	r30, r24
    3e96:	f9 1f       	adc	r31, r25
/home/jenkins-mingw32/workspace/avr-gcc-staging/label/Ubuntu14.04x64-mingw32/gcc-build/avr/avr5/libgcc/../../../../gcc/libgcc/config/avr/lib1funcs.S:931
    3e98:	d6 01       	movw	r26, r12
/home/jenkins-mingw32/workspace/avr-gcc-staging/label/Ubuntu14.04x64-mingw32/gcc-build/avr/avr5/libgcc/../../../../gcc/libgcc/config/avr/lib1funcs.S:933
    3e9a:	0e 94 71 1f 	call	0x3ee2	; 0x3ee2 <__muldi3_6>
/home/jenkins-mingw32/workspace/avr-gcc-staging/label/Ubuntu14.04x64-mingw32/gcc-build/avr/avr5/libgcc/../../../../gcc/libgcc/config/avr/lib1funcs.S:935
    3e9e:	2f 91       	pop	r18
/home/jenkins-mingw32/workspace/avr-gcc-staging/label/Ubuntu14.04x64-mingw32/gcc-build/avr/avr5/libgcc/../../../../gcc/libgcc/config/avr/lib1funcs.S:936
    3ea0:	3f 91       	pop	r19
/home/jenkins-mingw32/workspace/avr-gcc-staging/label/Ubuntu14.04x64-mingw32/gcc-build/avr/avr5/libgcc/../../../../gcc/libgcc/config/avr/lib1funcs.S:938
    3ea2:	d6 01       	movw	r26, r12
/home/jenkins-mingw32/workspace/avr-gcc-staging/label/Ubuntu14.04x64-mingw32/gcc-build/avr/avr5/libgcc/../../../../gcc/libgcc/config/avr/lib1funcs.S:939
    3ea4:	0e 94 d6 20 	call	0x41ac	; 0x41ac <__umulhisi3>
    3ea8:	c6 0f       	add	r28, r22
    3eaa:	d7 1f       	adc	r29, r23
    3eac:	e8 1f       	adc	r30, r24
    3eae:	f9 1f       	adc	r31, r25
/home/jenkins-mingw32/workspace/avr-gcc-staging/label/Ubuntu14.04x64-mingw32/gcc-build/avr/avr5/libgcc/../../../../gcc/libgcc/config/avr/lib1funcs.S:941
    3eb0:	af 91       	pop	r26
/home/jenkins-mingw32/workspace/avr-gcc-staging/label/Ubuntu14.04x64-mingw32/gcc-build/avr/avr5/libgcc/../../../../gcc/libgcc/config/avr/lib1funcs.S:942
    3eb2:	bf 91       	pop	r27
/home/jenkins-mingw32/workspace/avr-gcc-staging/label/Ubuntu14.04x64-mingw32/gcc-build/avr/avr5/libgcc/../../../../gcc/libgcc/config/avr/lib1funcs.S:944
    3eb4:	0e 94 71 1f 	call	0x3ee2	; 0x3ee2 <__muldi3_6>
/home/jenkins-mingw32/workspace/avr-gcc-staging/label/Ubuntu14.04x64-mingw32/gcc-build/avr/avr5/libgcc/../../../../gcc/libgcc/config/avr/lib1funcs.S:946
    3eb8:	2f 91       	pop	r18
/home/jenkins-mingw32/workspace/avr-gcc-staging/label/Ubuntu14.04x64-mingw32/gcc-build/avr/avr5/libgcc/../../../../gcc/libgcc/config/avr/lib1funcs.S:947
    3eba:	3f 91       	pop	r19
/home/jenkins-mingw32/workspace/avr-gcc-staging/label/Ubuntu14.04x64-mingw32/gcc-build/avr/avr5/libgcc/../../../../gcc/libgcc/config/avr/lib1funcs.S:949
    3ebc:	0e 94 d6 20 	call	0x41ac	; 0x41ac <__umulhisi3>
    3ec0:	c6 0f       	add	r28, r22
    3ec2:	d7 1f       	adc	r29, r23
    3ec4:	e8 1f       	adc	r30, r24
    3ec6:	f9 1f       	adc	r31, r25
/home/jenkins-mingw32/workspace/avr-gcc-staging/label/Ubuntu14.04x64-mingw32/gcc-build/avr/avr5/libgcc/../../../../gcc/libgcc/config/avr/lib1funcs.S:952
    3ec8:	d6 01       	movw	r26, r12
/home/jenkins-mingw32/workspace/avr-gcc-staging/label/Ubuntu14.04x64-mingw32/gcc-build/avr/avr5/libgcc/../../../../gcc/libgcc/config/avr/lib1funcs.S:953
    3eca:	0e 94 d6 20 	call	0x41ac	; 0x41ac <__umulhisi3>
    3ece:	e6 0f       	add	r30, r22
    3ed0:	f7 1f       	adc	r31, r23
/home/jenkins-mingw32/workspace/avr-gcc-staging/label/Ubuntu14.04x64-mingw32/gcc-build/avr/avr5/libgcc/../../../../gcc/libgcc/config/avr/lib1funcs.S:956
    3ed2:	98 01       	movw	r18, r16
/home/jenkins-mingw32/workspace/avr-gcc-staging/label/Ubuntu14.04x64-mingw32/gcc-build/avr/avr5/libgcc/../../../../gcc/libgcc/config/avr/lib1funcs.S:958
    3ed4:	be 01       	movw	r22, r28
/home/jenkins-mingw32/workspace/avr-gcc-staging/label/Ubuntu14.04x64-mingw32/gcc-build/avr/avr5/libgcc/../../../../gcc/libgcc/config/avr/lib1funcs.S:959
    3ed6:	cf 01       	movw	r24, r30
/home/jenkins-mingw32/workspace/avr-gcc-staging/label/Ubuntu14.04x64-mingw32/gcc-build/avr/avr5/libgcc/../../../../gcc/libgcc/config/avr/lib1funcs.S:961
    3ed8:	0f 91       	pop	r16
/home/jenkins-mingw32/workspace/avr-gcc-staging/label/Ubuntu14.04x64-mingw32/gcc-build/avr/avr5/libgcc/../../../../gcc/libgcc/config/avr/lib1funcs.S:962
    3eda:	1f 91       	pop	r17
/home/jenkins-mingw32/workspace/avr-gcc-staging/label/Ubuntu14.04x64-mingw32/gcc-build/avr/avr5/libgcc/../../../../gcc/libgcc/config/avr/lib1funcs.S:963
    3edc:	cf 91       	pop	r28
/home/jenkins-mingw32/workspace/avr-gcc-staging/label/Ubuntu14.04x64-mingw32/gcc-build/avr/avr5/libgcc/../../../../gcc/libgcc/config/avr/lib1funcs.S:964
    3ede:	df 91       	pop	r29
/home/jenkins-mingw32/workspace/avr-gcc-staging/label/Ubuntu14.04x64-mingw32/gcc-build/avr/avr5/libgcc/../../../../gcc/libgcc/config/avr/lib1funcs.S:965
    3ee0:	08 95       	ret

00003ee2 <__muldi3_6>:
__muldi3_6():
/home/jenkins-mingw32/workspace/avr-gcc-staging/label/Ubuntu14.04x64-mingw32/gcc-build/avr/avr5/libgcc/../../../../gcc/libgcc/config/avr/lib1funcs.S:973
    3ee2:	0e 94 d6 20 	call	0x41ac	; 0x41ac <__umulhisi3>
/home/jenkins-mingw32/workspace/avr-gcc-staging/label/Ubuntu14.04x64-mingw32/gcc-build/avr/avr5/libgcc/../../../../gcc/libgcc/config/avr/lib1funcs.S:974
    3ee6:	46 0f       	add	r20, r22
/home/jenkins-mingw32/workspace/avr-gcc-staging/label/Ubuntu14.04x64-mingw32/gcc-build/avr/avr5/libgcc/../../../../gcc/libgcc/config/avr/lib1funcs.S:975
    3ee8:	57 1f       	adc	r21, r23
/home/jenkins-mingw32/workspace/avr-gcc-staging/label/Ubuntu14.04x64-mingw32/gcc-build/avr/avr5/libgcc/../../../../gcc/libgcc/config/avr/lib1funcs.S:976
    3eea:	c8 1f       	adc	r28, r24
/home/jenkins-mingw32/workspace/avr-gcc-staging/label/Ubuntu14.04x64-mingw32/gcc-build/avr/avr5/libgcc/../../../../gcc/libgcc/config/avr/lib1funcs.S:977
    3eec:	d9 1f       	adc	r29, r25
/home/jenkins-mingw32/workspace/avr-gcc-staging/label/Ubuntu14.04x64-mingw32/gcc-build/avr/avr5/libgcc/../../../../gcc/libgcc/config/avr/lib1funcs.S:978
    3eee:	08 f4       	brcc	.+2      	; 0x3ef2 <__muldi3_6+0x10>
/home/jenkins-mingw32/workspace/avr-gcc-staging/label/Ubuntu14.04x64-mingw32/gcc-build/avr/avr5/libgcc/../../../../gcc/libgcc/config/avr/lib1funcs.S:979
    3ef0:	31 96       	adiw	r30, 0x01	; 1
/home/jenkins-mingw32/workspace/avr-gcc-staging/label/Ubuntu14.04x64-mingw32/gcc-build/avr/avr5/libgcc/../../../../gcc/libgcc/config/avr/lib1funcs.S:980
    3ef2:	08 95       	ret

00003ef4 <__umulsidi3>:
__umulsidi3():
/home/jenkins-mingw32/workspace/avr-gcc-staging/label/Ubuntu14.04x64-mingw32/gcc-build/avr/avr5/libgcc/../../../../gcc/libgcc/config/avr/lib1funcs.S:1130
    3ef4:	e8 94       	clt

00003ef6 <__umulsidi3_helper>:
__umulsidi3_helper():
/home/jenkins-mingw32/workspace/avr-gcc-staging/label/Ubuntu14.04x64-mingw32/gcc-build/avr/avr5/libgcc/../../../../gcc/libgcc/config/avr/lib1funcs.S:1135
    3ef6:	df 93       	push	r29
    3ef8:	cf 93       	push	r28
/home/jenkins-mingw32/workspace/avr-gcc-staging/label/Ubuntu14.04x64-mingw32/gcc-build/avr/avr5/libgcc/../../../../gcc/libgcc/config/avr/lib1funcs.S:1136
    3efa:	fc 01       	movw	r30, r24
/home/jenkins-mingw32/workspace/avr-gcc-staging/label/Ubuntu14.04x64-mingw32/gcc-build/avr/avr5/libgcc/../../../../gcc/libgcc/config/avr/lib1funcs.S:1139
    3efc:	db 01       	movw	r26, r22
/home/jenkins-mingw32/workspace/avr-gcc-staging/label/Ubuntu14.04x64-mingw32/gcc-build/avr/avr5/libgcc/../../../../gcc/libgcc/config/avr/lib1funcs.S:1140
    3efe:	0e 94 d6 20 	call	0x41ac	; 0x41ac <__umulhisi3>
/home/jenkins-mingw32/workspace/avr-gcc-staging/label/Ubuntu14.04x64-mingw32/gcc-build/avr/avr5/libgcc/../../../../gcc/libgcc/config/avr/lib1funcs.S:1141
    3f02:	7f 93       	push	r23
    3f04:	6f 93       	push	r22
/home/jenkins-mingw32/workspace/avr-gcc-staging/label/Ubuntu14.04x64-mingw32/gcc-build/avr/avr5/libgcc/../../../../gcc/libgcc/config/avr/lib1funcs.S:1142
    3f06:	e9 01       	movw	r28, r18
/home/jenkins-mingw32/workspace/avr-gcc-staging/label/Ubuntu14.04x64-mingw32/gcc-build/avr/avr5/libgcc/../../../../gcc/libgcc/config/avr/lib1funcs.S:1143
    3f08:	9a 01       	movw	r18, r20
/home/jenkins-mingw32/workspace/avr-gcc-staging/label/Ubuntu14.04x64-mingw32/gcc-build/avr/avr5/libgcc/../../../../gcc/libgcc/config/avr/lib1funcs.S:1144
    3f0a:	ac 01       	movw	r20, r24
/home/jenkins-mingw32/workspace/avr-gcc-staging/label/Ubuntu14.04x64-mingw32/gcc-build/avr/avr5/libgcc/../../../../gcc/libgcc/config/avr/lib1funcs.S:1145
    3f0c:	bf 93       	push	r27
    3f0e:	af 93       	push	r26
/home/jenkins-mingw32/workspace/avr-gcc-staging/label/Ubuntu14.04x64-mingw32/gcc-build/avr/avr5/libgcc/../../../../gcc/libgcc/config/avr/lib1funcs.S:1146
    3f10:	3f 93       	push	r19
    3f12:	2f 93       	push	r18
/home/jenkins-mingw32/workspace/avr-gcc-staging/label/Ubuntu14.04x64-mingw32/gcc-build/avr/avr5/libgcc/../../../../gcc/libgcc/config/avr/lib1funcs.S:1151
    3f14:	df 01       	movw	r26, r30
/home/jenkins-mingw32/workspace/avr-gcc-staging/label/Ubuntu14.04x64-mingw32/gcc-build/avr/avr5/libgcc/../../../../gcc/libgcc/config/avr/lib1funcs.S:1152
    3f16:	0e 94 d6 20 	call	0x41ac	; 0x41ac <__umulhisi3>
/home/jenkins-mingw32/workspace/avr-gcc-staging/label/Ubuntu14.04x64-mingw32/gcc-build/avr/avr5/libgcc/../../../../gcc/libgcc/config/avr/lib1funcs.S:1154
    3f1a:	26 f4       	brtc	.+8      	; 0x3f24 <__umulsidi3_helper+0x2e>
/home/jenkins-mingw32/workspace/avr-gcc-staging/label/Ubuntu14.04x64-mingw32/gcc-build/avr/avr5/libgcc/../../../../gcc/libgcc/config/avr/lib1funcs.S:1156
    3f1c:	6c 1b       	sub	r22, r28
/home/jenkins-mingw32/workspace/avr-gcc-staging/label/Ubuntu14.04x64-mingw32/gcc-build/avr/avr5/libgcc/../../../../gcc/libgcc/config/avr/lib1funcs.S:1157
    3f1e:	7d 0b       	sbc	r23, r29
/home/jenkins-mingw32/workspace/avr-gcc-staging/label/Ubuntu14.04x64-mingw32/gcc-build/avr/avr5/libgcc/../../../../gcc/libgcc/config/avr/lib1funcs.S:1158
    3f20:	82 0b       	sbc	r24, r18
/home/jenkins-mingw32/workspace/avr-gcc-staging/label/Ubuntu14.04x64-mingw32/gcc-build/avr/avr5/libgcc/../../../../gcc/libgcc/config/avr/lib1funcs.S:1159
    3f22:	93 0b       	sbc	r25, r19
/home/jenkins-mingw32/workspace/avr-gcc-staging/label/Ubuntu14.04x64-mingw32/gcc-build/avr/avr5/libgcc/../../../../gcc/libgcc/config/avr/lib1funcs.S:1160
    3f24:	9e 01       	movw	r18, r28
/home/jenkins-mingw32/workspace/avr-gcc-staging/label/Ubuntu14.04x64-mingw32/gcc-build/avr/avr5/libgcc/../../../../gcc/libgcc/config/avr/lib1funcs.S:1161
    3f26:	eb 01       	movw	r28, r22
/home/jenkins-mingw32/workspace/avr-gcc-staging/label/Ubuntu14.04x64-mingw32/gcc-build/avr/avr5/libgcc/../../../../gcc/libgcc/config/avr/lib1funcs.S:1162
    3f28:	fc 01       	movw	r30, r24
/home/jenkins-mingw32/workspace/avr-gcc-staging/label/Ubuntu14.04x64-mingw32/gcc-build/avr/avr5/libgcc/../../../../gcc/libgcc/config/avr/lib1funcs.S:1168
    3f2a:	0e 94 71 1f 	call	0x3ee2	; 0x3ee2 <__muldi3_6>
/home/jenkins-mingw32/workspace/avr-gcc-staging/label/Ubuntu14.04x64-mingw32/gcc-build/avr/avr5/libgcc/../../../../gcc/libgcc/config/avr/lib1funcs.S:1170
    3f2e:	af 91       	pop	r26
    3f30:	bf 91       	pop	r27
/home/jenkins-mingw32/workspace/avr-gcc-staging/label/Ubuntu14.04x64-mingw32/gcc-build/avr/avr5/libgcc/../../../../gcc/libgcc/config/avr/lib1funcs.S:1171
    3f32:	2f 91       	pop	r18
    3f34:	3f 91       	pop	r19
/home/jenkins-mingw32/workspace/avr-gcc-staging/label/Ubuntu14.04x64-mingw32/gcc-build/avr/avr5/libgcc/../../../../gcc/libgcc/config/avr/lib1funcs.S:1172
    3f36:	0e 94 71 1f 	call	0x3ee2	; 0x3ee2 <__muldi3_6>
/home/jenkins-mingw32/workspace/avr-gcc-staging/label/Ubuntu14.04x64-mingw32/gcc-build/avr/avr5/libgcc/../../../../gcc/libgcc/config/avr/lib1funcs.S:1175
    3f3a:	be 01       	movw	r22, r28
/home/jenkins-mingw32/workspace/avr-gcc-staging/label/Ubuntu14.04x64-mingw32/gcc-build/avr/avr5/libgcc/../../../../gcc/libgcc/config/avr/lib1funcs.S:1176
    3f3c:	cf 01       	movw	r24, r30
/home/jenkins-mingw32/workspace/avr-gcc-staging/label/Ubuntu14.04x64-mingw32/gcc-build/avr/avr5/libgcc/../../../../gcc/libgcc/config/avr/lib1funcs.S:1177
    3f3e:	f9 01       	movw	r30, r18
/home/jenkins-mingw32/workspace/avr-gcc-staging/label/Ubuntu14.04x64-mingw32/gcc-build/avr/avr5/libgcc/../../../../gcc/libgcc/config/avr/lib1funcs.S:1178
    3f40:	2f 91       	pop	r18
    3f42:	3f 91       	pop	r19
/home/jenkins-mingw32/workspace/avr-gcc-staging/label/Ubuntu14.04x64-mingw32/gcc-build/avr/avr5/libgcc/../../../../gcc/libgcc/config/avr/lib1funcs.S:1181
    3f44:	cf 91       	pop	r28
    3f46:	df 91       	pop	r29
/home/jenkins-mingw32/workspace/avr-gcc-staging/label/Ubuntu14.04x64-mingw32/gcc-build/avr/avr5/libgcc/../../../../gcc/libgcc/config/avr/lib1funcs.S:1182
    3f48:	08 95       	ret

00003f4a <__moddi3>:
__moddi3():
/home/jenkins-mingw32/workspace/avr-gcc-staging/label/Ubuntu14.04x64-mingw32/gcc-build/avr/avr5/libgcc/../../../../gcc/libgcc/config/avr/lib1funcs.S:1964
    3f4a:	68 94       	set
/home/jenkins-mingw32/workspace/avr-gcc-staging/label/Ubuntu14.04x64-mingw32/gcc-build/avr/avr5/libgcc/../../../../gcc/libgcc/config/avr/lib1funcs.S:1965
    3f4c:	01 c0       	rjmp	.+2      	; 0x3f50 <__divdi3_moddi3>

00003f4e <__divdi3>:
__divdi3():
/home/jenkins-mingw32/workspace/avr-gcc-staging/label/Ubuntu14.04x64-mingw32/gcc-build/avr/avr5/libgcc/../../../../gcc/libgcc/config/avr/lib1funcs.S:1972
    3f4e:	e8 94       	clt

00003f50 <__divdi3_moddi3>:
__divdi3_moddi3():
/home/jenkins-mingw32/workspace/avr-gcc-staging/label/Ubuntu14.04x64-mingw32/gcc-build/avr/avr5/libgcc/../../../../gcc/libgcc/config/avr/lib1funcs.S:1977
    3f50:	f9 2f       	mov	r31, r25
/home/jenkins-mingw32/workspace/avr-gcc-staging/label/Ubuntu14.04x64-mingw32/gcc-build/avr/avr5/libgcc/../../../../gcc/libgcc/config/avr/lib1funcs.S:1978
    3f52:	f1 2b       	or	r31, r17
/home/jenkins-mingw32/workspace/avr-gcc-staging/label/Ubuntu14.04x64-mingw32/gcc-build/avr/avr5/libgcc/../../../../gcc/libgcc/config/avr/lib1funcs.S:1979
    3f54:	12 f0       	brmi	.+4      	; 0x3f5a <__divdi3_moddi3+0xa>
/home/jenkins-mingw32/workspace/avr-gcc-staging/label/Ubuntu14.04x64-mingw32/gcc-build/avr/avr5/libgcc/../../../../gcc/libgcc/config/avr/lib1funcs.S:1981
    3f56:	0c 94 d9 1f 	jmp	0x3fb2	; 0x3fb2 <__udivdi3_umoddi3>
/home/jenkins-mingw32/workspace/avr-gcc-staging/label/Ubuntu14.04x64-mingw32/gcc-build/avr/avr5/libgcc/../../../../gcc/libgcc/config/avr/lib1funcs.S:1987
    3f5a:	a0 e0       	ldi	r26, 0x00	; 0
    3f5c:	b0 e0       	ldi	r27, 0x00	; 0
    3f5e:	e3 eb       	ldi	r30, 0xB3	; 179
    3f60:	ff e1       	ldi	r31, 0x1F	; 31
    3f62:	0c 94 4b 20 	jmp	0x4096	; 0x4096 <__prologue_saves__+0xc>
/home/jenkins-mingw32/workspace/avr-gcc-staging/label/Ubuntu14.04x64-mingw32/gcc-build/avr/avr5/libgcc/../../../../gcc/libgcc/config/avr/lib1funcs.S:1991
    3f66:	09 2e       	mov	r0, r25
/home/jenkins-mingw32/workspace/avr-gcc-staging/label/Ubuntu14.04x64-mingw32/gcc-build/avr/avr5/libgcc/../../../../gcc/libgcc/config/avr/lib1funcs.S:1992
    3f68:	05 94       	asr	r0
/home/jenkins-mingw32/workspace/avr-gcc-staging/label/Ubuntu14.04x64-mingw32/gcc-build/avr/avr5/libgcc/../../../../gcc/libgcc/config/avr/lib1funcs.S:1997
    3f6a:	22 f4       	brpl	.+8      	; 0x3f74 <__divdi3_moddi3+0x24>
/home/jenkins-mingw32/workspace/avr-gcc-staging/label/Ubuntu14.04x64-mingw32/gcc-build/avr/avr5/libgcc/../../../../gcc/libgcc/config/avr/lib1funcs.S:2002
    3f6c:	0e 94 35 20 	call	0x406a	; 0x406a <__negdi2>
/home/jenkins-mingw32/workspace/avr-gcc-staging/label/Ubuntu14.04x64-mingw32/gcc-build/avr/avr5/libgcc/../../../../gcc/libgcc/config/avr/lib1funcs.S:2005
    3f70:	11 23       	and	r17, r17
/home/jenkins-mingw32/workspace/avr-gcc-staging/label/Ubuntu14.04x64-mingw32/gcc-build/avr/avr5/libgcc/../../../../gcc/libgcc/config/avr/lib1funcs.S:2006
    3f72:	92 f4       	brpl	.+36     	; 0x3f98 <__divdi3_moddi3+0x48>
/home/jenkins-mingw32/workspace/avr-gcc-staging/label/Ubuntu14.04x64-mingw32/gcc-build/avr/avr5/libgcc/../../../../gcc/libgcc/config/avr/lib1funcs.S:2007
    3f74:	f0 e8       	ldi	r31, 0x80	; 128
/home/jenkins-mingw32/workspace/avr-gcc-staging/label/Ubuntu14.04x64-mingw32/gcc-build/avr/avr5/libgcc/../../../../gcc/libgcc/config/avr/lib1funcs.S:2008
    3f76:	0f 26       	eor	r0, r31
/home/jenkins-mingw32/workspace/avr-gcc-staging/label/Ubuntu14.04x64-mingw32/gcc-build/avr/avr5/libgcc/../../../../gcc/libgcc/config/avr/lib1funcs.S:2010
    3f78:	ff ef       	ldi	r31, 0xFF	; 255
/home/jenkins-mingw32/workspace/avr-gcc-staging/label/Ubuntu14.04x64-mingw32/gcc-build/avr/avr5/libgcc/../../../../gcc/libgcc/config/avr/lib1funcs.S:2011
    3f7a:	e0 94       	com	r14
    3f7c:	f0 94       	com	r15
    3f7e:	00 95       	com	r16
    3f80:	10 95       	com	r17
/home/jenkins-mingw32/workspace/avr-gcc-staging/label/Ubuntu14.04x64-mingw32/gcc-build/avr/avr5/libgcc/../../../../gcc/libgcc/config/avr/lib1funcs.S:2012
    3f82:	b0 94       	com	r11
    3f84:	c0 94       	com	r12
    3f86:	d0 94       	com	r13
/home/jenkins-mingw32/workspace/avr-gcc-staging/label/Ubuntu14.04x64-mingw32/gcc-build/avr/avr5/libgcc/../../../../gcc/libgcc/config/avr/lib1funcs.S:2013
    3f88:	a1 94       	neg	r10
/home/jenkins-mingw32/workspace/avr-gcc-staging/label/Ubuntu14.04x64-mingw32/gcc-build/avr/avr5/libgcc/../../../../gcc/libgcc/config/avr/lib1funcs.S:2014
    3f8a:	bf 0a       	sbc	r11, r31
    3f8c:	cf 0a       	sbc	r12, r31
    3f8e:	df 0a       	sbc	r13, r31
/home/jenkins-mingw32/workspace/avr-gcc-staging/label/Ubuntu14.04x64-mingw32/gcc-build/avr/avr5/libgcc/../../../../gcc/libgcc/config/avr/lib1funcs.S:2015
    3f90:	ef 0a       	sbc	r14, r31
    3f92:	ff 0a       	sbc	r15, r31
    3f94:	0f 0b       	sbc	r16, r31
    3f96:	1f 0b       	sbc	r17, r31
/home/jenkins-mingw32/workspace/avr-gcc-staging/label/Ubuntu14.04x64-mingw32/gcc-build/avr/avr5/libgcc/../../../../gcc/libgcc/config/avr/lib1funcs.S:2018
    3f98:	0e 94 e4 1f 	call	0x3fc8	; 0x3fc8 <__udivmod64>
/home/jenkins-mingw32/workspace/avr-gcc-staging/label/Ubuntu14.04x64-mingw32/gcc-build/avr/avr5/libgcc/../../../../gcc/libgcc/config/avr/lib1funcs.S:2025
    3f9c:	07 fc       	sbrc	r0, 7
/home/jenkins-mingw32/workspace/avr-gcc-staging/label/Ubuntu14.04x64-mingw32/gcc-build/avr/avr5/libgcc/../../../../gcc/libgcc/config/avr/lib1funcs.S:2027
    3f9e:	0e 94 35 20 	call	0x406a	; 0x406a <__negdi2>
/home/jenkins-mingw32/workspace/avr-gcc-staging/label/Ubuntu14.04x64-mingw32/gcc-build/avr/avr5/libgcc/../../../../gcc/libgcc/config/avr/lib1funcs.S:2030
    3fa2:	cd b7       	in	r28, 0x3d	; 61
    3fa4:	de b7       	in	r29, 0x3e	; 62
    3fa6:	ec e0       	ldi	r30, 0x0C	; 12
    3fa8:	0c 94 67 20 	jmp	0x40ce	; 0x40ce <__epilogue_restores__+0xc>

00003fac <__umoddi3>:
__umoddi3():
/home/jenkins-mingw32/workspace/avr-gcc-staging/label/Ubuntu14.04x64-mingw32/gcc-build/avr/avr5/libgcc/../../../../gcc/libgcc/config/avr/lib1funcs.S:1806
    3fac:	68 94       	set
/home/jenkins-mingw32/workspace/avr-gcc-staging/label/Ubuntu14.04x64-mingw32/gcc-build/avr/avr5/libgcc/../../../../gcc/libgcc/config/avr/lib1funcs.S:1807
    3fae:	01 c0       	rjmp	.+2      	; 0x3fb2 <__udivdi3_umoddi3>

00003fb0 <__udivdi3>:
__udivdi3():
/home/jenkins-mingw32/workspace/avr-gcc-staging/label/Ubuntu14.04x64-mingw32/gcc-build/avr/avr5/libgcc/../../../../gcc/libgcc/config/avr/lib1funcs.S:1814
    3fb0:	e8 94       	clt

00003fb2 <__udivdi3_umoddi3>:
__udivdi3_umoddi3():
/home/jenkins-mingw32/workspace/avr-gcc-staging/label/Ubuntu14.04x64-mingw32/gcc-build/avr/avr5/libgcc/../../../../gcc/libgcc/config/avr/lib1funcs.S:1818
    3fb2:	8f 92       	push	r8
/home/jenkins-mingw32/workspace/avr-gcc-staging/label/Ubuntu14.04x64-mingw32/gcc-build/avr/avr5/libgcc/../../../../gcc/libgcc/config/avr/lib1funcs.S:1819
    3fb4:	9f 92       	push	r9
/home/jenkins-mingw32/workspace/avr-gcc-staging/label/Ubuntu14.04x64-mingw32/gcc-build/avr/avr5/libgcc/../../../../gcc/libgcc/config/avr/lib1funcs.S:1820
    3fb6:	cf 93       	push	r28
/home/jenkins-mingw32/workspace/avr-gcc-staging/label/Ubuntu14.04x64-mingw32/gcc-build/avr/avr5/libgcc/../../../../gcc/libgcc/config/avr/lib1funcs.S:1821
    3fb8:	df 93       	push	r29
/home/jenkins-mingw32/workspace/avr-gcc-staging/label/Ubuntu14.04x64-mingw32/gcc-build/avr/avr5/libgcc/../../../../gcc/libgcc/config/avr/lib1funcs.S:1822
    3fba:	0e 94 e4 1f 	call	0x3fc8	; 0x3fc8 <__udivmod64>
/home/jenkins-mingw32/workspace/avr-gcc-staging/label/Ubuntu14.04x64-mingw32/gcc-build/avr/avr5/libgcc/../../../../gcc/libgcc/config/avr/lib1funcs.S:1823
    3fbe:	df 91       	pop	r29
/home/jenkins-mingw32/workspace/avr-gcc-staging/label/Ubuntu14.04x64-mingw32/gcc-build/avr/avr5/libgcc/../../../../gcc/libgcc/config/avr/lib1funcs.S:1824
    3fc0:	cf 91       	pop	r28
/home/jenkins-mingw32/workspace/avr-gcc-staging/label/Ubuntu14.04x64-mingw32/gcc-build/avr/avr5/libgcc/../../../../gcc/libgcc/config/avr/lib1funcs.S:1825
    3fc2:	9f 90       	pop	r9
/home/jenkins-mingw32/workspace/avr-gcc-staging/label/Ubuntu14.04x64-mingw32/gcc-build/avr/avr5/libgcc/../../../../gcc/libgcc/config/avr/lib1funcs.S:1826
    3fc4:	8f 90       	pop	r8
/home/jenkins-mingw32/workspace/avr-gcc-staging/label/Ubuntu14.04x64-mingw32/gcc-build/avr/avr5/libgcc/../../../../gcc/libgcc/config/avr/lib1funcs.S:1827
    3fc6:	08 95       	ret

00003fc8 <__udivmod64>:
__udivmod64():
/home/jenkins-mingw32/workspace/avr-gcc-staging/label/Ubuntu14.04x64-mingw32/gcc-build/avr/avr5/libgcc/../../../../gcc/libgcc/config/avr/lib1funcs.S:1842
    3fc8:	88 24       	eor	r8, r8
/home/jenkins-mingw32/workspace/avr-gcc-staging/label/Ubuntu14.04x64-mingw32/gcc-build/avr/avr5/libgcc/../../../../gcc/libgcc/config/avr/lib1funcs.S:1843
    3fca:	99 24       	eor	r9, r9
/home/jenkins-mingw32/workspace/avr-gcc-staging/label/Ubuntu14.04x64-mingw32/gcc-build/avr/avr5/libgcc/../../../../gcc/libgcc/config/avr/lib1funcs.S:1844
    3fcc:	f4 01       	movw	r30, r8
/home/jenkins-mingw32/workspace/avr-gcc-staging/label/Ubuntu14.04x64-mingw32/gcc-build/avr/avr5/libgcc/../../../../gcc/libgcc/config/avr/lib1funcs.S:1845
    3fce:	e4 01       	movw	r28, r8
/home/jenkins-mingw32/workspace/avr-gcc-staging/label/Ubuntu14.04x64-mingw32/gcc-build/avr/avr5/libgcc/../../../../gcc/libgcc/config/avr/lib1funcs.S:1846
    3fd0:	b0 e4       	ldi	r27, 0x40	; 64
/home/jenkins-mingw32/workspace/avr-gcc-staging/label/Ubuntu14.04x64-mingw32/gcc-build/avr/avr5/libgcc/../../../../gcc/libgcc/config/avr/lib1funcs.S:1856
    3fd2:	9f 93       	push	r25
/home/jenkins-mingw32/workspace/avr-gcc-staging/label/Ubuntu14.04x64-mingw32/gcc-build/avr/avr5/libgcc/../../../../gcc/libgcc/config/avr/lib1funcs.S:1857
    3fd4:	aa 27       	eor	r26, r26
/home/jenkins-mingw32/workspace/avr-gcc-staging/label/Ubuntu14.04x64-mingw32/gcc-build/avr/avr5/libgcc/../../../../gcc/libgcc/config/avr/lib1funcs.S:1861
    3fd6:	9a 15       	cp	r25, r10
    3fd8:	8b 04       	cpc	r8, r11
    3fda:	9c 04       	cpc	r9, r12
    3fdc:	ed 05       	cpc	r30, r13
/home/jenkins-mingw32/workspace/avr-gcc-staging/label/Ubuntu14.04x64-mingw32/gcc-build/avr/avr5/libgcc/../../../../gcc/libgcc/config/avr/lib1funcs.S:1862
    3fde:	fe 05       	cpc	r31, r14
    3fe0:	cf 05       	cpc	r28, r15
    3fe2:	d0 07       	cpc	r29, r16
    3fe4:	a1 07       	cpc	r26, r17
/home/jenkins-mingw32/workspace/avr-gcc-staging/label/Ubuntu14.04x64-mingw32/gcc-build/avr/avr5/libgcc/../../../../gcc/libgcc/config/avr/lib1funcs.S:1863
    3fe6:	98 f4       	brcc	.+38     	; 0x400e <__udivmod64+0x46>
/home/jenkins-mingw32/workspace/avr-gcc-staging/label/Ubuntu14.04x64-mingw32/gcc-build/avr/avr5/libgcc/../../../../gcc/libgcc/config/avr/lib1funcs.S:1866
    3fe8:	ad 2f       	mov	r26, r29
    3fea:	dc 2f       	mov	r29, r28
    3fec:	cf 2f       	mov	r28, r31
/home/jenkins-mingw32/workspace/avr-gcc-staging/label/Ubuntu14.04x64-mingw32/gcc-build/avr/avr5/libgcc/../../../../gcc/libgcc/config/avr/lib1funcs.S:1867
    3fee:	fe 2f       	mov	r31, r30
    3ff0:	e9 2d       	mov	r30, r9
    3ff2:	98 2c       	mov	r9, r8
    3ff4:	89 2e       	mov	r8, r25
/home/jenkins-mingw32/workspace/avr-gcc-staging/label/Ubuntu14.04x64-mingw32/gcc-build/avr/avr5/libgcc/../../../../gcc/libgcc/config/avr/lib1funcs.S:1868
    3ff6:	98 2f       	mov	r25, r24
    3ff8:	87 2f       	mov	r24, r23
    3ffa:	76 2f       	mov	r23, r22
    3ffc:	65 2f       	mov	r22, r21
/home/jenkins-mingw32/workspace/avr-gcc-staging/label/Ubuntu14.04x64-mingw32/gcc-build/avr/avr5/libgcc/../../../../gcc/libgcc/config/avr/lib1funcs.S:1869
    3ffe:	54 2f       	mov	r21, r20
    4000:	43 2f       	mov	r20, r19
    4002:	32 2f       	mov	r19, r18
    4004:	22 27       	eor	r18, r18
/home/jenkins-mingw32/workspace/avr-gcc-staging/label/Ubuntu14.04x64-mingw32/gcc-build/avr/avr5/libgcc/../../../../gcc/libgcc/config/avr/lib1funcs.S:1872
    4006:	b8 50       	subi	r27, 0x08	; 8
/home/jenkins-mingw32/workspace/avr-gcc-staging/label/Ubuntu14.04x64-mingw32/gcc-build/avr/avr5/libgcc/../../../../gcc/libgcc/config/avr/lib1funcs.S:1873
    4008:	31 f7       	brne	.-52     	; 0x3fd6 <__udivmod64+0xe>
/home/jenkins-mingw32/workspace/avr-gcc-staging/label/Ubuntu14.04x64-mingw32/gcc-build/avr/avr5/libgcc/../../../../gcc/libgcc/config/avr/lib1funcs.S:1876
    400a:	bf 91       	pop	r27
/home/jenkins-mingw32/workspace/avr-gcc-staging/label/Ubuntu14.04x64-mingw32/gcc-build/avr/avr5/libgcc/../../../../gcc/libgcc/config/avr/lib1funcs.S:1881
    400c:	27 c0       	rjmp	.+78     	; 0x405c <__udivmod64+0x94>
/home/jenkins-mingw32/workspace/avr-gcc-staging/label/Ubuntu14.04x64-mingw32/gcc-build/avr/avr5/libgcc/../../../../gcc/libgcc/config/avr/lib1funcs.S:1884
    400e:	1b 2e       	mov	r1, r27
/home/jenkins-mingw32/workspace/avr-gcc-staging/label/Ubuntu14.04x64-mingw32/gcc-build/avr/avr5/libgcc/../../../../gcc/libgcc/config/avr/lib1funcs.S:1887
    4010:	bf 91       	pop	r27
/home/jenkins-mingw32/workspace/avr-gcc-staging/label/Ubuntu14.04x64-mingw32/gcc-build/avr/avr5/libgcc/../../../../gcc/libgcc/config/avr/lib1funcs.S:1888
    4012:	bb 27       	eor	r27, r27
/home/jenkins-mingw32/workspace/avr-gcc-staging/label/Ubuntu14.04x64-mingw32/gcc-build/avr/avr5/libgcc/../../../../gcc/libgcc/config/avr/lib1funcs.S:1916
    4014:	22 0f       	add	r18, r18
    4016:	33 1f       	adc	r19, r19
    4018:	44 1f       	adc	r20, r20
    401a:	55 1f       	adc	r21, r21
/home/jenkins-mingw32/workspace/avr-gcc-staging/label/Ubuntu14.04x64-mingw32/gcc-build/avr/avr5/libgcc/../../../../gcc/libgcc/config/avr/lib1funcs.S:1917
    401c:	66 1f       	adc	r22, r22
    401e:	77 1f       	adc	r23, r23
    4020:	88 1f       	adc	r24, r24
    4022:	99 1f       	adc	r25, r25
/home/jenkins-mingw32/workspace/avr-gcc-staging/label/Ubuntu14.04x64-mingw32/gcc-build/avr/avr5/libgcc/../../../../gcc/libgcc/config/avr/lib1funcs.S:1920
    4024:	88 1c       	adc	r8, r8
    4026:	99 1c       	adc	r9, r9
    4028:	ee 1f       	adc	r30, r30
    402a:	ff 1f       	adc	r31, r31
/home/jenkins-mingw32/workspace/avr-gcc-staging/label/Ubuntu14.04x64-mingw32/gcc-build/avr/avr5/libgcc/../../../../gcc/libgcc/config/avr/lib1funcs.S:1921
    402c:	cc 1f       	adc	r28, r28
    402e:	dd 1f       	adc	r29, r29
    4030:	aa 1f       	adc	r26, r26
    4032:	bb 1f       	adc	r27, r27
/home/jenkins-mingw32/workspace/avr-gcc-staging/label/Ubuntu14.04x64-mingw32/gcc-build/avr/avr5/libgcc/../../../../gcc/libgcc/config/avr/lib1funcs.S:1924
    4034:	8a 14       	cp	r8, r10
    4036:	9b 04       	cpc	r9, r11
    4038:	ec 05       	cpc	r30, r12
    403a:	fd 05       	cpc	r31, r13
/home/jenkins-mingw32/workspace/avr-gcc-staging/label/Ubuntu14.04x64-mingw32/gcc-build/avr/avr5/libgcc/../../../../gcc/libgcc/config/avr/lib1funcs.S:1925
    403c:	ce 05       	cpc	r28, r14
    403e:	df 05       	cpc	r29, r15
    4040:	a0 07       	cpc	r26, r16
    4042:	b1 07       	cpc	r27, r17
/home/jenkins-mingw32/workspace/avr-gcc-staging/label/Ubuntu14.04x64-mingw32/gcc-build/avr/avr5/libgcc/../../../../gcc/libgcc/config/avr/lib1funcs.S:1927
    4044:	48 f0       	brcs	.+18     	; 0x4058 <__udivmod64+0x90>
/home/jenkins-mingw32/workspace/avr-gcc-staging/label/Ubuntu14.04x64-mingw32/gcc-build/avr/avr5/libgcc/../../../../gcc/libgcc/config/avr/lib1funcs.S:1930
    4046:	8a 18       	sub	r8, r10
    4048:	9b 08       	sbc	r9, r11
    404a:	ec 09       	sbc	r30, r12
    404c:	fd 09       	sbc	r31, r13
/home/jenkins-mingw32/workspace/avr-gcc-staging/label/Ubuntu14.04x64-mingw32/gcc-build/avr/avr5/libgcc/../../../../gcc/libgcc/config/avr/lib1funcs.S:1931
    404e:	ce 09       	sbc	r28, r14
    4050:	df 09       	sbc	r29, r15
    4052:	a0 0b       	sbc	r26, r16
    4054:	b1 0b       	sbc	r27, r17
/home/jenkins-mingw32/workspace/avr-gcc-staging/label/Ubuntu14.04x64-mingw32/gcc-build/avr/avr5/libgcc/../../../../gcc/libgcc/config/avr/lib1funcs.S:1935
    4056:	21 60       	ori	r18, 0x01	; 1
/home/jenkins-mingw32/workspace/avr-gcc-staging/label/Ubuntu14.04x64-mingw32/gcc-build/avr/avr5/libgcc/../../../../gcc/libgcc/config/avr/lib1funcs.S:1938
    4058:	1a 94       	dec	r1
/home/jenkins-mingw32/workspace/avr-gcc-staging/label/Ubuntu14.04x64-mingw32/gcc-build/avr/avr5/libgcc/../../../../gcc/libgcc/config/avr/lib1funcs.S:1939
    405a:	e1 f6       	brne	.-72     	; 0x4014 <__udivmod64+0x4c>
/home/jenkins-mingw32/workspace/avr-gcc-staging/label/Ubuntu14.04x64-mingw32/gcc-build/avr/avr5/libgcc/../../../../gcc/libgcc/config/avr/lib1funcs.S:1944
    405c:	2e f4       	brtc	.+10     	; 0x4068 <__udivmod64+0xa0>
/home/jenkins-mingw32/workspace/avr-gcc-staging/label/Ubuntu14.04x64-mingw32/gcc-build/avr/avr5/libgcc/../../../../gcc/libgcc/config/avr/lib1funcs.S:1945
    405e:	94 01       	movw	r18, r8
/home/jenkins-mingw32/workspace/avr-gcc-staging/label/Ubuntu14.04x64-mingw32/gcc-build/avr/avr5/libgcc/../../../../gcc/libgcc/config/avr/lib1funcs.S:1946
    4060:	af 01       	movw	r20, r30
/home/jenkins-mingw32/workspace/avr-gcc-staging/label/Ubuntu14.04x64-mingw32/gcc-build/avr/avr5/libgcc/../../../../gcc/libgcc/config/avr/lib1funcs.S:1947
    4062:	be 01       	movw	r22, r28
/home/jenkins-mingw32/workspace/avr-gcc-staging/label/Ubuntu14.04x64-mingw32/gcc-build/avr/avr5/libgcc/../../../../gcc/libgcc/config/avr/lib1funcs.S:1948
    4064:	cd 01       	movw	r24, r26
/home/jenkins-mingw32/workspace/avr-gcc-staging/label/Ubuntu14.04x64-mingw32/gcc-build/avr/avr5/libgcc/../../../../gcc/libgcc/config/avr/lib1funcs.S:1950
    4066:	00 0c       	add	r0, r0
/home/jenkins-mingw32/workspace/avr-gcc-staging/label/Ubuntu14.04x64-mingw32/gcc-build/avr/avr5/libgcc/../../../../gcc/libgcc/config/avr/lib1funcs.S:1952
    4068:	08 95       	ret

0000406a <__negdi2>:
__negdi2():
/home/jenkins-mingw32/workspace/avr-gcc-staging/label/Ubuntu14.04x64-mingw32/gcc-build/avr/avr5/libgcc/../../../../gcc/libgcc/config/avr/lib1funcs.S:2117
    406a:	60 95       	com	r22
    406c:	70 95       	com	r23
    406e:	80 95       	com	r24
    4070:	90 95       	com	r25
/home/jenkins-mingw32/workspace/avr-gcc-staging/label/Ubuntu14.04x64-mingw32/gcc-build/avr/avr5/libgcc/../../../../gcc/libgcc/config/avr/lib1funcs.S:2118
    4072:	30 95       	com	r19
    4074:	40 95       	com	r20
    4076:	50 95       	com	r21
/home/jenkins-mingw32/workspace/avr-gcc-staging/label/Ubuntu14.04x64-mingw32/gcc-build/avr/avr5/libgcc/../../../../gcc/libgcc/config/avr/lib1funcs.S:2119
    4078:	21 95       	neg	r18
/home/jenkins-mingw32/workspace/avr-gcc-staging/label/Ubuntu14.04x64-mingw32/gcc-build/avr/avr5/libgcc/../../../../gcc/libgcc/config/avr/lib1funcs.S:2120
    407a:	3f 4f       	sbci	r19, 0xFF	; 255
    407c:	4f 4f       	sbci	r20, 0xFF	; 255
    407e:	5f 4f       	sbci	r21, 0xFF	; 255
/home/jenkins-mingw32/workspace/avr-gcc-staging/label/Ubuntu14.04x64-mingw32/gcc-build/avr/avr5/libgcc/../../../../gcc/libgcc/config/avr/lib1funcs.S:2121
    4080:	6f 4f       	sbci	r22, 0xFF	; 255
    4082:	7f 4f       	sbci	r23, 0xFF	; 255
    4084:	8f 4f       	sbci	r24, 0xFF	; 255
    4086:	9f 4f       	sbci	r25, 0xFF	; 255
/home/jenkins-mingw32/workspace/avr-gcc-staging/label/Ubuntu14.04x64-mingw32/gcc-build/avr/avr5/libgcc/../../../../gcc/libgcc/config/avr/lib1funcs.S:2122
    4088:	08 95       	ret

0000408a <__prologue_saves__>:
__prologue_saves__():
/home/jenkins-mingw32/workspace/avr-gcc-staging/label/Ubuntu14.04x64-mingw32/gcc-build/avr/avr5/libgcc/../../../../gcc/libgcc/config/avr/lib1funcs.S:2169
    408a:	2f 92       	push	r2
/home/jenkins-mingw32/workspace/avr-gcc-staging/label/Ubuntu14.04x64-mingw32/gcc-build/avr/avr5/libgcc/../../../../gcc/libgcc/config/avr/lib1funcs.S:2170
    408c:	3f 92       	push	r3
/home/jenkins-mingw32/workspace/avr-gcc-staging/label/Ubuntu14.04x64-mingw32/gcc-build/avr/avr5/libgcc/../../../../gcc/libgcc/config/avr/lib1funcs.S:2171
    408e:	4f 92       	push	r4
/home/jenkins-mingw32/workspace/avr-gcc-staging/label/Ubuntu14.04x64-mingw32/gcc-build/avr/avr5/libgcc/../../../../gcc/libgcc/config/avr/lib1funcs.S:2172
    4090:	5f 92       	push	r5
/home/jenkins-mingw32/workspace/avr-gcc-staging/label/Ubuntu14.04x64-mingw32/gcc-build/avr/avr5/libgcc/../../../../gcc/libgcc/config/avr/lib1funcs.S:2173
    4092:	6f 92       	push	r6
/home/jenkins-mingw32/workspace/avr-gcc-staging/label/Ubuntu14.04x64-mingw32/gcc-build/avr/avr5/libgcc/../../../../gcc/libgcc/config/avr/lib1funcs.S:2174
    4094:	7f 92       	push	r7
/home/jenkins-mingw32/workspace/avr-gcc-staging/label/Ubuntu14.04x64-mingw32/gcc-build/avr/avr5/libgcc/../../../../gcc/libgcc/config/avr/lib1funcs.S:2175
    4096:	8f 92       	push	r8
/home/jenkins-mingw32/workspace/avr-gcc-staging/label/Ubuntu14.04x64-mingw32/gcc-build/avr/avr5/libgcc/../../../../gcc/libgcc/config/avr/lib1funcs.S:2176
    4098:	9f 92       	push	r9
/home/jenkins-mingw32/workspace/avr-gcc-staging/label/Ubuntu14.04x64-mingw32/gcc-build/avr/avr5/libgcc/../../../../gcc/libgcc/config/avr/lib1funcs.S:2177
    409a:	af 92       	push	r10
/home/jenkins-mingw32/workspace/avr-gcc-staging/label/Ubuntu14.04x64-mingw32/gcc-build/avr/avr5/libgcc/../../../../gcc/libgcc/config/avr/lib1funcs.S:2178
    409c:	bf 92       	push	r11
/home/jenkins-mingw32/workspace/avr-gcc-staging/label/Ubuntu14.04x64-mingw32/gcc-build/avr/avr5/libgcc/../../../../gcc/libgcc/config/avr/lib1funcs.S:2179
    409e:	cf 92       	push	r12
/home/jenkins-mingw32/workspace/avr-gcc-staging/label/Ubuntu14.04x64-mingw32/gcc-build/avr/avr5/libgcc/../../../../gcc/libgcc/config/avr/lib1funcs.S:2180
    40a0:	df 92       	push	r13
/home/jenkins-mingw32/workspace/avr-gcc-staging/label/Ubuntu14.04x64-mingw32/gcc-build/avr/avr5/libgcc/../../../../gcc/libgcc/config/avr/lib1funcs.S:2181
    40a2:	ef 92       	push	r14
/home/jenkins-mingw32/workspace/avr-gcc-staging/label/Ubuntu14.04x64-mingw32/gcc-build/avr/avr5/libgcc/../../../../gcc/libgcc/config/avr/lib1funcs.S:2182
    40a4:	ff 92       	push	r15
/home/jenkins-mingw32/workspace/avr-gcc-staging/label/Ubuntu14.04x64-mingw32/gcc-build/avr/avr5/libgcc/../../../../gcc/libgcc/config/avr/lib1funcs.S:2183
    40a6:	0f 93       	push	r16
/home/jenkins-mingw32/workspace/avr-gcc-staging/label/Ubuntu14.04x64-mingw32/gcc-build/avr/avr5/libgcc/../../../../gcc/libgcc/config/avr/lib1funcs.S:2184
    40a8:	1f 93       	push	r17
/home/jenkins-mingw32/workspace/avr-gcc-staging/label/Ubuntu14.04x64-mingw32/gcc-build/avr/avr5/libgcc/../../../../gcc/libgcc/config/avr/lib1funcs.S:2185
    40aa:	cf 93       	push	r28
/home/jenkins-mingw32/workspace/avr-gcc-staging/label/Ubuntu14.04x64-mingw32/gcc-build/avr/avr5/libgcc/../../../../gcc/libgcc/config/avr/lib1funcs.S:2186
    40ac:	df 93       	push	r29
/home/jenkins-mingw32/workspace/avr-gcc-staging/label/Ubuntu14.04x64-mingw32/gcc-build/avr/avr5/libgcc/../../../../gcc/libgcc/config/avr/lib1funcs.S:2200
    40ae:	cd b7       	in	r28, 0x3d	; 61
/home/jenkins-mingw32/workspace/avr-gcc-staging/label/Ubuntu14.04x64-mingw32/gcc-build/avr/avr5/libgcc/../../../../gcc/libgcc/config/avr/lib1funcs.S:2201
    40b0:	de b7       	in	r29, 0x3e	; 62
/home/jenkins-mingw32/workspace/avr-gcc-staging/label/Ubuntu14.04x64-mingw32/gcc-build/avr/avr5/libgcc/../../../../gcc/libgcc/config/avr/lib1funcs.S:2202
    40b2:	ca 1b       	sub	r28, r26
/home/jenkins-mingw32/workspace/avr-gcc-staging/label/Ubuntu14.04x64-mingw32/gcc-build/avr/avr5/libgcc/../../../../gcc/libgcc/config/avr/lib1funcs.S:2203
    40b4:	db 0b       	sbc	r29, r27
/home/jenkins-mingw32/workspace/avr-gcc-staging/label/Ubuntu14.04x64-mingw32/gcc-build/avr/avr5/libgcc/../../../../gcc/libgcc/config/avr/lib1funcs.S:2204
    40b6:	0f b6       	in	r0, 0x3f	; 63
/home/jenkins-mingw32/workspace/avr-gcc-staging/label/Ubuntu14.04x64-mingw32/gcc-build/avr/avr5/libgcc/../../../../gcc/libgcc/config/avr/lib1funcs.S:2205
    40b8:	f8 94       	cli
/home/jenkins-mingw32/workspace/avr-gcc-staging/label/Ubuntu14.04x64-mingw32/gcc-build/avr/avr5/libgcc/../../../../gcc/libgcc/config/avr/lib1funcs.S:2206
    40ba:	de bf       	out	0x3e, r29	; 62
/home/jenkins-mingw32/workspace/avr-gcc-staging/label/Ubuntu14.04x64-mingw32/gcc-build/avr/avr5/libgcc/../../../../gcc/libgcc/config/avr/lib1funcs.S:2207
    40bc:	0f be       	out	0x3f, r0	; 63
/home/jenkins-mingw32/workspace/avr-gcc-staging/label/Ubuntu14.04x64-mingw32/gcc-build/avr/avr5/libgcc/../../../../gcc/libgcc/config/avr/lib1funcs.S:2208
    40be:	cd bf       	out	0x3d, r28	; 61
/home/jenkins-mingw32/workspace/avr-gcc-staging/label/Ubuntu14.04x64-mingw32/gcc-build/avr/avr5/libgcc/../../../../gcc/libgcc/config/avr/lib1funcs.S:2211
    40c0:	09 94       	ijmp

000040c2 <__epilogue_restores__>:
__epilogue_restores__():
/home/jenkins-mingw32/workspace/avr-gcc-staging/label/Ubuntu14.04x64-mingw32/gcc-build/avr/avr5/libgcc/../../../../gcc/libgcc/config/avr/lib1funcs.S:2222
    40c2:	2a 88       	ldd	r2, Y+18	; 0x12
/home/jenkins-mingw32/workspace/avr-gcc-staging/label/Ubuntu14.04x64-mingw32/gcc-build/avr/avr5/libgcc/../../../../gcc/libgcc/config/avr/lib1funcs.S:2223
    40c4:	39 88       	ldd	r3, Y+17	; 0x11
/home/jenkins-mingw32/workspace/avr-gcc-staging/label/Ubuntu14.04x64-mingw32/gcc-build/avr/avr5/libgcc/../../../../gcc/libgcc/config/avr/lib1funcs.S:2224
    40c6:	48 88       	ldd	r4, Y+16	; 0x10
/home/jenkins-mingw32/workspace/avr-gcc-staging/label/Ubuntu14.04x64-mingw32/gcc-build/avr/avr5/libgcc/../../../../gcc/libgcc/config/avr/lib1funcs.S:2225
    40c8:	5f 84       	ldd	r5, Y+15	; 0x0f
/home/jenkins-mingw32/workspace/avr-gcc-staging/label/Ubuntu14.04x64-mingw32/gcc-build/avr/avr5/libgcc/../../../../gcc/libgcc/config/avr/lib1funcs.S:2226
    40ca:	6e 84       	ldd	r6, Y+14	; 0x0e
/home/jenkins-mingw32/workspace/avr-gcc-staging/label/Ubuntu14.04x64-mingw32/gcc-build/avr/avr5/libgcc/../../../../gcc/libgcc/config/avr/lib1funcs.S:2227
    40cc:	7d 84       	ldd	r7, Y+13	; 0x0d
/home/jenkins-mingw32/workspace/avr-gcc-staging/label/Ubuntu14.04x64-mingw32/gcc-build/avr/avr5/libgcc/../../../../gcc/libgcc/config/avr/lib1funcs.S:2228
    40ce:	8c 84       	ldd	r8, Y+12	; 0x0c
/home/jenkins-mingw32/workspace/avr-gcc-staging/label/Ubuntu14.04x64-mingw32/gcc-build/avr/avr5/libgcc/../../../../gcc/libgcc/config/avr/lib1funcs.S:2229
    40d0:	9b 84       	ldd	r9, Y+11	; 0x0b
/home/jenkins-mingw32/workspace/avr-gcc-staging/label/Ubuntu14.04x64-mingw32/gcc-build/avr/avr5/libgcc/../../../../gcc/libgcc/config/avr/lib1funcs.S:2230
    40d2:	aa 84       	ldd	r10, Y+10	; 0x0a
/home/jenkins-mingw32/workspace/avr-gcc-staging/label/Ubuntu14.04x64-mingw32/gcc-build/avr/avr5/libgcc/../../../../gcc/libgcc/config/avr/lib1funcs.S:2231
    40d4:	b9 84       	ldd	r11, Y+9	; 0x09
/home/jenkins-mingw32/workspace/avr-gcc-staging/label/Ubuntu14.04x64-mingw32/gcc-build/avr/avr5/libgcc/../../../../gcc/libgcc/config/avr/lib1funcs.S:2232
    40d6:	c8 84       	ldd	r12, Y+8	; 0x08
/home/jenkins-mingw32/workspace/avr-gcc-staging/label/Ubuntu14.04x64-mingw32/gcc-build/avr/avr5/libgcc/../../../../gcc/libgcc/config/avr/lib1funcs.S:2233
    40d8:	df 80       	ldd	r13, Y+7	; 0x07
/home/jenkins-mingw32/workspace/avr-gcc-staging/label/Ubuntu14.04x64-mingw32/gcc-build/avr/avr5/libgcc/../../../../gcc/libgcc/config/avr/lib1funcs.S:2234
    40da:	ee 80       	ldd	r14, Y+6	; 0x06
/home/jenkins-mingw32/workspace/avr-gcc-staging/label/Ubuntu14.04x64-mingw32/gcc-build/avr/avr5/libgcc/../../../../gcc/libgcc/config/avr/lib1funcs.S:2235
    40dc:	fd 80       	ldd	r15, Y+5	; 0x05
/home/jenkins-mingw32/workspace/avr-gcc-staging/label/Ubuntu14.04x64-mingw32/gcc-build/avr/avr5/libgcc/../../../../gcc/libgcc/config/avr/lib1funcs.S:2236
    40de:	0c 81       	ldd	r16, Y+4	; 0x04
/home/jenkins-mingw32/workspace/avr-gcc-staging/label/Ubuntu14.04x64-mingw32/gcc-build/avr/avr5/libgcc/../../../../gcc/libgcc/config/avr/lib1funcs.S:2237
    40e0:	1b 81       	ldd	r17, Y+3	; 0x03
/home/jenkins-mingw32/workspace/avr-gcc-staging/label/Ubuntu14.04x64-mingw32/gcc-build/avr/avr5/libgcc/../../../../gcc/libgcc/config/avr/lib1funcs.S:2238
    40e2:	aa 81       	ldd	r26, Y+2	; 0x02
/home/jenkins-mingw32/workspace/avr-gcc-staging/label/Ubuntu14.04x64-mingw32/gcc-build/avr/avr5/libgcc/../../../../gcc/libgcc/config/avr/lib1funcs.S:2252
    40e4:	b9 81       	ldd	r27, Y+1	; 0x01
/home/jenkins-mingw32/workspace/avr-gcc-staging/label/Ubuntu14.04x64-mingw32/gcc-build/avr/avr5/libgcc/../../../../gcc/libgcc/config/avr/lib1funcs.S:2253
    40e6:	ce 0f       	add	r28, r30
/home/jenkins-mingw32/workspace/avr-gcc-staging/label/Ubuntu14.04x64-mingw32/gcc-build/avr/avr5/libgcc/../../../../gcc/libgcc/config/avr/lib1funcs.S:2254
    40e8:	d1 1d       	adc	r29, r1
/home/jenkins-mingw32/workspace/avr-gcc-staging/label/Ubuntu14.04x64-mingw32/gcc-build/avr/avr5/libgcc/../../../../gcc/libgcc/config/avr/lib1funcs.S:2255
    40ea:	0f b6       	in	r0, 0x3f	; 63
/home/jenkins-mingw32/workspace/avr-gcc-staging/label/Ubuntu14.04x64-mingw32/gcc-build/avr/avr5/libgcc/../../../../gcc/libgcc/config/avr/lib1funcs.S:2256
    40ec:	f8 94       	cli
/home/jenkins-mingw32/workspace/avr-gcc-staging/label/Ubuntu14.04x64-mingw32/gcc-build/avr/avr5/libgcc/../../../../gcc/libgcc/config/avr/lib1funcs.S:2257
    40ee:	de bf       	out	0x3e, r29	; 62
/home/jenkins-mingw32/workspace/avr-gcc-staging/label/Ubuntu14.04x64-mingw32/gcc-build/avr/avr5/libgcc/../../../../gcc/libgcc/config/avr/lib1funcs.S:2258
    40f0:	0f be       	out	0x3f, r0	; 63
/home/jenkins-mingw32/workspace/avr-gcc-staging/label/Ubuntu14.04x64-mingw32/gcc-build/avr/avr5/libgcc/../../../../gcc/libgcc/config/avr/lib1funcs.S:2259
    40f2:	cd bf       	out	0x3d, r28	; 61
/home/jenkins-mingw32/workspace/avr-gcc-staging/label/Ubuntu14.04x64-mingw32/gcc-build/avr/avr5/libgcc/../../../../gcc/libgcc/config/avr/lib1funcs.S:2260
    40f4:	ed 01       	movw	r28, r26
/home/jenkins-mingw32/workspace/avr-gcc-staging/label/Ubuntu14.04x64-mingw32/gcc-build/avr/avr5/libgcc/../../../../gcc/libgcc/config/avr/lib1funcs.S:2263
    40f6:	08 95       	ret

000040f8 <__ashldi3>:
__ashldi3():
/home/jenkins-mingw32/workspace/avr-gcc-staging/label/Ubuntu14.04x64-mingw32/gcc-build/avr/avr5/libgcc/../../../../gcc/libgcc/config/avr/lib1funcs.S:3169
    40f8:	00 2e       	mov	r0, r16
/home/jenkins-mingw32/workspace/avr-gcc-staging/label/Ubuntu14.04x64-mingw32/gcc-build/avr/avr5/libgcc/../../../../gcc/libgcc/config/avr/lib1funcs.S:3170
    40fa:	08 30       	cpi	r16, 0x08	; 8
/home/jenkins-mingw32/workspace/avr-gcc-staging/label/Ubuntu14.04x64-mingw32/gcc-build/avr/avr5/libgcc/../../../../gcc/libgcc/config/avr/lib1funcs.S:3171
    40fc:	90 f0       	brcs	.+36     	; 0x4122 <__ashldi3+0x2a>
/home/jenkins-mingw32/workspace/avr-gcc-staging/label/Ubuntu14.04x64-mingw32/gcc-build/avr/avr5/libgcc/../../../../gcc/libgcc/config/avr/lib1funcs.S:3172
    40fe:	98 2f       	mov	r25, r24
/home/jenkins-mingw32/workspace/avr-gcc-staging/label/Ubuntu14.04x64-mingw32/gcc-build/avr/avr5/libgcc/../../../../gcc/libgcc/config/avr/lib1funcs.S:3173
    4100:	87 2f       	mov	r24, r23
/home/jenkins-mingw32/workspace/avr-gcc-staging/label/Ubuntu14.04x64-mingw32/gcc-build/avr/avr5/libgcc/../../../../gcc/libgcc/config/avr/lib1funcs.S:3174
    4102:	76 2f       	mov	r23, r22
/home/jenkins-mingw32/workspace/avr-gcc-staging/label/Ubuntu14.04x64-mingw32/gcc-build/avr/avr5/libgcc/../../../../gcc/libgcc/config/avr/lib1funcs.S:3175
    4104:	65 2f       	mov	r22, r21
/home/jenkins-mingw32/workspace/avr-gcc-staging/label/Ubuntu14.04x64-mingw32/gcc-build/avr/avr5/libgcc/../../../../gcc/libgcc/config/avr/lib1funcs.S:3176
    4106:	54 2f       	mov	r21, r20
/home/jenkins-mingw32/workspace/avr-gcc-staging/label/Ubuntu14.04x64-mingw32/gcc-build/avr/avr5/libgcc/../../../../gcc/libgcc/config/avr/lib1funcs.S:3177
    4108:	43 2f       	mov	r20, r19
/home/jenkins-mingw32/workspace/avr-gcc-staging/label/Ubuntu14.04x64-mingw32/gcc-build/avr/avr5/libgcc/../../../../gcc/libgcc/config/avr/lib1funcs.S:3178
    410a:	32 2f       	mov	r19, r18
/home/jenkins-mingw32/workspace/avr-gcc-staging/label/Ubuntu14.04x64-mingw32/gcc-build/avr/avr5/libgcc/../../../../gcc/libgcc/config/avr/lib1funcs.S:3179
    410c:	22 27       	eor	r18, r18
/home/jenkins-mingw32/workspace/avr-gcc-staging/label/Ubuntu14.04x64-mingw32/gcc-build/avr/avr5/libgcc/../../../../gcc/libgcc/config/avr/lib1funcs.S:3180
    410e:	08 50       	subi	r16, 0x08	; 8
/home/jenkins-mingw32/workspace/avr-gcc-staging/label/Ubuntu14.04x64-mingw32/gcc-build/avr/avr5/libgcc/../../../../gcc/libgcc/config/avr/lib1funcs.S:3181
    4110:	f4 cf       	rjmp	.-24     	; 0x40fa <__ashldi3+0x2>
/home/jenkins-mingw32/workspace/avr-gcc-staging/label/Ubuntu14.04x64-mingw32/gcc-build/avr/avr5/libgcc/../../../../gcc/libgcc/config/avr/lib1funcs.S:3182
    4112:	22 0f       	add	r18, r18
/home/jenkins-mingw32/workspace/avr-gcc-staging/label/Ubuntu14.04x64-mingw32/gcc-build/avr/avr5/libgcc/../../../../gcc/libgcc/config/avr/lib1funcs.S:3183
    4114:	33 1f       	adc	r19, r19
/home/jenkins-mingw32/workspace/avr-gcc-staging/label/Ubuntu14.04x64-mingw32/gcc-build/avr/avr5/libgcc/../../../../gcc/libgcc/config/avr/lib1funcs.S:3184
    4116:	44 1f       	adc	r20, r20
/home/jenkins-mingw32/workspace/avr-gcc-staging/label/Ubuntu14.04x64-mingw32/gcc-build/avr/avr5/libgcc/../../../../gcc/libgcc/config/avr/lib1funcs.S:3185
    4118:	55 1f       	adc	r21, r21
/home/jenkins-mingw32/workspace/avr-gcc-staging/label/Ubuntu14.04x64-mingw32/gcc-build/avr/avr5/libgcc/../../../../gcc/libgcc/config/avr/lib1funcs.S:3186
    411a:	66 1f       	adc	r22, r22
/home/jenkins-mingw32/workspace/avr-gcc-staging/label/Ubuntu14.04x64-mingw32/gcc-build/avr/avr5/libgcc/../../../../gcc/libgcc/config/avr/lib1funcs.S:3187
    411c:	77 1f       	adc	r23, r23
/home/jenkins-mingw32/workspace/avr-gcc-staging/label/Ubuntu14.04x64-mingw32/gcc-build/avr/avr5/libgcc/../../../../gcc/libgcc/config/avr/lib1funcs.S:3188
    411e:	88 1f       	adc	r24, r24
/home/jenkins-mingw32/workspace/avr-gcc-staging/label/Ubuntu14.04x64-mingw32/gcc-build/avr/avr5/libgcc/../../../../gcc/libgcc/config/avr/lib1funcs.S:3189
    4120:	99 1f       	adc	r25, r25
/home/jenkins-mingw32/workspace/avr-gcc-staging/label/Ubuntu14.04x64-mingw32/gcc-build/avr/avr5/libgcc/../../../../gcc/libgcc/config/avr/lib1funcs.S:3190
    4122:	0a 95       	dec	r16
/home/jenkins-mingw32/workspace/avr-gcc-staging/label/Ubuntu14.04x64-mingw32/gcc-build/avr/avr5/libgcc/../../../../gcc/libgcc/config/avr/lib1funcs.S:3191
    4124:	b2 f7       	brpl	.-20     	; 0x4112 <__ashldi3+0x1a>
/home/jenkins-mingw32/workspace/avr-gcc-staging/label/Ubuntu14.04x64-mingw32/gcc-build/avr/avr5/libgcc/../../../../gcc/libgcc/config/avr/lib1funcs.S:3192
    4126:	00 2d       	mov	r16, r0
/home/jenkins-mingw32/workspace/avr-gcc-staging/label/Ubuntu14.04x64-mingw32/gcc-build/avr/avr5/libgcc/../../../../gcc/libgcc/config/avr/lib1funcs.S:3193
    4128:	08 95       	ret

0000412a <__ashrdi3>:
__ashrdi3():
/home/jenkins-mingw32/workspace/avr-gcc-staging/label/Ubuntu14.04x64-mingw32/gcc-build/avr/avr5/libgcc/../../../../gcc/libgcc/config/avr/lib1funcs.S:3122
    412a:	97 fd       	sbrc	r25, 7
/home/jenkins-mingw32/workspace/avr-gcc-staging/label/Ubuntu14.04x64-mingw32/gcc-build/avr/avr5/libgcc/../../../../gcc/libgcc/config/avr/lib1funcs.S:3123
    412c:	10 94       	com	r1

0000412e <__lshrdi3>:
__lshrdi3():
/home/jenkins-mingw32/workspace/avr-gcc-staging/label/Ubuntu14.04x64-mingw32/gcc-build/avr/avr5/libgcc/../../../../gcc/libgcc/config/avr/lib1funcs.S:3131
    412e:	00 2e       	mov	r0, r16
/home/jenkins-mingw32/workspace/avr-gcc-staging/label/Ubuntu14.04x64-mingw32/gcc-build/avr/avr5/libgcc/../../../../gcc/libgcc/config/avr/lib1funcs.S:3132
    4130:	08 30       	cpi	r16, 0x08	; 8
/home/jenkins-mingw32/workspace/avr-gcc-staging/label/Ubuntu14.04x64-mingw32/gcc-build/avr/avr5/libgcc/../../../../gcc/libgcc/config/avr/lib1funcs.S:3133
    4132:	98 f0       	brcs	.+38     	; 0x415a <__lshrdi3+0x2c>
/home/jenkins-mingw32/workspace/avr-gcc-staging/label/Ubuntu14.04x64-mingw32/gcc-build/avr/avr5/libgcc/../../../../gcc/libgcc/config/avr/lib1funcs.S:3134
    4134:	08 50       	subi	r16, 0x08	; 8
/home/jenkins-mingw32/workspace/avr-gcc-staging/label/Ubuntu14.04x64-mingw32/gcc-build/avr/avr5/libgcc/../../../../gcc/libgcc/config/avr/lib1funcs.S:3135
    4136:	23 2f       	mov	r18, r19
/home/jenkins-mingw32/workspace/avr-gcc-staging/label/Ubuntu14.04x64-mingw32/gcc-build/avr/avr5/libgcc/../../../../gcc/libgcc/config/avr/lib1funcs.S:3136
    4138:	34 2f       	mov	r19, r20
/home/jenkins-mingw32/workspace/avr-gcc-staging/label/Ubuntu14.04x64-mingw32/gcc-build/avr/avr5/libgcc/../../../../gcc/libgcc/config/avr/lib1funcs.S:3137
    413a:	45 2f       	mov	r20, r21
/home/jenkins-mingw32/workspace/avr-gcc-staging/label/Ubuntu14.04x64-mingw32/gcc-build/avr/avr5/libgcc/../../../../gcc/libgcc/config/avr/lib1funcs.S:3138
    413c:	56 2f       	mov	r21, r22
/home/jenkins-mingw32/workspace/avr-gcc-staging/label/Ubuntu14.04x64-mingw32/gcc-build/avr/avr5/libgcc/../../../../gcc/libgcc/config/avr/lib1funcs.S:3139
    413e:	67 2f       	mov	r22, r23
/home/jenkins-mingw32/workspace/avr-gcc-staging/label/Ubuntu14.04x64-mingw32/gcc-build/avr/avr5/libgcc/../../../../gcc/libgcc/config/avr/lib1funcs.S:3140
    4140:	78 2f       	mov	r23, r24
/home/jenkins-mingw32/workspace/avr-gcc-staging/label/Ubuntu14.04x64-mingw32/gcc-build/avr/avr5/libgcc/../../../../gcc/libgcc/config/avr/lib1funcs.S:3141
    4142:	89 2f       	mov	r24, r25
/home/jenkins-mingw32/workspace/avr-gcc-staging/label/Ubuntu14.04x64-mingw32/gcc-build/avr/avr5/libgcc/../../../../gcc/libgcc/config/avr/lib1funcs.S:3142
    4144:	91 2d       	mov	r25, r1
/home/jenkins-mingw32/workspace/avr-gcc-staging/label/Ubuntu14.04x64-mingw32/gcc-build/avr/avr5/libgcc/../../../../gcc/libgcc/config/avr/lib1funcs.S:3143
    4146:	f4 cf       	rjmp	.-24     	; 0x4130 <__lshrdi3+0x2>
/home/jenkins-mingw32/workspace/avr-gcc-staging/label/Ubuntu14.04x64-mingw32/gcc-build/avr/avr5/libgcc/../../../../gcc/libgcc/config/avr/lib1funcs.S:3144
    4148:	15 94       	asr	r1
/home/jenkins-mingw32/workspace/avr-gcc-staging/label/Ubuntu14.04x64-mingw32/gcc-build/avr/avr5/libgcc/../../../../gcc/libgcc/config/avr/lib1funcs.S:3145
    414a:	97 95       	ror	r25
/home/jenkins-mingw32/workspace/avr-gcc-staging/label/Ubuntu14.04x64-mingw32/gcc-build/avr/avr5/libgcc/../../../../gcc/libgcc/config/avr/lib1funcs.S:3146
    414c:	87 95       	ror	r24
/home/jenkins-mingw32/workspace/avr-gcc-staging/label/Ubuntu14.04x64-mingw32/gcc-build/avr/avr5/libgcc/../../../../gcc/libgcc/config/avr/lib1funcs.S:3147
    414e:	77 95       	ror	r23
/home/jenkins-mingw32/workspace/avr-gcc-staging/label/Ubuntu14.04x64-mingw32/gcc-build/avr/avr5/libgcc/../../../../gcc/libgcc/config/avr/lib1funcs.S:3148
    4150:	67 95       	ror	r22
/home/jenkins-mingw32/workspace/avr-gcc-staging/label/Ubuntu14.04x64-mingw32/gcc-build/avr/avr5/libgcc/../../../../gcc/libgcc/config/avr/lib1funcs.S:3149
    4152:	57 95       	ror	r21
/home/jenkins-mingw32/workspace/avr-gcc-staging/label/Ubuntu14.04x64-mingw32/gcc-build/avr/avr5/libgcc/../../../../gcc/libgcc/config/avr/lib1funcs.S:3150
    4154:	47 95       	ror	r20
/home/jenkins-mingw32/workspace/avr-gcc-staging/label/Ubuntu14.04x64-mingw32/gcc-build/avr/avr5/libgcc/../../../../gcc/libgcc/config/avr/lib1funcs.S:3151
    4156:	37 95       	ror	r19
/home/jenkins-mingw32/workspace/avr-gcc-staging/label/Ubuntu14.04x64-mingw32/gcc-build/avr/avr5/libgcc/../../../../gcc/libgcc/config/avr/lib1funcs.S:3152
    4158:	27 95       	ror	r18
/home/jenkins-mingw32/workspace/avr-gcc-staging/label/Ubuntu14.04x64-mingw32/gcc-build/avr/avr5/libgcc/../../../../gcc/libgcc/config/avr/lib1funcs.S:3153
    415a:	0a 95       	dec	r16
/home/jenkins-mingw32/workspace/avr-gcc-staging/label/Ubuntu14.04x64-mingw32/gcc-build/avr/avr5/libgcc/../../../../gcc/libgcc/config/avr/lib1funcs.S:3154
    415c:	aa f7       	brpl	.-22     	; 0x4148 <__lshrdi3+0x1a>
/home/jenkins-mingw32/workspace/avr-gcc-staging/label/Ubuntu14.04x64-mingw32/gcc-build/avr/avr5/libgcc/../../../../gcc/libgcc/config/avr/lib1funcs.S:3155
    415e:	11 24       	eor	r1, r1
/home/jenkins-mingw32/workspace/avr-gcc-staging/label/Ubuntu14.04x64-mingw32/gcc-build/avr/avr5/libgcc/../../../../gcc/libgcc/config/avr/lib1funcs.S:3156
    4160:	00 2d       	mov	r16, r0
/home/jenkins-mingw32/workspace/avr-gcc-staging/label/Ubuntu14.04x64-mingw32/gcc-build/avr/avr5/libgcc/../../../../gcc/libgcc/config/avr/lib1funcs.S:3157
    4162:	08 95       	ret

00004164 <__adddi3>:
__adddi3():
/home/jenkins-mingw32/workspace/avr-gcc-staging/label/Ubuntu14.04x64-mingw32/gcc-build/avr/avr5/libgcc/../../../../gcc/libgcc/config/avr/lib1funcs.S:2051
    4164:	2a 0d       	add	r18, r10
    4166:	3b 1d       	adc	r19, r11
    4168:	4c 1d       	adc	r20, r12
    416a:	5d 1d       	adc	r21, r13
/home/jenkins-mingw32/workspace/avr-gcc-staging/label/Ubuntu14.04x64-mingw32/gcc-build/avr/avr5/libgcc/../../../../gcc/libgcc/config/avr/lib1funcs.S:2052
    416c:	6e 1d       	adc	r22, r14
    416e:	7f 1d       	adc	r23, r15
    4170:	80 1f       	adc	r24, r16
    4172:	91 1f       	adc	r25, r17
/home/jenkins-mingw32/workspace/avr-gcc-staging/label/Ubuntu14.04x64-mingw32/gcc-build/avr/avr5/libgcc/../../../../gcc/libgcc/config/avr/lib1funcs.S:2053
    4174:	08 95       	ret

00004176 <__subdi3>:
__subdi3():
/home/jenkins-mingw32/workspace/avr-gcc-staging/label/Ubuntu14.04x64-mingw32/gcc-build/avr/avr5/libgcc/../../../../gcc/libgcc/config/avr/lib1funcs.S:2080
    4176:	2a 19       	sub	r18, r10
    4178:	3b 09       	sbc	r19, r11
    417a:	4c 09       	sbc	r20, r12
    417c:	5d 09       	sbc	r21, r13
/home/jenkins-mingw32/workspace/avr-gcc-staging/label/Ubuntu14.04x64-mingw32/gcc-build/avr/avr5/libgcc/../../../../gcc/libgcc/config/avr/lib1funcs.S:2081
    417e:	6e 09       	sbc	r22, r14
    4180:	7f 09       	sbc	r23, r15
    4182:	80 0b       	sbc	r24, r16
    4184:	91 0b       	sbc	r25, r17
/home/jenkins-mingw32/workspace/avr-gcc-staging/label/Ubuntu14.04x64-mingw32/gcc-build/avr/avr5/libgcc/../../../../gcc/libgcc/config/avr/lib1funcs.S:2082
    4186:	08 95       	ret

00004188 <__cmpdi2_s8>:
__cmpdi2_s8():
/home/jenkins-mingw32/workspace/avr-gcc-staging/label/Ubuntu14.04x64-mingw32/gcc-build/avr/avr5/libgcc/../../../../gcc/libgcc/config/avr/lib1funcs.S:2102
    4188:	00 24       	eor	r0, r0
/home/jenkins-mingw32/workspace/avr-gcc-staging/label/Ubuntu14.04x64-mingw32/gcc-build/avr/avr5/libgcc/../../../../gcc/libgcc/config/avr/lib1funcs.S:2103
    418a:	a7 fd       	sbrc	r26, 7
/home/jenkins-mingw32/workspace/avr-gcc-staging/label/Ubuntu14.04x64-mingw32/gcc-build/avr/avr5/libgcc/../../../../gcc/libgcc/config/avr/lib1funcs.S:2104
    418c:	00 94       	com	r0
/home/jenkins-mingw32/workspace/avr-gcc-staging/label/Ubuntu14.04x64-mingw32/gcc-build/avr/avr5/libgcc/../../../../gcc/libgcc/config/avr/lib1funcs.S:2105
    418e:	2a 17       	cp	r18, r26
    4190:	30 05       	cpc	r19, r0
    4192:	40 05       	cpc	r20, r0
    4194:	50 05       	cpc	r21, r0
/home/jenkins-mingw32/workspace/avr-gcc-staging/label/Ubuntu14.04x64-mingw32/gcc-build/avr/avr5/libgcc/../../../../gcc/libgcc/config/avr/lib1funcs.S:2106
    4196:	60 05       	cpc	r22, r0
    4198:	70 05       	cpc	r23, r0
    419a:	80 05       	cpc	r24, r0
    419c:	90 05       	cpc	r25, r0
/home/jenkins-mingw32/workspace/avr-gcc-staging/label/Ubuntu14.04x64-mingw32/gcc-build/avr/avr5/libgcc/../../../../gcc/libgcc/config/avr/lib1funcs.S:2107
    419e:	08 95       	ret

000041a0 <__tablejump2__>:
__tablejump2__():
/home/jenkins-mingw32/workspace/avr-gcc-staging/label/Ubuntu14.04x64-mingw32/gcc-build/avr/avr5/libgcc/../../../../gcc/libgcc/config/avr/lib1funcs.S:2296
    41a0:	ee 0f       	add	r30, r30
/home/jenkins-mingw32/workspace/avr-gcc-staging/label/Ubuntu14.04x64-mingw32/gcc-build/avr/avr5/libgcc/../../../../gcc/libgcc/config/avr/lib1funcs.S:2297
    41a2:	ff 1f       	adc	r31, r31
/home/jenkins-mingw32/workspace/avr-gcc-staging/label/Ubuntu14.04x64-mingw32/gcc-build/avr/avr5/libgcc/../../../../gcc/libgcc/config/avr/lib1funcs.S:2328
    41a4:	05 90       	lpm	r0, Z+
/home/jenkins-mingw32/workspace/avr-gcc-staging/label/Ubuntu14.04x64-mingw32/gcc-build/avr/avr5/libgcc/../../../../gcc/libgcc/config/avr/lib1funcs.S:2329
    41a6:	f4 91       	lpm	r31, Z
/home/jenkins-mingw32/workspace/avr-gcc-staging/label/Ubuntu14.04x64-mingw32/gcc-build/avr/avr5/libgcc/../../../../gcc/libgcc/config/avr/lib1funcs.S:2330
    41a8:	e0 2d       	mov	r30, r0
/home/jenkins-mingw32/workspace/avr-gcc-staging/label/Ubuntu14.04x64-mingw32/gcc-build/avr/avr5/libgcc/../../../../gcc/libgcc/config/avr/lib1funcs.S:2331
    41aa:	09 94       	ijmp

000041ac <__umulhisi3>:
__umulhisi3():
/home/jenkins-mingw32/workspace/avr-gcc-staging/label/Ubuntu14.04x64-mingw32/gcc-build/avr/avr5/libgcc/../../../../gcc/libgcc/config/avr/lib1funcs.S:564
    41ac:	a2 9f       	mul	r26, r18
/home/jenkins-mingw32/workspace/avr-gcc-staging/label/Ubuntu14.04x64-mingw32/gcc-build/avr/avr5/libgcc/../../../../gcc/libgcc/config/avr/lib1funcs.S:565
    41ae:	b0 01       	movw	r22, r0
/home/jenkins-mingw32/workspace/avr-gcc-staging/label/Ubuntu14.04x64-mingw32/gcc-build/avr/avr5/libgcc/../../../../gcc/libgcc/config/avr/lib1funcs.S:566
    41b0:	b3 9f       	mul	r27, r19
/home/jenkins-mingw32/workspace/avr-gcc-staging/label/Ubuntu14.04x64-mingw32/gcc-build/avr/avr5/libgcc/../../../../gcc/libgcc/config/avr/lib1funcs.S:567
    41b2:	c0 01       	movw	r24, r0
/home/jenkins-mingw32/workspace/avr-gcc-staging/label/Ubuntu14.04x64-mingw32/gcc-build/avr/avr5/libgcc/../../../../gcc/libgcc/config/avr/lib1funcs.S:568
    41b4:	a3 9f       	mul	r26, r19
/home/jenkins-mingw32/workspace/avr-gcc-staging/label/Ubuntu14.04x64-mingw32/gcc-build/avr/avr5/libgcc/../../../../gcc/libgcc/config/avr/lib1funcs.S:573
    41b6:	70 0d       	add	r23, r0
/home/jenkins-mingw32/workspace/avr-gcc-staging/label/Ubuntu14.04x64-mingw32/gcc-build/avr/avr5/libgcc/../../../../gcc/libgcc/config/avr/lib1funcs.S:574
    41b8:	81 1d       	adc	r24, r1
/home/jenkins-mingw32/workspace/avr-gcc-staging/label/Ubuntu14.04x64-mingw32/gcc-build/avr/avr5/libgcc/../../../../gcc/libgcc/config/avr/lib1funcs.S:575
    41ba:	11 24       	eor	r1, r1
/home/jenkins-mingw32/workspace/avr-gcc-staging/label/Ubuntu14.04x64-mingw32/gcc-build/avr/avr5/libgcc/../../../../gcc/libgcc/config/avr/lib1funcs.S:576
    41bc:	91 1d       	adc	r25, r1
/home/jenkins-mingw32/workspace/avr-gcc-staging/label/Ubuntu14.04x64-mingw32/gcc-build/avr/avr5/libgcc/../../../../gcc/libgcc/config/avr/lib1funcs.S:580
    41be:	b2 9f       	mul	r27, r18
/home/jenkins-mingw32/workspace/avr-gcc-staging/label/Ubuntu14.04x64-mingw32/gcc-build/avr/avr5/libgcc/../../../../gcc/libgcc/config/avr/lib1funcs.S:581
    41c0:	70 0d       	add	r23, r0
/home/jenkins-mingw32/workspace/avr-gcc-staging/label/Ubuntu14.04x64-mingw32/gcc-build/avr/avr5/libgcc/../../../../gcc/libgcc/config/avr/lib1funcs.S:582
    41c2:	81 1d       	adc	r24, r1
/home/jenkins-mingw32/workspace/avr-gcc-staging/label/Ubuntu14.04x64-mingw32/gcc-build/avr/avr5/libgcc/../../../../gcc/libgcc/config/avr/lib1funcs.S:583
    41c4:	11 24       	eor	r1, r1
/home/jenkins-mingw32/workspace/avr-gcc-staging/label/Ubuntu14.04x64-mingw32/gcc-build/avr/avr5/libgcc/../../../../gcc/libgcc/config/avr/lib1funcs.S:584
    41c6:	91 1d       	adc	r25, r1
/home/jenkins-mingw32/workspace/avr-gcc-staging/label/Ubuntu14.04x64-mingw32/gcc-build/avr/avr5/libgcc/../../../../gcc/libgcc/config/avr/lib1funcs.S:585
    41c8:	08 95       	ret

000041ca <dtostrf>:
dtostrf():
    41ca:	ef 92       	push	r14
    41cc:	0f 93       	push	r16
    41ce:	1f 93       	push	r17
    41d0:	cf 93       	push	r28
    41d2:	df 93       	push	r29
    41d4:	e8 01       	movw	r28, r16
    41d6:	34 e0       	ldi	r19, 0x04	; 4
    41d8:	47 fd       	sbrc	r20, 7
    41da:	34 e1       	ldi	r19, 0x14	; 20
    41dc:	04 2e       	mov	r0, r20
    41de:	00 0c       	add	r0, r0
    41e0:	55 0b       	sbc	r21, r21
    41e2:	57 ff       	sbrs	r21, 7
    41e4:	03 c0       	rjmp	.+6      	; 0x41ec <dtostrf+0x22>
    41e6:	51 95       	neg	r21
    41e8:	41 95       	neg	r20
    41ea:	51 09       	sbc	r21, r1
    41ec:	e3 2e       	mov	r14, r19
    41ee:	02 2f       	mov	r16, r18
    41f0:	24 2f       	mov	r18, r20
    41f2:	ae 01       	movw	r20, r28
    41f4:	0e 94 2e 25 	call	0x4a5c	; 0x4a5c <dtoa_prf>
    41f8:	ce 01       	movw	r24, r28
    41fa:	df 91       	pop	r29
    41fc:	cf 91       	pop	r28
    41fe:	1f 91       	pop	r17
    4200:	0f 91       	pop	r16
    4202:	ef 90       	pop	r14
    4204:	08 95       	ret

00004206 <malloc>:
malloc():
    4206:	0f 93       	push	r16
    4208:	1f 93       	push	r17
    420a:	cf 93       	push	r28
    420c:	df 93       	push	r29
    420e:	82 30       	cpi	r24, 0x02	; 2
    4210:	91 05       	cpc	r25, r1
    4212:	10 f4       	brcc	.+4      	; 0x4218 <malloc+0x12>
    4214:	82 e0       	ldi	r24, 0x02	; 2
    4216:	90 e0       	ldi	r25, 0x00	; 0
    4218:	e0 91 05 05 	lds	r30, 0x0505	; 0x800505 <__flp>
    421c:	f0 91 06 05 	lds	r31, 0x0506	; 0x800506 <__flp+0x1>
    4220:	30 e0       	ldi	r19, 0x00	; 0
    4222:	20 e0       	ldi	r18, 0x00	; 0
    4224:	b0 e0       	ldi	r27, 0x00	; 0
    4226:	a0 e0       	ldi	r26, 0x00	; 0
    4228:	30 97       	sbiw	r30, 0x00	; 0
    422a:	99 f4       	brne	.+38     	; 0x4252 <malloc+0x4c>
    422c:	21 15       	cp	r18, r1
    422e:	31 05       	cpc	r19, r1
    4230:	09 f4       	brne	.+2      	; 0x4234 <malloc+0x2e>
    4232:	4a c0       	rjmp	.+148    	; 0x42c8 <malloc+0xc2>
    4234:	28 1b       	sub	r18, r24
    4236:	39 0b       	sbc	r19, r25
    4238:	24 30       	cpi	r18, 0x04	; 4
    423a:	31 05       	cpc	r19, r1
    423c:	d8 f5       	brcc	.+118    	; 0x42b4 <malloc+0xae>
    423e:	8a 81       	ldd	r24, Y+2	; 0x02
    4240:	9b 81       	ldd	r25, Y+3	; 0x03
    4242:	61 15       	cp	r22, r1
    4244:	71 05       	cpc	r23, r1
    4246:	89 f1       	breq	.+98     	; 0x42aa <malloc+0xa4>
    4248:	fb 01       	movw	r30, r22
    424a:	93 83       	std	Z+3, r25	; 0x03
    424c:	82 83       	std	Z+2, r24	; 0x02
    424e:	fe 01       	movw	r30, r28
    4250:	11 c0       	rjmp	.+34     	; 0x4274 <malloc+0x6e>
    4252:	40 81       	ld	r20, Z
    4254:	51 81       	ldd	r21, Z+1	; 0x01
    4256:	02 81       	ldd	r16, Z+2	; 0x02
    4258:	13 81       	ldd	r17, Z+3	; 0x03
    425a:	48 17       	cp	r20, r24
    425c:	59 07       	cpc	r21, r25
    425e:	e0 f0       	brcs	.+56     	; 0x4298 <malloc+0x92>
    4260:	48 17       	cp	r20, r24
    4262:	59 07       	cpc	r21, r25
    4264:	99 f4       	brne	.+38     	; 0x428c <malloc+0x86>
    4266:	10 97       	sbiw	r26, 0x00	; 0
    4268:	61 f0       	breq	.+24     	; 0x4282 <malloc+0x7c>
    426a:	12 96       	adiw	r26, 0x02	; 2
    426c:	0c 93       	st	X, r16
    426e:	12 97       	sbiw	r26, 0x02	; 2
    4270:	13 96       	adiw	r26, 0x03	; 3
    4272:	1c 93       	st	X, r17
    4274:	32 96       	adiw	r30, 0x02	; 2
    4276:	cf 01       	movw	r24, r30
    4278:	df 91       	pop	r29
    427a:	cf 91       	pop	r28
    427c:	1f 91       	pop	r17
    427e:	0f 91       	pop	r16
    4280:	08 95       	ret
    4282:	00 93 05 05 	sts	0x0505, r16	; 0x800505 <__flp>
    4286:	10 93 06 05 	sts	0x0506, r17	; 0x800506 <__flp+0x1>
    428a:	f4 cf       	rjmp	.-24     	; 0x4274 <malloc+0x6e>
    428c:	21 15       	cp	r18, r1
    428e:	31 05       	cpc	r19, r1
    4290:	51 f0       	breq	.+20     	; 0x42a6 <malloc+0xa0>
    4292:	42 17       	cp	r20, r18
    4294:	53 07       	cpc	r21, r19
    4296:	38 f0       	brcs	.+14     	; 0x42a6 <malloc+0xa0>
    4298:	a9 01       	movw	r20, r18
    429a:	db 01       	movw	r26, r22
    429c:	9a 01       	movw	r18, r20
    429e:	bd 01       	movw	r22, r26
    42a0:	df 01       	movw	r26, r30
    42a2:	f8 01       	movw	r30, r16
    42a4:	c1 cf       	rjmp	.-126    	; 0x4228 <malloc+0x22>
    42a6:	ef 01       	movw	r28, r30
    42a8:	f9 cf       	rjmp	.-14     	; 0x429c <malloc+0x96>
    42aa:	90 93 06 05 	sts	0x0506, r25	; 0x800506 <__flp+0x1>
    42ae:	80 93 05 05 	sts	0x0505, r24	; 0x800505 <__flp>
    42b2:	cd cf       	rjmp	.-102    	; 0x424e <malloc+0x48>
    42b4:	fe 01       	movw	r30, r28
    42b6:	e2 0f       	add	r30, r18
    42b8:	f3 1f       	adc	r31, r19
    42ba:	81 93       	st	Z+, r24
    42bc:	91 93       	st	Z+, r25
    42be:	22 50       	subi	r18, 0x02	; 2
    42c0:	31 09       	sbc	r19, r1
    42c2:	39 83       	std	Y+1, r19	; 0x01
    42c4:	28 83       	st	Y, r18
    42c6:	d7 cf       	rjmp	.-82     	; 0x4276 <malloc+0x70>
    42c8:	20 91 03 05 	lds	r18, 0x0503	; 0x800503 <__brkval>
    42cc:	30 91 04 05 	lds	r19, 0x0504	; 0x800504 <__brkval+0x1>
    42d0:	23 2b       	or	r18, r19
    42d2:	41 f4       	brne	.+16     	; 0x42e4 <malloc+0xde>
    42d4:	20 91 62 00 	lds	r18, 0x0062	; 0x800062 <__malloc_heap_start>
    42d8:	30 91 63 00 	lds	r19, 0x0063	; 0x800063 <__malloc_heap_start+0x1>
    42dc:	30 93 04 05 	sts	0x0504, r19	; 0x800504 <__brkval+0x1>
    42e0:	20 93 03 05 	sts	0x0503, r18	; 0x800503 <__brkval>
    42e4:	20 91 60 00 	lds	r18, 0x0060	; 0x800060 <__DATA_REGION_ORIGIN__>
    42e8:	30 91 61 00 	lds	r19, 0x0061	; 0x800061 <__DATA_REGION_ORIGIN__+0x1>
    42ec:	21 15       	cp	r18, r1
    42ee:	31 05       	cpc	r19, r1
    42f0:	41 f4       	brne	.+16     	; 0x4302 <malloc+0xfc>
    42f2:	2d b7       	in	r18, 0x3d	; 61
    42f4:	3e b7       	in	r19, 0x3e	; 62
    42f6:	40 91 64 00 	lds	r20, 0x0064	; 0x800064 <__malloc_margin>
    42fa:	50 91 65 00 	lds	r21, 0x0065	; 0x800065 <__malloc_margin+0x1>
    42fe:	24 1b       	sub	r18, r20
    4300:	35 0b       	sbc	r19, r21
    4302:	e0 91 03 05 	lds	r30, 0x0503	; 0x800503 <__brkval>
    4306:	f0 91 04 05 	lds	r31, 0x0504	; 0x800504 <__brkval+0x1>
    430a:	e2 17       	cp	r30, r18
    430c:	f3 07       	cpc	r31, r19
    430e:	a0 f4       	brcc	.+40     	; 0x4338 <malloc+0x132>
    4310:	2e 1b       	sub	r18, r30
    4312:	3f 0b       	sbc	r19, r31
    4314:	28 17       	cp	r18, r24
    4316:	39 07       	cpc	r19, r25
    4318:	78 f0       	brcs	.+30     	; 0x4338 <malloc+0x132>
    431a:	ac 01       	movw	r20, r24
    431c:	4e 5f       	subi	r20, 0xFE	; 254
    431e:	5f 4f       	sbci	r21, 0xFF	; 255
    4320:	24 17       	cp	r18, r20
    4322:	35 07       	cpc	r19, r21
    4324:	48 f0       	brcs	.+18     	; 0x4338 <malloc+0x132>
    4326:	4e 0f       	add	r20, r30
    4328:	5f 1f       	adc	r21, r31
    432a:	50 93 04 05 	sts	0x0504, r21	; 0x800504 <__brkval+0x1>
    432e:	40 93 03 05 	sts	0x0503, r20	; 0x800503 <__brkval>
    4332:	81 93       	st	Z+, r24
    4334:	91 93       	st	Z+, r25
    4336:	9f cf       	rjmp	.-194    	; 0x4276 <malloc+0x70>
    4338:	f0 e0       	ldi	r31, 0x00	; 0
    433a:	e0 e0       	ldi	r30, 0x00	; 0
    433c:	9c cf       	rjmp	.-200    	; 0x4276 <malloc+0x70>

0000433e <free>:
free():
    433e:	cf 93       	push	r28
    4340:	df 93       	push	r29
    4342:	00 97       	sbiw	r24, 0x00	; 0
    4344:	e9 f0       	breq	.+58     	; 0x4380 <free+0x42>
    4346:	fc 01       	movw	r30, r24
    4348:	32 97       	sbiw	r30, 0x02	; 2
    434a:	13 82       	std	Z+3, r1	; 0x03
    434c:	12 82       	std	Z+2, r1	; 0x02
    434e:	a0 91 05 05 	lds	r26, 0x0505	; 0x800505 <__flp>
    4352:	b0 91 06 05 	lds	r27, 0x0506	; 0x800506 <__flp+0x1>
    4356:	ed 01       	movw	r28, r26
    4358:	30 e0       	ldi	r19, 0x00	; 0
    435a:	20 e0       	ldi	r18, 0x00	; 0
    435c:	10 97       	sbiw	r26, 0x00	; 0
    435e:	a1 f4       	brne	.+40     	; 0x4388 <free+0x4a>
    4360:	20 81       	ld	r18, Z
    4362:	31 81       	ldd	r19, Z+1	; 0x01
    4364:	82 0f       	add	r24, r18
    4366:	93 1f       	adc	r25, r19
    4368:	20 91 03 05 	lds	r18, 0x0503	; 0x800503 <__brkval>
    436c:	30 91 04 05 	lds	r19, 0x0504	; 0x800504 <__brkval+0x1>
    4370:	28 17       	cp	r18, r24
    4372:	39 07       	cpc	r19, r25
    4374:	09 f0       	breq	.+2      	; 0x4378 <free+0x3a>
    4376:	61 c0       	rjmp	.+194    	; 0x443a <free+0xfc>
    4378:	f0 93 04 05 	sts	0x0504, r31	; 0x800504 <__brkval+0x1>
    437c:	e0 93 03 05 	sts	0x0503, r30	; 0x800503 <__brkval>
    4380:	df 91       	pop	r29
    4382:	cf 91       	pop	r28
    4384:	08 95       	ret
    4386:	ea 01       	movw	r28, r20
    4388:	ce 17       	cp	r28, r30
    438a:	df 07       	cpc	r29, r31
    438c:	e8 f5       	brcc	.+122    	; 0x4408 <free+0xca>
    438e:	4a 81       	ldd	r20, Y+2	; 0x02
    4390:	5b 81       	ldd	r21, Y+3	; 0x03
    4392:	9e 01       	movw	r18, r28
    4394:	41 15       	cp	r20, r1
    4396:	51 05       	cpc	r21, r1
    4398:	b1 f7       	brne	.-20     	; 0x4386 <free+0x48>
    439a:	e9 01       	movw	r28, r18
    439c:	fb 83       	std	Y+3, r31	; 0x03
    439e:	ea 83       	std	Y+2, r30	; 0x02
    43a0:	49 91       	ld	r20, Y+
    43a2:	59 91       	ld	r21, Y+
    43a4:	c4 0f       	add	r28, r20
    43a6:	d5 1f       	adc	r29, r21
    43a8:	ec 17       	cp	r30, r28
    43aa:	fd 07       	cpc	r31, r29
    43ac:	61 f4       	brne	.+24     	; 0x43c6 <free+0x88>
    43ae:	80 81       	ld	r24, Z
    43b0:	91 81       	ldd	r25, Z+1	; 0x01
    43b2:	02 96       	adiw	r24, 0x02	; 2
    43b4:	84 0f       	add	r24, r20
    43b6:	95 1f       	adc	r25, r21
    43b8:	e9 01       	movw	r28, r18
    43ba:	99 83       	std	Y+1, r25	; 0x01
    43bc:	88 83       	st	Y, r24
    43be:	82 81       	ldd	r24, Z+2	; 0x02
    43c0:	93 81       	ldd	r25, Z+3	; 0x03
    43c2:	9b 83       	std	Y+3, r25	; 0x03
    43c4:	8a 83       	std	Y+2, r24	; 0x02
    43c6:	f0 e0       	ldi	r31, 0x00	; 0
    43c8:	e0 e0       	ldi	r30, 0x00	; 0
    43ca:	12 96       	adiw	r26, 0x02	; 2
    43cc:	8d 91       	ld	r24, X+
    43ce:	9c 91       	ld	r25, X
    43d0:	13 97       	sbiw	r26, 0x03	; 3
    43d2:	00 97       	sbiw	r24, 0x00	; 0
    43d4:	b9 f5       	brne	.+110    	; 0x4444 <free+0x106>
    43d6:	2d 91       	ld	r18, X+
    43d8:	3c 91       	ld	r19, X
    43da:	11 97       	sbiw	r26, 0x01	; 1
    43dc:	cd 01       	movw	r24, r26
    43de:	02 96       	adiw	r24, 0x02	; 2
    43e0:	82 0f       	add	r24, r18
    43e2:	93 1f       	adc	r25, r19
    43e4:	20 91 03 05 	lds	r18, 0x0503	; 0x800503 <__brkval>
    43e8:	30 91 04 05 	lds	r19, 0x0504	; 0x800504 <__brkval+0x1>
    43ec:	28 17       	cp	r18, r24
    43ee:	39 07       	cpc	r19, r25
    43f0:	39 f6       	brne	.-114    	; 0x4380 <free+0x42>
    43f2:	30 97       	sbiw	r30, 0x00	; 0
    43f4:	51 f5       	brne	.+84     	; 0x444a <free+0x10c>
    43f6:	10 92 06 05 	sts	0x0506, r1	; 0x800506 <__flp+0x1>
    43fa:	10 92 05 05 	sts	0x0505, r1	; 0x800505 <__flp>
    43fe:	b0 93 04 05 	sts	0x0504, r27	; 0x800504 <__brkval+0x1>
    4402:	a0 93 03 05 	sts	0x0503, r26	; 0x800503 <__brkval>
    4406:	bc cf       	rjmp	.-136    	; 0x4380 <free+0x42>
    4408:	d3 83       	std	Z+3, r29	; 0x03
    440a:	c2 83       	std	Z+2, r28	; 0x02
    440c:	40 81       	ld	r20, Z
    440e:	51 81       	ldd	r21, Z+1	; 0x01
    4410:	84 0f       	add	r24, r20
    4412:	95 1f       	adc	r25, r21
    4414:	c8 17       	cp	r28, r24
    4416:	d9 07       	cpc	r29, r25
    4418:	61 f4       	brne	.+24     	; 0x4432 <free+0xf4>
    441a:	4e 5f       	subi	r20, 0xFE	; 254
    441c:	5f 4f       	sbci	r21, 0xFF	; 255
    441e:	88 81       	ld	r24, Y
    4420:	99 81       	ldd	r25, Y+1	; 0x01
    4422:	48 0f       	add	r20, r24
    4424:	59 1f       	adc	r21, r25
    4426:	51 83       	std	Z+1, r21	; 0x01
    4428:	40 83       	st	Z, r20
    442a:	8a 81       	ldd	r24, Y+2	; 0x02
    442c:	9b 81       	ldd	r25, Y+3	; 0x03
    442e:	93 83       	std	Z+3, r25	; 0x03
    4430:	82 83       	std	Z+2, r24	; 0x02
    4432:	21 15       	cp	r18, r1
    4434:	31 05       	cpc	r19, r1
    4436:	09 f0       	breq	.+2      	; 0x443a <free+0xfc>
    4438:	b0 cf       	rjmp	.-160    	; 0x439a <free+0x5c>
    443a:	f0 93 06 05 	sts	0x0506, r31	; 0x800506 <__flp+0x1>
    443e:	e0 93 05 05 	sts	0x0505, r30	; 0x800505 <__flp>
    4442:	9e cf       	rjmp	.-196    	; 0x4380 <free+0x42>
    4444:	fd 01       	movw	r30, r26
    4446:	dc 01       	movw	r26, r24
    4448:	c0 cf       	rjmp	.-128    	; 0x43ca <free+0x8c>
    444a:	13 82       	std	Z+3, r1	; 0x03
    444c:	12 82       	std	Z+2, r1	; 0x02
    444e:	d7 cf       	rjmp	.-82     	; 0x43fe <free+0xc0>

00004450 <realloc>:
realloc():
    4450:	b0 e0       	ldi	r27, 0x00	; 0
    4452:	a0 e0       	ldi	r26, 0x00	; 0
    4454:	ee e2       	ldi	r30, 0x2E	; 46
    4456:	f2 e2       	ldi	r31, 0x22	; 34
    4458:	0c 94 47 20 	jmp	0x408e	; 0x408e <__prologue_saves__+0x4>
    445c:	8c 01       	movw	r16, r24
    445e:	00 97       	sbiw	r24, 0x00	; 0
    4460:	51 f4       	brne	.+20     	; 0x4476 <realloc+0x26>
    4462:	cb 01       	movw	r24, r22
    4464:	0e 94 03 21 	call	0x4206	; 0x4206 <malloc>
    4468:	8c 01       	movw	r16, r24
    446a:	c8 01       	movw	r24, r16
    446c:	cd b7       	in	r28, 0x3d	; 61
    446e:	de b7       	in	r29, 0x3e	; 62
    4470:	e0 e1       	ldi	r30, 0x10	; 16
    4472:	0c 94 63 20 	jmp	0x40c6	; 0x40c6 <__epilogue_restores__+0x4>
    4476:	fc 01       	movw	r30, r24
    4478:	e6 0f       	add	r30, r22
    447a:	f7 1f       	adc	r31, r23
    447c:	9c 01       	movw	r18, r24
    447e:	22 50       	subi	r18, 0x02	; 2
    4480:	31 09       	sbc	r19, r1
    4482:	e2 17       	cp	r30, r18
    4484:	f3 07       	cpc	r31, r19
    4486:	08 f4       	brcc	.+2      	; 0x448a <realloc+0x3a>
    4488:	9d c0       	rjmp	.+314    	; 0x45c4 <realloc+0x174>
    448a:	d9 01       	movw	r26, r18
    448c:	cd 91       	ld	r28, X+
    448e:	dc 91       	ld	r29, X
    4490:	11 97       	sbiw	r26, 0x01	; 1
    4492:	c6 17       	cp	r28, r22
    4494:	d7 07       	cpc	r29, r23
    4496:	98 f0       	brcs	.+38     	; 0x44be <realloc+0x6e>
    4498:	c5 30       	cpi	r28, 0x05	; 5
    449a:	d1 05       	cpc	r29, r1
    449c:	30 f3       	brcs	.-52     	; 0x446a <realloc+0x1a>
    449e:	ce 01       	movw	r24, r28
    44a0:	04 97       	sbiw	r24, 0x04	; 4
    44a2:	86 17       	cp	r24, r22
    44a4:	97 07       	cpc	r25, r23
    44a6:	08 f3       	brcs	.-62     	; 0x446a <realloc+0x1a>
    44a8:	c6 1b       	sub	r28, r22
    44aa:	d7 0b       	sbc	r29, r23
    44ac:	22 97       	sbiw	r28, 0x02	; 2
    44ae:	c1 93       	st	Z+, r28
    44b0:	d1 93       	st	Z+, r29
    44b2:	6d 93       	st	X+, r22
    44b4:	7c 93       	st	X, r23
    44b6:	cf 01       	movw	r24, r30
    44b8:	0e 94 9f 21 	call	0x433e	; 0x433e <free>
    44bc:	d6 cf       	rjmp	.-84     	; 0x446a <realloc+0x1a>
    44be:	5b 01       	movw	r10, r22
    44c0:	ac 1a       	sub	r10, r28
    44c2:	bd 0a       	sbc	r11, r29
    44c4:	4c 01       	movw	r8, r24
    44c6:	8c 0e       	add	r8, r28
    44c8:	9d 1e       	adc	r9, r29
    44ca:	a0 91 05 05 	lds	r26, 0x0505	; 0x800505 <__flp>
    44ce:	b0 91 06 05 	lds	r27, 0x0506	; 0x800506 <__flp+0x1>
    44d2:	51 2c       	mov	r5, r1
    44d4:	41 2c       	mov	r4, r1
    44d6:	f1 2c       	mov	r15, r1
    44d8:	e1 2c       	mov	r14, r1
    44da:	10 97       	sbiw	r26, 0x00	; 0
    44dc:	31 f5       	brne	.+76     	; 0x452a <realloc+0xda>
    44de:	80 91 03 05 	lds	r24, 0x0503	; 0x800503 <__brkval>
    44e2:	90 91 04 05 	lds	r25, 0x0504	; 0x800504 <__brkval+0x1>
    44e6:	88 15       	cp	r24, r8
    44e8:	99 05       	cpc	r25, r9
    44ea:	09 f0       	breq	.+2      	; 0x44ee <realloc+0x9e>
    44ec:	5c c0       	rjmp	.+184    	; 0x45a6 <realloc+0x156>
    44ee:	46 16       	cp	r4, r22
    44f0:	57 06       	cpc	r5, r23
    44f2:	08 f0       	brcs	.+2      	; 0x44f6 <realloc+0xa6>
    44f4:	58 c0       	rjmp	.+176    	; 0x45a6 <realloc+0x156>
    44f6:	80 91 60 00 	lds	r24, 0x0060	; 0x800060 <__DATA_REGION_ORIGIN__>
    44fa:	90 91 61 00 	lds	r25, 0x0061	; 0x800061 <__DATA_REGION_ORIGIN__+0x1>
    44fe:	00 97       	sbiw	r24, 0x00	; 0
    4500:	41 f4       	brne	.+16     	; 0x4512 <realloc+0xc2>
    4502:	8d b7       	in	r24, 0x3d	; 61
    4504:	9e b7       	in	r25, 0x3e	; 62
    4506:	40 91 64 00 	lds	r20, 0x0064	; 0x800064 <__malloc_margin>
    450a:	50 91 65 00 	lds	r21, 0x0065	; 0x800065 <__malloc_margin+0x1>
    450e:	84 1b       	sub	r24, r20
    4510:	95 0b       	sbc	r25, r21
    4512:	e8 17       	cp	r30, r24
    4514:	f9 07       	cpc	r31, r25
    4516:	08 f0       	brcs	.+2      	; 0x451a <realloc+0xca>
    4518:	55 c0       	rjmp	.+170    	; 0x45c4 <realloc+0x174>
    451a:	f0 93 04 05 	sts	0x0504, r31	; 0x800504 <__brkval+0x1>
    451e:	e0 93 03 05 	sts	0x0503, r30	; 0x800503 <__brkval>
    4522:	f9 01       	movw	r30, r18
    4524:	71 83       	std	Z+1, r23	; 0x01
    4526:	60 83       	st	Z, r22
    4528:	a0 cf       	rjmp	.-192    	; 0x446a <realloc+0x1a>
    452a:	8d 91       	ld	r24, X+
    452c:	9c 91       	ld	r25, X
    452e:	11 97       	sbiw	r26, 0x01	; 1
    4530:	12 96       	adiw	r26, 0x02	; 2
    4532:	6c 90       	ld	r6, X
    4534:	12 97       	sbiw	r26, 0x02	; 2
    4536:	13 96       	adiw	r26, 0x03	; 3
    4538:	7c 90       	ld	r7, X
    453a:	13 97       	sbiw	r26, 0x03	; 3
    453c:	a8 15       	cp	r26, r8
    453e:	b9 05       	cpc	r27, r9
    4540:	59 f5       	brne	.+86     	; 0x4598 <realloc+0x148>
    4542:	6c 01       	movw	r12, r24
    4544:	42 e0       	ldi	r20, 0x02	; 2
    4546:	c4 0e       	add	r12, r20
    4548:	d1 1c       	adc	r13, r1
    454a:	ca 14       	cp	r12, r10
    454c:	db 04       	cpc	r13, r11
    454e:	20 f1       	brcs	.+72     	; 0x4598 <realloc+0x148>
    4550:	ac 01       	movw	r20, r24
    4552:	4a 19       	sub	r20, r10
    4554:	5b 09       	sbc	r21, r11
    4556:	da 01       	movw	r26, r20
    4558:	12 96       	adiw	r26, 0x02	; 2
    455a:	15 97       	sbiw	r26, 0x05	; 5
    455c:	80 f0       	brcs	.+32     	; 0x457e <realloc+0x12e>
    455e:	62 82       	std	Z+2, r6	; 0x02
    4560:	73 82       	std	Z+3, r7	; 0x03
    4562:	51 83       	std	Z+1, r21	; 0x01
    4564:	40 83       	st	Z, r20
    4566:	d9 01       	movw	r26, r18
    4568:	6d 93       	st	X+, r22
    456a:	7c 93       	st	X, r23
    456c:	e1 14       	cp	r14, r1
    456e:	f1 04       	cpc	r15, r1
    4570:	71 f0       	breq	.+28     	; 0x458e <realloc+0x13e>
    4572:	d7 01       	movw	r26, r14
    4574:	13 96       	adiw	r26, 0x03	; 3
    4576:	fc 93       	st	X, r31
    4578:	ee 93       	st	-X, r30
    457a:	12 97       	sbiw	r26, 0x02	; 2
    457c:	76 cf       	rjmp	.-276    	; 0x446a <realloc+0x1a>
    457e:	22 96       	adiw	r28, 0x02	; 2
    4580:	8c 0f       	add	r24, r28
    4582:	9d 1f       	adc	r25, r29
    4584:	f9 01       	movw	r30, r18
    4586:	91 83       	std	Z+1, r25	; 0x01
    4588:	80 83       	st	Z, r24
    458a:	f3 01       	movw	r30, r6
    458c:	ef cf       	rjmp	.-34     	; 0x456c <realloc+0x11c>
    458e:	f0 93 06 05 	sts	0x0506, r31	; 0x800506 <__flp+0x1>
    4592:	e0 93 05 05 	sts	0x0505, r30	; 0x800505 <__flp>
    4596:	69 cf       	rjmp	.-302    	; 0x446a <realloc+0x1a>
    4598:	48 16       	cp	r4, r24
    459a:	59 06       	cpc	r5, r25
    459c:	08 f4       	brcc	.+2      	; 0x45a0 <realloc+0x150>
    459e:	2c 01       	movw	r4, r24
    45a0:	7d 01       	movw	r14, r26
    45a2:	d3 01       	movw	r26, r6
    45a4:	9a cf       	rjmp	.-204    	; 0x44da <realloc+0x8a>
    45a6:	cb 01       	movw	r24, r22
    45a8:	0e 94 03 21 	call	0x4206	; 0x4206 <malloc>
    45ac:	7c 01       	movw	r14, r24
    45ae:	00 97       	sbiw	r24, 0x00	; 0
    45b0:	49 f0       	breq	.+18     	; 0x45c4 <realloc+0x174>
    45b2:	ae 01       	movw	r20, r28
    45b4:	b8 01       	movw	r22, r16
    45b6:	0e 94 0c 23 	call	0x4618	; 0x4618 <memcpy>
    45ba:	c8 01       	movw	r24, r16
    45bc:	0e 94 9f 21 	call	0x433e	; 0x433e <free>
    45c0:	87 01       	movw	r16, r14
    45c2:	53 cf       	rjmp	.-346    	; 0x446a <realloc+0x1a>
    45c4:	10 e0       	ldi	r17, 0x00	; 0
    45c6:	00 e0       	ldi	r16, 0x00	; 0
    45c8:	50 cf       	rjmp	.-352    	; 0x446a <realloc+0x1a>

000045ca <atol>:
atol():
    45ca:	1f 93       	push	r17
    45cc:	fc 01       	movw	r30, r24
    45ce:	99 27       	eor	r25, r25
    45d0:	88 27       	eor	r24, r24
    45d2:	bc 01       	movw	r22, r24
    45d4:	e8 94       	clt
    45d6:	11 91       	ld	r17, Z+
    45d8:	10 32       	cpi	r17, 0x20	; 32
    45da:	e9 f3       	breq	.-6      	; 0x45d6 <atol+0xc>
    45dc:	19 30       	cpi	r17, 0x09	; 9
    45de:	10 f0       	brcs	.+4      	; 0x45e4 <atol+0x1a>
    45e0:	1e 30       	cpi	r17, 0x0E	; 14
    45e2:	c8 f3       	brcs	.-14     	; 0x45d6 <atol+0xc>
    45e4:	1b 32       	cpi	r17, 0x2B	; 43
    45e6:	51 f0       	breq	.+20     	; 0x45fc <atol+0x32>
    45e8:	1d 32       	cpi	r17, 0x2D	; 45
    45ea:	49 f4       	brne	.+18     	; 0x45fe <atol+0x34>
    45ec:	68 94       	set
    45ee:	06 c0       	rjmp	.+12     	; 0x45fc <atol+0x32>
    45f0:	0e 94 1c 23 	call	0x4638	; 0x4638 <__mulsi_const_10>
    45f4:	61 0f       	add	r22, r17
    45f6:	71 1d       	adc	r23, r1
    45f8:	81 1d       	adc	r24, r1
    45fa:	91 1d       	adc	r25, r1
    45fc:	11 91       	ld	r17, Z+
    45fe:	10 53       	subi	r17, 0x30	; 48
    4600:	1a 30       	cpi	r17, 0x0A	; 10
    4602:	b0 f3       	brcs	.-20     	; 0x45f0 <atol+0x26>
    4604:	3e f4       	brtc	.+14     	; 0x4614 <atol+0x4a>
    4606:	90 95       	com	r25
    4608:	80 95       	com	r24
    460a:	70 95       	com	r23
    460c:	61 95       	neg	r22
    460e:	7f 4f       	sbci	r23, 0xFF	; 255
    4610:	8f 4f       	sbci	r24, 0xFF	; 255
    4612:	9f 4f       	sbci	r25, 0xFF	; 255
    4614:	1f 91       	pop	r17
    4616:	08 95       	ret

00004618 <memcpy>:
memcpy():
    4618:	fb 01       	movw	r30, r22
    461a:	dc 01       	movw	r26, r24
    461c:	02 c0       	rjmp	.+4      	; 0x4622 <memcpy+0xa>
    461e:	01 90       	ld	r0, Z+
    4620:	0d 92       	st	X+, r0
    4622:	41 50       	subi	r20, 0x01	; 1
    4624:	50 40       	sbci	r21, 0x00	; 0
    4626:	d8 f7       	brcc	.-10     	; 0x461e <memcpy+0x6>
    4628:	08 95       	ret

0000462a <strcpy>:
strcpy():
    462a:	fb 01       	movw	r30, r22
    462c:	dc 01       	movw	r26, r24
    462e:	01 90       	ld	r0, Z+
    4630:	0d 92       	st	X+, r0
    4632:	00 20       	and	r0, r0
    4634:	e1 f7       	brne	.-8      	; 0x462e <strcpy+0x4>
    4636:	08 95       	ret

00004638 <__mulsi_const_10>:
__mulsi_const_10():
    4638:	59 2f       	mov	r21, r25
    463a:	48 2f       	mov	r20, r24
    463c:	37 2f       	mov	r19, r23
    463e:	26 2f       	mov	r18, r22
    4640:	66 0f       	add	r22, r22
    4642:	77 1f       	adc	r23, r23
    4644:	88 1f       	adc	r24, r24
    4646:	99 1f       	adc	r25, r25
    4648:	66 0f       	add	r22, r22
    464a:	77 1f       	adc	r23, r23
    464c:	88 1f       	adc	r24, r24
    464e:	99 1f       	adc	r25, r25
    4650:	62 0f       	add	r22, r18
    4652:	73 1f       	adc	r23, r19
    4654:	84 1f       	adc	r24, r20
    4656:	95 1f       	adc	r25, r21
    4658:	66 0f       	add	r22, r22
    465a:	77 1f       	adc	r23, r23
    465c:	88 1f       	adc	r24, r24
    465e:	99 1f       	adc	r25, r25
    4660:	08 95       	ret

00004662 <sprintf>:
sprintf():
    4662:	ae e0       	ldi	r26, 0x0E	; 14
    4664:	b0 e0       	ldi	r27, 0x00	; 0
    4666:	e7 e3       	ldi	r30, 0x37	; 55
    4668:	f3 e2       	ldi	r31, 0x23	; 35
    466a:	0c 94 53 20 	jmp	0x40a6	; 0x40a6 <__prologue_saves__+0x1c>
    466e:	0d 89       	ldd	r16, Y+21	; 0x15
    4670:	1e 89       	ldd	r17, Y+22	; 0x16
    4672:	86 e0       	ldi	r24, 0x06	; 6
    4674:	8c 83       	std	Y+4, r24	; 0x04
    4676:	1a 83       	std	Y+2, r17	; 0x02
    4678:	09 83       	std	Y+1, r16	; 0x01
    467a:	8f ef       	ldi	r24, 0xFF	; 255
    467c:	9f e7       	ldi	r25, 0x7F	; 127
    467e:	9e 83       	std	Y+6, r25	; 0x06
    4680:	8d 83       	std	Y+5, r24	; 0x05
    4682:	ae 01       	movw	r20, r28
    4684:	47 5e       	subi	r20, 0xE7	; 231
    4686:	5f 4f       	sbci	r21, 0xFF	; 255
    4688:	6f 89       	ldd	r22, Y+23	; 0x17
    468a:	78 8d       	ldd	r23, Y+24	; 0x18
    468c:	ce 01       	movw	r24, r28
    468e:	01 96       	adiw	r24, 0x01	; 1
    4690:	0e 94 54 23 	call	0x46a8	; 0x46a8 <vfprintf>
    4694:	2f 81       	ldd	r18, Y+7	; 0x07
    4696:	38 85       	ldd	r19, Y+8	; 0x08
    4698:	02 0f       	add	r16, r18
    469a:	13 1f       	adc	r17, r19
    469c:	f8 01       	movw	r30, r16
    469e:	10 82       	st	Z, r1
    46a0:	2e 96       	adiw	r28, 0x0e	; 14
    46a2:	e4 e0       	ldi	r30, 0x04	; 4
    46a4:	0c 94 6f 20 	jmp	0x40de	; 0x40de <__epilogue_restores__+0x1c>

000046a8 <vfprintf>:
vfprintf():
    46a8:	ab e0       	ldi	r26, 0x0B	; 11
    46aa:	b0 e0       	ldi	r27, 0x00	; 0
    46ac:	ea e5       	ldi	r30, 0x5A	; 90
    46ae:	f3 e2       	ldi	r31, 0x23	; 35
    46b0:	0c 94 45 20 	jmp	0x408a	; 0x408a <__prologue_saves__>
    46b4:	7c 01       	movw	r14, r24
    46b6:	3b 01       	movw	r6, r22
    46b8:	8a 01       	movw	r16, r20
    46ba:	fc 01       	movw	r30, r24
    46bc:	17 82       	std	Z+7, r1	; 0x07
    46be:	16 82       	std	Z+6, r1	; 0x06
    46c0:	83 81       	ldd	r24, Z+3	; 0x03
    46c2:	81 ff       	sbrs	r24, 1
    46c4:	c8 c1       	rjmp	.+912    	; 0x4a56 <vfprintf+0x3ae>
    46c6:	ce 01       	movw	r24, r28
    46c8:	01 96       	adiw	r24, 0x01	; 1
    46ca:	5c 01       	movw	r10, r24
    46cc:	f7 01       	movw	r30, r14
    46ce:	93 81       	ldd	r25, Z+3	; 0x03
    46d0:	f3 01       	movw	r30, r6
    46d2:	93 fd       	sbrc	r25, 3
    46d4:	85 91       	lpm	r24, Z+
    46d6:	93 ff       	sbrs	r25, 3
    46d8:	81 91       	ld	r24, Z+
    46da:	3f 01       	movw	r6, r30
    46dc:	88 23       	and	r24, r24
    46de:	09 f4       	brne	.+2      	; 0x46e2 <vfprintf+0x3a>
    46e0:	53 c1       	rjmp	.+678    	; 0x4988 <vfprintf+0x2e0>
    46e2:	85 32       	cpi	r24, 0x25	; 37
    46e4:	39 f4       	brne	.+14     	; 0x46f4 <vfprintf+0x4c>
    46e6:	93 fd       	sbrc	r25, 3
    46e8:	85 91       	lpm	r24, Z+
    46ea:	93 ff       	sbrs	r25, 3
    46ec:	81 91       	ld	r24, Z+
    46ee:	3f 01       	movw	r6, r30
    46f0:	85 32       	cpi	r24, 0x25	; 37
    46f2:	29 f4       	brne	.+10     	; 0x46fe <vfprintf+0x56>
    46f4:	b7 01       	movw	r22, r14
    46f6:	90 e0       	ldi	r25, 0x00	; 0
    46f8:	0e 94 7b 27 	call	0x4ef6	; 0x4ef6 <fputc>
    46fc:	e7 cf       	rjmp	.-50     	; 0x46cc <vfprintf+0x24>
    46fe:	91 2c       	mov	r9, r1
    4700:	21 2c       	mov	r2, r1
    4702:	31 2c       	mov	r3, r1
    4704:	ff e1       	ldi	r31, 0x1F	; 31
    4706:	f3 15       	cp	r31, r3
    4708:	38 f0       	brcs	.+14     	; 0x4718 <vfprintf+0x70>
    470a:	8b 32       	cpi	r24, 0x2B	; 43
    470c:	11 f1       	breq	.+68     	; 0x4752 <vfprintf+0xaa>
    470e:	90 f4       	brcc	.+36     	; 0x4734 <vfprintf+0x8c>
    4710:	80 32       	cpi	r24, 0x20	; 32
    4712:	09 f1       	breq	.+66     	; 0x4756 <vfprintf+0xae>
    4714:	83 32       	cpi	r24, 0x23	; 35
    4716:	29 f1       	breq	.+74     	; 0x4762 <vfprintf+0xba>
    4718:	37 fc       	sbrc	r3, 7
    471a:	3c c0       	rjmp	.+120    	; 0x4794 <vfprintf+0xec>
    471c:	20 ed       	ldi	r18, 0xD0	; 208
    471e:	28 0f       	add	r18, r24
    4720:	2a 30       	cpi	r18, 0x0A	; 10
    4722:	50 f5       	brcc	.+84     	; 0x4778 <vfprintf+0xd0>
    4724:	36 fe       	sbrs	r3, 6
    4726:	20 c0       	rjmp	.+64     	; 0x4768 <vfprintf+0xc0>
    4728:	8a e0       	ldi	r24, 0x0A	; 10
    472a:	98 9e       	mul	r9, r24
    472c:	20 0d       	add	r18, r0
    472e:	11 24       	eor	r1, r1
    4730:	92 2e       	mov	r9, r18
    4732:	06 c0       	rjmp	.+12     	; 0x4740 <vfprintf+0x98>
    4734:	8d 32       	cpi	r24, 0x2D	; 45
    4736:	91 f0       	breq	.+36     	; 0x475c <vfprintf+0xb4>
    4738:	80 33       	cpi	r24, 0x30	; 48
    473a:	71 f7       	brne	.-36     	; 0x4718 <vfprintf+0x70>
    473c:	68 94       	set
    473e:	30 f8       	bld	r3, 0
    4740:	f3 01       	movw	r30, r6
    4742:	93 fd       	sbrc	r25, 3
    4744:	85 91       	lpm	r24, Z+
    4746:	93 ff       	sbrs	r25, 3
    4748:	81 91       	ld	r24, Z+
    474a:	3f 01       	movw	r6, r30
    474c:	81 11       	cpse	r24, r1
    474e:	da cf       	rjmp	.-76     	; 0x4704 <vfprintf+0x5c>
    4750:	21 c0       	rjmp	.+66     	; 0x4794 <vfprintf+0xec>
    4752:	68 94       	set
    4754:	31 f8       	bld	r3, 1
    4756:	68 94       	set
    4758:	32 f8       	bld	r3, 2
    475a:	f2 cf       	rjmp	.-28     	; 0x4740 <vfprintf+0x98>
    475c:	68 94       	set
    475e:	33 f8       	bld	r3, 3
    4760:	ef cf       	rjmp	.-34     	; 0x4740 <vfprintf+0x98>
    4762:	68 94       	set
    4764:	34 f8       	bld	r3, 4
    4766:	ec cf       	rjmp	.-40     	; 0x4740 <vfprintf+0x98>
    4768:	ea e0       	ldi	r30, 0x0A	; 10
    476a:	2e 9e       	mul	r2, r30
    476c:	20 0d       	add	r18, r0
    476e:	11 24       	eor	r1, r1
    4770:	22 2e       	mov	r2, r18
    4772:	68 94       	set
    4774:	35 f8       	bld	r3, 5
    4776:	e4 cf       	rjmp	.-56     	; 0x4740 <vfprintf+0x98>
    4778:	8e 32       	cpi	r24, 0x2E	; 46
    477a:	29 f4       	brne	.+10     	; 0x4786 <vfprintf+0xde>
    477c:	36 fc       	sbrc	r3, 6
    477e:	04 c1       	rjmp	.+520    	; 0x4988 <vfprintf+0x2e0>
    4780:	68 94       	set
    4782:	36 f8       	bld	r3, 6
    4784:	dd cf       	rjmp	.-70     	; 0x4740 <vfprintf+0x98>
    4786:	8c 36       	cpi	r24, 0x6C	; 108
    4788:	19 f4       	brne	.+6      	; 0x4790 <vfprintf+0xe8>
    478a:	68 94       	set
    478c:	37 f8       	bld	r3, 7
    478e:	d8 cf       	rjmp	.-80     	; 0x4740 <vfprintf+0x98>
    4790:	88 36       	cpi	r24, 0x68	; 104
    4792:	b1 f2       	breq	.-84     	; 0x4740 <vfprintf+0x98>
    4794:	98 2f       	mov	r25, r24
    4796:	9f 7d       	andi	r25, 0xDF	; 223
    4798:	95 54       	subi	r25, 0x45	; 69
    479a:	93 30       	cpi	r25, 0x03	; 3
    479c:	e0 f0       	brcs	.+56     	; 0x47d6 <vfprintf+0x12e>
    479e:	83 36       	cpi	r24, 0x63	; 99
    47a0:	a1 f1       	breq	.+104    	; 0x480a <vfprintf+0x162>
    47a2:	83 37       	cpi	r24, 0x73	; 115
    47a4:	c1 f1       	breq	.+112    	; 0x4816 <vfprintf+0x16e>
    47a6:	83 35       	cpi	r24, 0x53	; 83
    47a8:	09 f0       	breq	.+2      	; 0x47ac <vfprintf+0x104>
    47aa:	63 c0       	rjmp	.+198    	; 0x4872 <vfprintf+0x1ca>
    47ac:	28 01       	movw	r4, r16
    47ae:	f2 e0       	ldi	r31, 0x02	; 2
    47b0:	4f 0e       	add	r4, r31
    47b2:	51 1c       	adc	r5, r1
    47b4:	f8 01       	movw	r30, r16
    47b6:	c0 80       	ld	r12, Z
    47b8:	d1 80       	ldd	r13, Z+1	; 0x01
    47ba:	69 2d       	mov	r22, r9
    47bc:	70 e0       	ldi	r23, 0x00	; 0
    47be:	36 fc       	sbrc	r3, 6
    47c0:	02 c0       	rjmp	.+4      	; 0x47c6 <vfprintf+0x11e>
    47c2:	6f ef       	ldi	r22, 0xFF	; 255
    47c4:	7f ef       	ldi	r23, 0xFF	; 255
    47c6:	c6 01       	movw	r24, r12
    47c8:	0e 94 65 27 	call	0x4eca	; 0x4eca <strnlen_P>
    47cc:	4c 01       	movw	r8, r24
    47ce:	68 94       	set
    47d0:	37 f8       	bld	r3, 7
    47d2:	82 01       	movw	r16, r4
    47d4:	0a c0       	rjmp	.+20     	; 0x47ea <vfprintf+0x142>
    47d6:	0c 5f       	subi	r16, 0xFC	; 252
    47d8:	1f 4f       	sbci	r17, 0xFF	; 255
    47da:	ff e3       	ldi	r31, 0x3F	; 63
    47dc:	f9 83       	std	Y+1, r31	; 0x01
    47de:	88 24       	eor	r8, r8
    47e0:	83 94       	inc	r8
    47e2:	91 2c       	mov	r9, r1
    47e4:	65 01       	movw	r12, r10
    47e6:	e8 94       	clt
    47e8:	37 f8       	bld	r3, 7
    47ea:	33 fe       	sbrs	r3, 3
    47ec:	2d c0       	rjmp	.+90     	; 0x4848 <vfprintf+0x1a0>
    47ee:	52 2c       	mov	r5, r2
    47f0:	81 14       	cp	r8, r1
    47f2:	91 04       	cpc	r9, r1
    47f4:	71 f5       	brne	.+92     	; 0x4852 <vfprintf+0x1aa>
    47f6:	55 20       	and	r5, r5
    47f8:	09 f4       	brne	.+2      	; 0x47fc <vfprintf+0x154>
    47fa:	68 cf       	rjmp	.-304    	; 0x46cc <vfprintf+0x24>
    47fc:	b7 01       	movw	r22, r14
    47fe:	80 e2       	ldi	r24, 0x20	; 32
    4800:	90 e0       	ldi	r25, 0x00	; 0
    4802:	0e 94 7b 27 	call	0x4ef6	; 0x4ef6 <fputc>
    4806:	5a 94       	dec	r5
    4808:	f6 cf       	rjmp	.-20     	; 0x47f6 <vfprintf+0x14e>
    480a:	f8 01       	movw	r30, r16
    480c:	80 81       	ld	r24, Z
    480e:	89 83       	std	Y+1, r24	; 0x01
    4810:	0e 5f       	subi	r16, 0xFE	; 254
    4812:	1f 4f       	sbci	r17, 0xFF	; 255
    4814:	e4 cf       	rjmp	.-56     	; 0x47de <vfprintf+0x136>
    4816:	28 01       	movw	r4, r16
    4818:	f2 e0       	ldi	r31, 0x02	; 2
    481a:	4f 0e       	add	r4, r31
    481c:	51 1c       	adc	r5, r1
    481e:	f8 01       	movw	r30, r16
    4820:	c0 80       	ld	r12, Z
    4822:	d1 80       	ldd	r13, Z+1	; 0x01
    4824:	69 2d       	mov	r22, r9
    4826:	70 e0       	ldi	r23, 0x00	; 0
    4828:	36 fc       	sbrc	r3, 6
    482a:	02 c0       	rjmp	.+4      	; 0x4830 <vfprintf+0x188>
    482c:	6f ef       	ldi	r22, 0xFF	; 255
    482e:	7f ef       	ldi	r23, 0xFF	; 255
    4830:	c6 01       	movw	r24, r12
    4832:	0e 94 70 27 	call	0x4ee0	; 0x4ee0 <strnlen>
    4836:	4c 01       	movw	r8, r24
    4838:	82 01       	movw	r16, r4
    483a:	d5 cf       	rjmp	.-86     	; 0x47e6 <vfprintf+0x13e>
    483c:	b7 01       	movw	r22, r14
    483e:	80 e2       	ldi	r24, 0x20	; 32
    4840:	90 e0       	ldi	r25, 0x00	; 0
    4842:	0e 94 7b 27 	call	0x4ef6	; 0x4ef6 <fputc>
    4846:	2a 94       	dec	r2
    4848:	28 14       	cp	r2, r8
    484a:	19 04       	cpc	r1, r9
    484c:	09 f0       	breq	.+2      	; 0x4850 <vfprintf+0x1a8>
    484e:	b0 f7       	brcc	.-20     	; 0x483c <vfprintf+0x194>
    4850:	ce cf       	rjmp	.-100    	; 0x47ee <vfprintf+0x146>
    4852:	f6 01       	movw	r30, r12
    4854:	37 fc       	sbrc	r3, 7
    4856:	85 91       	lpm	r24, Z+
    4858:	37 fe       	sbrs	r3, 7
    485a:	81 91       	ld	r24, Z+
    485c:	6f 01       	movw	r12, r30
    485e:	b7 01       	movw	r22, r14
    4860:	90 e0       	ldi	r25, 0x00	; 0
    4862:	0e 94 7b 27 	call	0x4ef6	; 0x4ef6 <fputc>
    4866:	51 10       	cpse	r5, r1
    4868:	5a 94       	dec	r5
    486a:	f1 e0       	ldi	r31, 0x01	; 1
    486c:	8f 1a       	sub	r8, r31
    486e:	91 08       	sbc	r9, r1
    4870:	bf cf       	rjmp	.-130    	; 0x47f0 <vfprintf+0x148>
    4872:	84 36       	cpi	r24, 0x64	; 100
    4874:	19 f0       	breq	.+6      	; 0x487c <vfprintf+0x1d4>
    4876:	89 36       	cpi	r24, 0x69	; 105
    4878:	09 f0       	breq	.+2      	; 0x487c <vfprintf+0x1d4>
    487a:	77 c0       	rjmp	.+238    	; 0x496a <vfprintf+0x2c2>
    487c:	f8 01       	movw	r30, r16
    487e:	37 fe       	sbrs	r3, 7
    4880:	6b c0       	rjmp	.+214    	; 0x4958 <vfprintf+0x2b0>
    4882:	60 81       	ld	r22, Z
    4884:	71 81       	ldd	r23, Z+1	; 0x01
    4886:	82 81       	ldd	r24, Z+2	; 0x02
    4888:	93 81       	ldd	r25, Z+3	; 0x03
    488a:	0c 5f       	subi	r16, 0xFC	; 252
    488c:	1f 4f       	sbci	r17, 0xFF	; 255
    488e:	f3 2d       	mov	r31, r3
    4890:	ff 76       	andi	r31, 0x6F	; 111
    4892:	3f 2e       	mov	r3, r31
    4894:	97 ff       	sbrs	r25, 7
    4896:	09 c0       	rjmp	.+18     	; 0x48aa <vfprintf+0x202>
    4898:	90 95       	com	r25
    489a:	80 95       	com	r24
    489c:	70 95       	com	r23
    489e:	61 95       	neg	r22
    48a0:	7f 4f       	sbci	r23, 0xFF	; 255
    48a2:	8f 4f       	sbci	r24, 0xFF	; 255
    48a4:	9f 4f       	sbci	r25, 0xFF	; 255
    48a6:	68 94       	set
    48a8:	37 f8       	bld	r3, 7
    48aa:	2a e0       	ldi	r18, 0x0A	; 10
    48ac:	30 e0       	ldi	r19, 0x00	; 0
    48ae:	a5 01       	movw	r20, r10
    48b0:	0e 94 ab 27 	call	0x4f56	; 0x4f56 <__ultoa_invert>
    48b4:	c8 2e       	mov	r12, r24
    48b6:	ca 18       	sub	r12, r10
    48b8:	8c 2c       	mov	r8, r12
    48ba:	43 2c       	mov	r4, r3
    48bc:	36 fe       	sbrs	r3, 6
    48be:	0c c0       	rjmp	.+24     	; 0x48d8 <vfprintf+0x230>
    48c0:	e8 94       	clt
    48c2:	40 f8       	bld	r4, 0
    48c4:	c9 14       	cp	r12, r9
    48c6:	40 f4       	brcc	.+16     	; 0x48d8 <vfprintf+0x230>
    48c8:	34 fe       	sbrs	r3, 4
    48ca:	05 c0       	rjmp	.+10     	; 0x48d6 <vfprintf+0x22e>
    48cc:	32 fc       	sbrc	r3, 2
    48ce:	03 c0       	rjmp	.+6      	; 0x48d6 <vfprintf+0x22e>
    48d0:	f3 2d       	mov	r31, r3
    48d2:	fe 7e       	andi	r31, 0xEE	; 238
    48d4:	4f 2e       	mov	r4, r31
    48d6:	89 2c       	mov	r8, r9
    48d8:	44 fe       	sbrs	r4, 4
    48da:	95 c0       	rjmp	.+298    	; 0x4a06 <vfprintf+0x35e>
    48dc:	fe 01       	movw	r30, r28
    48de:	ec 0d       	add	r30, r12
    48e0:	f1 1d       	adc	r31, r1
    48e2:	80 81       	ld	r24, Z
    48e4:	80 33       	cpi	r24, 0x30	; 48
    48e6:	09 f0       	breq	.+2      	; 0x48ea <vfprintf+0x242>
    48e8:	87 c0       	rjmp	.+270    	; 0x49f8 <vfprintf+0x350>
    48ea:	24 2d       	mov	r18, r4
    48ec:	29 7e       	andi	r18, 0xE9	; 233
    48ee:	42 2e       	mov	r4, r18
    48f0:	84 2d       	mov	r24, r4
    48f2:	88 70       	andi	r24, 0x08	; 8
    48f4:	58 2e       	mov	r5, r24
    48f6:	43 fc       	sbrc	r4, 3
    48f8:	95 c0       	rjmp	.+298    	; 0x4a24 <vfprintf+0x37c>
    48fa:	40 fe       	sbrs	r4, 0
    48fc:	8f c0       	rjmp	.+286    	; 0x4a1c <vfprintf+0x374>
    48fe:	9c 2c       	mov	r9, r12
    4900:	82 14       	cp	r8, r2
    4902:	18 f4       	brcc	.+6      	; 0x490a <vfprintf+0x262>
    4904:	2c 0c       	add	r2, r12
    4906:	92 2c       	mov	r9, r2
    4908:	98 18       	sub	r9, r8
    490a:	44 fe       	sbrs	r4, 4
    490c:	91 c0       	rjmp	.+290    	; 0x4a30 <vfprintf+0x388>
    490e:	b7 01       	movw	r22, r14
    4910:	80 e3       	ldi	r24, 0x30	; 48
    4912:	90 e0       	ldi	r25, 0x00	; 0
    4914:	0e 94 7b 27 	call	0x4ef6	; 0x4ef6 <fputc>
    4918:	42 fe       	sbrs	r4, 2
    491a:	09 c0       	rjmp	.+18     	; 0x492e <vfprintf+0x286>
    491c:	88 e7       	ldi	r24, 0x78	; 120
    491e:	90 e0       	ldi	r25, 0x00	; 0
    4920:	41 fe       	sbrs	r4, 1
    4922:	02 c0       	rjmp	.+4      	; 0x4928 <vfprintf+0x280>
    4924:	88 e5       	ldi	r24, 0x58	; 88
    4926:	90 e0       	ldi	r25, 0x00	; 0
    4928:	b7 01       	movw	r22, r14
    492a:	0e 94 7b 27 	call	0x4ef6	; 0x4ef6 <fputc>
    492e:	c9 14       	cp	r12, r9
    4930:	08 f4       	brcc	.+2      	; 0x4934 <vfprintf+0x28c>
    4932:	8a c0       	rjmp	.+276    	; 0x4a48 <vfprintf+0x3a0>
    4934:	ca 94       	dec	r12
    4936:	d1 2c       	mov	r13, r1
    4938:	9f ef       	ldi	r25, 0xFF	; 255
    493a:	c9 1a       	sub	r12, r25
    493c:	d9 0a       	sbc	r13, r25
    493e:	ca 0c       	add	r12, r10
    4940:	db 1c       	adc	r13, r11
    4942:	f6 01       	movw	r30, r12
    4944:	82 91       	ld	r24, -Z
    4946:	6f 01       	movw	r12, r30
    4948:	b7 01       	movw	r22, r14
    494a:	90 e0       	ldi	r25, 0x00	; 0
    494c:	0e 94 7b 27 	call	0x4ef6	; 0x4ef6 <fputc>
    4950:	ac 14       	cp	r10, r12
    4952:	bd 04       	cpc	r11, r13
    4954:	b1 f7       	brne	.-20     	; 0x4942 <vfprintf+0x29a>
    4956:	4f cf       	rjmp	.-354    	; 0x47f6 <vfprintf+0x14e>
    4958:	60 81       	ld	r22, Z
    495a:	71 81       	ldd	r23, Z+1	; 0x01
    495c:	07 2e       	mov	r0, r23
    495e:	00 0c       	add	r0, r0
    4960:	88 0b       	sbc	r24, r24
    4962:	99 0b       	sbc	r25, r25
    4964:	0e 5f       	subi	r16, 0xFE	; 254
    4966:	1f 4f       	sbci	r17, 0xFF	; 255
    4968:	92 cf       	rjmp	.-220    	; 0x488e <vfprintf+0x1e6>
    496a:	d3 2c       	mov	r13, r3
    496c:	e8 94       	clt
    496e:	d4 f8       	bld	r13, 4
    4970:	2a e0       	ldi	r18, 0x0A	; 10
    4972:	30 e0       	ldi	r19, 0x00	; 0
    4974:	85 37       	cpi	r24, 0x75	; 117
    4976:	39 f1       	breq	.+78     	; 0x49c6 <vfprintf+0x31e>
    4978:	23 2d       	mov	r18, r3
    497a:	29 7f       	andi	r18, 0xF9	; 249
    497c:	d2 2e       	mov	r13, r18
    497e:	8f 36       	cpi	r24, 0x6F	; 111
    4980:	01 f1       	breq	.+64     	; 0x49c2 <vfprintf+0x31a>
    4982:	48 f4       	brcc	.+18     	; 0x4996 <vfprintf+0x2ee>
    4984:	88 35       	cpi	r24, 0x58	; 88
    4986:	a9 f0       	breq	.+42     	; 0x49b2 <vfprintf+0x30a>
    4988:	f7 01       	movw	r30, r14
    498a:	86 81       	ldd	r24, Z+6	; 0x06
    498c:	97 81       	ldd	r25, Z+7	; 0x07
    498e:	2b 96       	adiw	r28, 0x0b	; 11
    4990:	e2 e1       	ldi	r30, 0x12	; 18
    4992:	0c 94 61 20 	jmp	0x40c2	; 0x40c2 <__epilogue_restores__>
    4996:	80 37       	cpi	r24, 0x70	; 112
    4998:	49 f0       	breq	.+18     	; 0x49ac <vfprintf+0x304>
    499a:	88 37       	cpi	r24, 0x78	; 120
    499c:	a9 f7       	brne	.-22     	; 0x4988 <vfprintf+0x2e0>
    499e:	d4 fe       	sbrs	r13, 4
    49a0:	02 c0       	rjmp	.+4      	; 0x49a6 <vfprintf+0x2fe>
    49a2:	68 94       	set
    49a4:	d2 f8       	bld	r13, 2
    49a6:	20 e1       	ldi	r18, 0x10	; 16
    49a8:	30 e0       	ldi	r19, 0x00	; 0
    49aa:	0d c0       	rjmp	.+26     	; 0x49c6 <vfprintf+0x31e>
    49ac:	68 94       	set
    49ae:	d4 f8       	bld	r13, 4
    49b0:	f6 cf       	rjmp	.-20     	; 0x499e <vfprintf+0x2f6>
    49b2:	34 fe       	sbrs	r3, 4
    49b4:	03 c0       	rjmp	.+6      	; 0x49bc <vfprintf+0x314>
    49b6:	82 2f       	mov	r24, r18
    49b8:	86 60       	ori	r24, 0x06	; 6
    49ba:	d8 2e       	mov	r13, r24
    49bc:	20 e1       	ldi	r18, 0x10	; 16
    49be:	32 e0       	ldi	r19, 0x02	; 2
    49c0:	02 c0       	rjmp	.+4      	; 0x49c6 <vfprintf+0x31e>
    49c2:	28 e0       	ldi	r18, 0x08	; 8
    49c4:	30 e0       	ldi	r19, 0x00	; 0
    49c6:	f8 01       	movw	r30, r16
    49c8:	d7 fe       	sbrs	r13, 7
    49ca:	0f c0       	rjmp	.+30     	; 0x49ea <vfprintf+0x342>
    49cc:	60 81       	ld	r22, Z
    49ce:	71 81       	ldd	r23, Z+1	; 0x01
    49d0:	82 81       	ldd	r24, Z+2	; 0x02
    49d2:	93 81       	ldd	r25, Z+3	; 0x03
    49d4:	0c 5f       	subi	r16, 0xFC	; 252
    49d6:	1f 4f       	sbci	r17, 0xFF	; 255
    49d8:	a5 01       	movw	r20, r10
    49da:	0e 94 ab 27 	call	0x4f56	; 0x4f56 <__ultoa_invert>
    49de:	c8 2e       	mov	r12, r24
    49e0:	ca 18       	sub	r12, r10
    49e2:	3d 2c       	mov	r3, r13
    49e4:	e8 94       	clt
    49e6:	37 f8       	bld	r3, 7
    49e8:	67 cf       	rjmp	.-306    	; 0x48b8 <vfprintf+0x210>
    49ea:	60 81       	ld	r22, Z
    49ec:	71 81       	ldd	r23, Z+1	; 0x01
    49ee:	90 e0       	ldi	r25, 0x00	; 0
    49f0:	80 e0       	ldi	r24, 0x00	; 0
    49f2:	0e 5f       	subi	r16, 0xFE	; 254
    49f4:	1f 4f       	sbci	r17, 0xFF	; 255
    49f6:	f0 cf       	rjmp	.-32     	; 0x49d8 <vfprintf+0x330>
    49f8:	42 fc       	sbrc	r4, 2
    49fa:	02 c0       	rjmp	.+4      	; 0x4a00 <vfprintf+0x358>
    49fc:	83 94       	inc	r8
    49fe:	78 cf       	rjmp	.-272    	; 0x48f0 <vfprintf+0x248>
    4a00:	83 94       	inc	r8
    4a02:	83 94       	inc	r8
    4a04:	75 cf       	rjmp	.-278    	; 0x48f0 <vfprintf+0x248>
    4a06:	84 2d       	mov	r24, r4
    4a08:	86 78       	andi	r24, 0x86	; 134
    4a0a:	09 f4       	brne	.+2      	; 0x4a0e <vfprintf+0x366>
    4a0c:	71 cf       	rjmp	.-286    	; 0x48f0 <vfprintf+0x248>
    4a0e:	f6 cf       	rjmp	.-20     	; 0x49fc <vfprintf+0x354>
    4a10:	b7 01       	movw	r22, r14
    4a12:	80 e2       	ldi	r24, 0x20	; 32
    4a14:	90 e0       	ldi	r25, 0x00	; 0
    4a16:	0e 94 7b 27 	call	0x4ef6	; 0x4ef6 <fputc>
    4a1a:	83 94       	inc	r8
    4a1c:	82 14       	cp	r8, r2
    4a1e:	c0 f3       	brcs	.-16     	; 0x4a10 <vfprintf+0x368>
    4a20:	51 2c       	mov	r5, r1
    4a22:	73 cf       	rjmp	.-282    	; 0x490a <vfprintf+0x262>
    4a24:	52 2c       	mov	r5, r2
    4a26:	58 18       	sub	r5, r8
    4a28:	82 14       	cp	r8, r2
    4a2a:	08 f4       	brcc	.+2      	; 0x4a2e <vfprintf+0x386>
    4a2c:	6e cf       	rjmp	.-292    	; 0x490a <vfprintf+0x262>
    4a2e:	f8 cf       	rjmp	.-16     	; 0x4a20 <vfprintf+0x378>
    4a30:	84 2d       	mov	r24, r4
    4a32:	86 78       	andi	r24, 0x86	; 134
    4a34:	09 f4       	brne	.+2      	; 0x4a38 <vfprintf+0x390>
    4a36:	7b cf       	rjmp	.-266    	; 0x492e <vfprintf+0x286>
    4a38:	8b e2       	ldi	r24, 0x2B	; 43
    4a3a:	41 fe       	sbrs	r4, 1
    4a3c:	80 e2       	ldi	r24, 0x20	; 32
    4a3e:	47 fc       	sbrc	r4, 7
    4a40:	8d e2       	ldi	r24, 0x2D	; 45
    4a42:	b7 01       	movw	r22, r14
    4a44:	90 e0       	ldi	r25, 0x00	; 0
    4a46:	71 cf       	rjmp	.-286    	; 0x492a <vfprintf+0x282>
    4a48:	b7 01       	movw	r22, r14
    4a4a:	80 e3       	ldi	r24, 0x30	; 48
    4a4c:	90 e0       	ldi	r25, 0x00	; 0
    4a4e:	0e 94 7b 27 	call	0x4ef6	; 0x4ef6 <fputc>
    4a52:	9a 94       	dec	r9
    4a54:	6c cf       	rjmp	.-296    	; 0x492e <vfprintf+0x286>
    4a56:	8f ef       	ldi	r24, 0xFF	; 255
    4a58:	9f ef       	ldi	r25, 0xFF	; 255
    4a5a:	99 cf       	rjmp	.-206    	; 0x498e <vfprintf+0x2e6>

00004a5c <dtoa_prf>:
dtoa_prf():
    4a5c:	a9 e0       	ldi	r26, 0x09	; 9
    4a5e:	b0 e0       	ldi	r27, 0x00	; 0
    4a60:	e4 e3       	ldi	r30, 0x34	; 52
    4a62:	f5 e2       	ldi	r31, 0x25	; 37
    4a64:	0c 94 4b 20 	jmp	0x4096	; 0x4096 <__prologue_saves__+0xc>
    4a68:	6a 01       	movw	r12, r20
    4a6a:	f2 2e       	mov	r15, r18
    4a6c:	b0 2e       	mov	r11, r16
    4a6e:	10 2f       	mov	r17, r16
    4a70:	fb e3       	ldi	r31, 0x3B	; 59
    4a72:	af 2e       	mov	r10, r31
    4a74:	a0 16       	cp	r10, r16
    4a76:	08 f4       	brcc	.+2      	; 0x4a7a <dtoa_prf+0x1e>
    4a78:	1b e3       	ldi	r17, 0x3B	; 59
    4a7a:	1f 5f       	subi	r17, 0xFF	; 255
    4a7c:	01 2f       	mov	r16, r17
    4a7e:	27 e0       	ldi	r18, 0x07	; 7
    4a80:	ae 01       	movw	r20, r28
    4a82:	4f 5f       	subi	r20, 0xFF	; 255
    4a84:	5f 4f       	sbci	r21, 0xFF	; 255
    4a86:	0e 94 8d 26 	call	0x4d1a	; 0x4d1a <__ftoa_engine>
    4a8a:	bc 01       	movw	r22, r24
    4a8c:	89 81       	ldd	r24, Y+1	; 0x01
    4a8e:	98 2f       	mov	r25, r24
    4a90:	99 70       	andi	r25, 0x09	; 9
    4a92:	91 30       	cpi	r25, 0x01	; 1
    4a94:	09 f4       	brne	.+2      	; 0x4a98 <dtoa_prf+0x3c>
    4a96:	3f c0       	rjmp	.+126    	; 0x4b16 <dtoa_prf+0xba>
    4a98:	9b e2       	ldi	r25, 0x2B	; 43
    4a9a:	e1 fc       	sbrc	r14, 1
    4a9c:	04 c0       	rjmp	.+8      	; 0x4aa6 <dtoa_prf+0x4a>
    4a9e:	9e 2d       	mov	r25, r14
    4aa0:	91 70       	andi	r25, 0x01	; 1
    4aa2:	e0 fc       	sbrc	r14, 0
    4aa4:	3a c0       	rjmp	.+116    	; 0x4b1a <dtoa_prf+0xbe>
    4aa6:	5e 2d       	mov	r21, r14
    4aa8:	50 71       	andi	r21, 0x10	; 16
    4aaa:	e8 2f       	mov	r30, r24
    4aac:	e8 70       	andi	r30, 0x08	; 8
    4aae:	83 ff       	sbrs	r24, 3
    4ab0:	46 c0       	rjmp	.+140    	; 0x4b3e <dtoa_prf+0xe2>
    4ab2:	84 e0       	ldi	r24, 0x04	; 4
    4ab4:	91 11       	cpse	r25, r1
    4ab6:	01 c0       	rjmp	.+2      	; 0x4aba <dtoa_prf+0x5e>
    4ab8:	83 e0       	ldi	r24, 0x03	; 3
    4aba:	ef 2d       	mov	r30, r15
    4abc:	e8 1b       	sub	r30, r24
    4abe:	8f 15       	cp	r24, r15
    4ac0:	08 f0       	brcs	.+2      	; 0x4ac4 <dtoa_prf+0x68>
    4ac2:	e0 e0       	ldi	r30, 0x00	; 0
    4ac4:	d6 01       	movw	r26, r12
    4ac6:	8e 2f       	mov	r24, r30
    4ac8:	20 e2       	ldi	r18, 0x20	; 32
    4aca:	55 23       	and	r21, r21
    4acc:	51 f1       	breq	.+84     	; 0x4b22 <dtoa_prf+0xc6>
    4ace:	99 23       	and	r25, r25
    4ad0:	29 f0       	breq	.+10     	; 0x4adc <dtoa_prf+0x80>
    4ad2:	d6 01       	movw	r26, r12
    4ad4:	9c 93       	st	X, r25
    4ad6:	c6 01       	movw	r24, r12
    4ad8:	01 96       	adiw	r24, 0x01	; 1
    4ada:	6c 01       	movw	r12, r24
    4adc:	96 01       	movw	r18, r12
    4ade:	2d 5f       	subi	r18, 0xFD	; 253
    4ae0:	3f 4f       	sbci	r19, 0xFF	; 255
    4ae2:	e2 fe       	sbrs	r14, 2
    4ae4:	24 c0       	rjmp	.+72     	; 0x4b2e <dtoa_prf+0xd2>
    4ae6:	8e e4       	ldi	r24, 0x4E	; 78
    4ae8:	d6 01       	movw	r26, r12
    4aea:	8c 93       	st	X, r24
    4aec:	91 e4       	ldi	r25, 0x41	; 65
    4aee:	11 96       	adiw	r26, 0x01	; 1
    4af0:	9c 93       	st	X, r25
    4af2:	11 97       	sbiw	r26, 0x01	; 1
    4af4:	12 96       	adiw	r26, 0x02	; 2
    4af6:	8c 93       	st	X, r24
    4af8:	d9 01       	movw	r26, r18
    4afa:	8e 2f       	mov	r24, r30
    4afc:	90 e2       	ldi	r25, 0x20	; 32
    4afe:	81 11       	cpse	r24, r1
    4b00:	1b c0       	rjmp	.+54     	; 0x4b38 <dtoa_prf+0xdc>
    4b02:	e2 0f       	add	r30, r18
    4b04:	f3 2f       	mov	r31, r19
    4b06:	f1 1d       	adc	r31, r1
    4b08:	10 82       	st	Z, r1
    4b0a:	8e ef       	ldi	r24, 0xFE	; 254
    4b0c:	9f ef       	ldi	r25, 0xFF	; 255
    4b0e:	29 96       	adiw	r28, 0x09	; 9
    4b10:	ec e0       	ldi	r30, 0x0C	; 12
    4b12:	0c 94 67 20 	jmp	0x40ce	; 0x40ce <__epilogue_restores__+0xc>
    4b16:	9d e2       	ldi	r25, 0x2D	; 45
    4b18:	c6 cf       	rjmp	.-116    	; 0x4aa6 <dtoa_prf+0x4a>
    4b1a:	90 e2       	ldi	r25, 0x20	; 32
    4b1c:	c4 cf       	rjmp	.-120    	; 0x4aa6 <dtoa_prf+0x4a>
    4b1e:	2d 93       	st	X+, r18
    4b20:	81 50       	subi	r24, 0x01	; 1
    4b22:	81 11       	cpse	r24, r1
    4b24:	fc cf       	rjmp	.-8      	; 0x4b1e <dtoa_prf+0xc2>
    4b26:	ce 0e       	add	r12, r30
    4b28:	d1 1c       	adc	r13, r1
    4b2a:	e0 e0       	ldi	r30, 0x00	; 0
    4b2c:	d0 cf       	rjmp	.-96     	; 0x4ace <dtoa_prf+0x72>
    4b2e:	8e e6       	ldi	r24, 0x6E	; 110
    4b30:	d6 01       	movw	r26, r12
    4b32:	8c 93       	st	X, r24
    4b34:	91 e6       	ldi	r25, 0x61	; 97
    4b36:	db cf       	rjmp	.-74     	; 0x4aee <dtoa_prf+0x92>
    4b38:	9d 93       	st	X+, r25
    4b3a:	81 50       	subi	r24, 0x01	; 1
    4b3c:	e0 cf       	rjmp	.-64     	; 0x4afe <dtoa_prf+0xa2>
    4b3e:	48 2f       	mov	r20, r24
    4b40:	44 70       	andi	r20, 0x04	; 4
    4b42:	82 ff       	sbrs	r24, 2
    4b44:	3d c0       	rjmp	.+122    	; 0x4bc0 <dtoa_prf+0x164>
    4b46:	84 e0       	ldi	r24, 0x04	; 4
    4b48:	91 11       	cpse	r25, r1
    4b4a:	01 c0       	rjmp	.+2      	; 0x4b4e <dtoa_prf+0xf2>
    4b4c:	83 e0       	ldi	r24, 0x03	; 3
    4b4e:	8f 15       	cp	r24, r15
    4b50:	10 f4       	brcc	.+4      	; 0x4b56 <dtoa_prf+0xfa>
    4b52:	ef 2d       	mov	r30, r15
    4b54:	e8 1b       	sub	r30, r24
    4b56:	d6 01       	movw	r26, r12
    4b58:	8e 2f       	mov	r24, r30
    4b5a:	20 e2       	ldi	r18, 0x20	; 32
    4b5c:	55 23       	and	r21, r21
    4b5e:	09 f1       	breq	.+66     	; 0x4ba2 <dtoa_prf+0x146>
    4b60:	99 23       	and	r25, r25
    4b62:	29 f0       	breq	.+10     	; 0x4b6e <dtoa_prf+0x112>
    4b64:	d6 01       	movw	r26, r12
    4b66:	9c 93       	st	X, r25
    4b68:	c6 01       	movw	r24, r12
    4b6a:	01 96       	adiw	r24, 0x01	; 1
    4b6c:	6c 01       	movw	r12, r24
    4b6e:	96 01       	movw	r18, r12
    4b70:	2d 5f       	subi	r18, 0xFD	; 253
    4b72:	3f 4f       	sbci	r19, 0xFF	; 255
    4b74:	e2 fe       	sbrs	r14, 2
    4b76:	1b c0       	rjmp	.+54     	; 0x4bae <dtoa_prf+0x152>
    4b78:	89 e4       	ldi	r24, 0x49	; 73
    4b7a:	d6 01       	movw	r26, r12
    4b7c:	8c 93       	st	X, r24
    4b7e:	8e e4       	ldi	r24, 0x4E	; 78
    4b80:	11 96       	adiw	r26, 0x01	; 1
    4b82:	8c 93       	st	X, r24
    4b84:	11 97       	sbiw	r26, 0x01	; 1
    4b86:	86 e4       	ldi	r24, 0x46	; 70
    4b88:	12 96       	adiw	r26, 0x02	; 2
    4b8a:	8c 93       	st	X, r24
    4b8c:	d9 01       	movw	r26, r18
    4b8e:	8e 2f       	mov	r24, r30
    4b90:	90 e2       	ldi	r25, 0x20	; 32
    4b92:	88 23       	and	r24, r24
    4b94:	09 f4       	brne	.+2      	; 0x4b98 <dtoa_prf+0x13c>
    4b96:	b5 cf       	rjmp	.-150    	; 0x4b02 <dtoa_prf+0xa6>
    4b98:	9d 93       	st	X+, r25
    4b9a:	81 50       	subi	r24, 0x01	; 1
    4b9c:	fa cf       	rjmp	.-12     	; 0x4b92 <dtoa_prf+0x136>
    4b9e:	2d 93       	st	X+, r18
    4ba0:	81 50       	subi	r24, 0x01	; 1
    4ba2:	81 11       	cpse	r24, r1
    4ba4:	fc cf       	rjmp	.-8      	; 0x4b9e <dtoa_prf+0x142>
    4ba6:	ce 0e       	add	r12, r30
    4ba8:	d1 1c       	adc	r13, r1
    4baa:	e0 e0       	ldi	r30, 0x00	; 0
    4bac:	d9 cf       	rjmp	.-78     	; 0x4b60 <dtoa_prf+0x104>
    4bae:	89 e6       	ldi	r24, 0x69	; 105
    4bb0:	d6 01       	movw	r26, r12
    4bb2:	8c 93       	st	X, r24
    4bb4:	8e e6       	ldi	r24, 0x6E	; 110
    4bb6:	11 96       	adiw	r26, 0x01	; 1
    4bb8:	8c 93       	st	X, r24
    4bba:	11 97       	sbiw	r26, 0x01	; 1
    4bbc:	86 e6       	ldi	r24, 0x66	; 102
    4bbe:	e4 cf       	rjmp	.-56     	; 0x4b88 <dtoa_prf+0x12c>
    4bc0:	9b 01       	movw	r18, r22
    4bc2:	77 ff       	sbrs	r23, 7
    4bc4:	02 c0       	rjmp	.+4      	; 0x4bca <dtoa_prf+0x16e>
    4bc6:	30 e0       	ldi	r19, 0x00	; 0
    4bc8:	20 e0       	ldi	r18, 0x00	; 0
    4bca:	a1 e0       	ldi	r26, 0x01	; 1
    4bcc:	b0 e0       	ldi	r27, 0x00	; 0
    4bce:	91 11       	cpse	r25, r1
    4bd0:	02 c0       	rjmp	.+4      	; 0x4bd6 <dtoa_prf+0x17a>
    4bd2:	b0 e0       	ldi	r27, 0x00	; 0
    4bd4:	a0 e0       	ldi	r26, 0x00	; 0
    4bd6:	f9 01       	movw	r30, r18
    4bd8:	31 96       	adiw	r30, 0x01	; 1
    4bda:	ae 0f       	add	r26, r30
    4bdc:	bf 1f       	adc	r27, r31
    4bde:	8b 2c       	mov	r8, r11
    4be0:	91 2c       	mov	r9, r1
    4be2:	bb 20       	and	r11, r11
    4be4:	09 f4       	brne	.+2      	; 0x4be8 <dtoa_prf+0x18c>
    4be6:	61 c0       	rjmp	.+194    	; 0x4caa <dtoa_prf+0x24e>
    4be8:	54 01       	movw	r10, r8
    4bea:	ef ef       	ldi	r30, 0xFF	; 255
    4bec:	ae 1a       	sub	r10, r30
    4bee:	be 0a       	sbc	r11, r30
    4bf0:	aa 0d       	add	r26, r10
    4bf2:	bb 1d       	adc	r27, r11
    4bf4:	fa 16       	cp	r15, r26
    4bf6:	1b 06       	cpc	r1, r27
    4bf8:	19 f0       	breq	.+6      	; 0x4c00 <dtoa_prf+0x1a4>
    4bfa:	14 f0       	brlt	.+4      	; 0x4c00 <dtoa_prf+0x1a4>
    4bfc:	4f 2d       	mov	r20, r15
    4bfe:	4a 1b       	sub	r20, r26
    4c00:	51 11       	cpse	r21, r1
    4c02:	88 c0       	rjmp	.+272    	; 0x4d14 <dtoa_prf+0x2b8>
    4c04:	e3 fc       	sbrc	r14, 3
    4c06:	59 c0       	rjmp	.+178    	; 0x4cba <dtoa_prf+0x25e>
    4c08:	76 01       	movw	r14, r12
    4c0a:	a4 2f       	mov	r26, r20
    4c0c:	b0 e2       	ldi	r27, 0x20	; 32
    4c0e:	a1 11       	cpse	r26, r1
    4c10:	4f c0       	rjmp	.+158    	; 0x4cb0 <dtoa_prf+0x254>
    4c12:	c4 0e       	add	r12, r20
    4c14:	d1 1c       	adc	r13, r1
    4c16:	99 23       	and	r25, r25
    4c18:	09 f4       	brne	.+2      	; 0x4c1c <dtoa_prf+0x1c0>
    4c1a:	5b c0       	rjmp	.+182    	; 0x4cd2 <dtoa_prf+0x276>
    4c1c:	40 e0       	ldi	r20, 0x00	; 0
    4c1e:	d6 01       	movw	r26, r12
    4c20:	11 96       	adiw	r26, 0x01	; 1
    4c22:	f6 01       	movw	r30, r12
    4c24:	90 83       	st	Z, r25
    4c26:	6d 01       	movw	r12, r26
    4c28:	55 23       	and	r21, r21
    4c2a:	09 f4       	brne	.+2      	; 0x4c2e <dtoa_prf+0x1d2>
    4c2c:	48 c0       	rjmp	.+144    	; 0x4cbe <dtoa_prf+0x262>
    4c2e:	01 2f       	mov	r16, r17
    4c30:	06 0f       	add	r16, r22
    4c32:	9a 81       	ldd	r25, Y+2	; 0x02
    4c34:	58 2f       	mov	r21, r24
    4c36:	50 71       	andi	r21, 0x10	; 16
    4c38:	84 ff       	sbrs	r24, 4
    4c3a:	03 c0       	rjmp	.+6      	; 0x4c42 <dtoa_prf+0x1e6>
    4c3c:	91 33       	cpi	r25, 0x31	; 49
    4c3e:	09 f4       	brne	.+2      	; 0x4c42 <dtoa_prf+0x1e6>
    4c40:	01 50       	subi	r16, 0x01	; 1
    4c42:	10 16       	cp	r1, r16
    4c44:	0c f0       	brlt	.+2      	; 0x4c48 <dtoa_prf+0x1ec>
    4c46:	47 c0       	rjmp	.+142    	; 0x4cd6 <dtoa_prf+0x27a>
    4c48:	09 30       	cpi	r16, 0x09	; 9
    4c4a:	08 f0       	brcs	.+2      	; 0x4c4e <dtoa_prf+0x1f2>
    4c4c:	08 e0       	ldi	r16, 0x08	; 8
    4c4e:	ee e2       	ldi	r30, 0x2E	; 46
    4c50:	fe 2e       	mov	r15, r30
    4c52:	5b 01       	movw	r10, r22
    4c54:	a0 1a       	sub	r10, r16
    4c56:	b1 08       	sbc	r11, r1
    4c58:	85 01       	movw	r16, r10
    4c5a:	91 94       	neg	r9
    4c5c:	81 94       	neg	r8
    4c5e:	91 08       	sbc	r9, r1
    4c60:	2f 3f       	cpi	r18, 0xFF	; 255
    4c62:	32 07       	cpc	r19, r18
    4c64:	29 f4       	brne	.+10     	; 0x4c70 <dtoa_prf+0x214>
    4c66:	d6 01       	movw	r26, r12
    4c68:	fc 92       	st	X, r15
    4c6a:	f6 01       	movw	r30, r12
    4c6c:	31 96       	adiw	r30, 0x01	; 1
    4c6e:	6f 01       	movw	r12, r30
    4c70:	62 17       	cp	r22, r18
    4c72:	73 07       	cpc	r23, r19
    4c74:	94 f1       	brlt	.+100    	; 0x4cda <dtoa_prf+0x27e>
    4c76:	02 17       	cp	r16, r18
    4c78:	13 07       	cpc	r17, r19
    4c7a:	7c f5       	brge	.+94     	; 0x4cda <dtoa_prf+0x27e>
    4c7c:	db 01       	movw	r26, r22
    4c7e:	a2 1b       	sub	r26, r18
    4c80:	b3 0b       	sbc	r27, r19
    4c82:	aa 24       	eor	r10, r10
    4c84:	a3 94       	inc	r10
    4c86:	b1 2c       	mov	r11, r1
    4c88:	ac 0e       	add	r10, r28
    4c8a:	bd 1e       	adc	r11, r29
    4c8c:	aa 0d       	add	r26, r10
    4c8e:	bb 1d       	adc	r27, r11
    4c90:	11 96       	adiw	r26, 0x01	; 1
    4c92:	8c 91       	ld	r24, X
    4c94:	21 50       	subi	r18, 0x01	; 1
    4c96:	31 09       	sbc	r19, r1
    4c98:	d6 01       	movw	r26, r12
    4c9a:	11 96       	adiw	r26, 0x01	; 1
    4c9c:	28 15       	cp	r18, r8
    4c9e:	39 05       	cpc	r19, r9
    4ca0:	f4 f0       	brlt	.+60     	; 0x4cde <dtoa_prf+0x282>
    4ca2:	f6 01       	movw	r30, r12
    4ca4:	80 83       	st	Z, r24
    4ca6:	6d 01       	movw	r12, r26
    4ca8:	db cf       	rjmp	.-74     	; 0x4c60 <dtoa_prf+0x204>
    4caa:	b1 2c       	mov	r11, r1
    4cac:	a1 2c       	mov	r10, r1
    4cae:	a0 cf       	rjmp	.-192    	; 0x4bf0 <dtoa_prf+0x194>
    4cb0:	f7 01       	movw	r30, r14
    4cb2:	b1 93       	st	Z+, r27
    4cb4:	7f 01       	movw	r14, r30
    4cb6:	a1 50       	subi	r26, 0x01	; 1
    4cb8:	aa cf       	rjmp	.-172    	; 0x4c0e <dtoa_prf+0x1b2>
    4cba:	91 11       	cpse	r25, r1
    4cbc:	b0 cf       	rjmp	.-160    	; 0x4c1e <dtoa_prf+0x1c2>
    4cbe:	d6 01       	movw	r26, r12
    4cc0:	94 2f       	mov	r25, r20
    4cc2:	50 e3       	ldi	r21, 0x30	; 48
    4cc4:	02 c0       	rjmp	.+4      	; 0x4cca <dtoa_prf+0x26e>
    4cc6:	5d 93       	st	X+, r21
    4cc8:	91 50       	subi	r25, 0x01	; 1
    4cca:	91 11       	cpse	r25, r1
    4ccc:	fc cf       	rjmp	.-8      	; 0x4cc6 <dtoa_prf+0x26a>
    4cce:	c4 0e       	add	r12, r20
    4cd0:	d1 1c       	adc	r13, r1
    4cd2:	40 e0       	ldi	r20, 0x00	; 0
    4cd4:	ac cf       	rjmp	.-168    	; 0x4c2e <dtoa_prf+0x1d2>
    4cd6:	01 e0       	ldi	r16, 0x01	; 1
    4cd8:	ba cf       	rjmp	.-140    	; 0x4c4e <dtoa_prf+0x1f2>
    4cda:	80 e3       	ldi	r24, 0x30	; 48
    4cdc:	db cf       	rjmp	.-74     	; 0x4c94 <dtoa_prf+0x238>
    4cde:	62 17       	cp	r22, r18
    4ce0:	73 07       	cpc	r23, r19
    4ce2:	31 f4       	brne	.+12     	; 0x4cf0 <dtoa_prf+0x294>
    4ce4:	96 33       	cpi	r25, 0x36	; 54
    4ce6:	88 f4       	brcc	.+34     	; 0x4d0a <dtoa_prf+0x2ae>
    4ce8:	95 33       	cpi	r25, 0x35	; 53
    4cea:	11 f4       	brne	.+4      	; 0x4cf0 <dtoa_prf+0x294>
    4cec:	55 23       	and	r21, r21
    4cee:	69 f0       	breq	.+26     	; 0x4d0a <dtoa_prf+0x2ae>
    4cf0:	f6 01       	movw	r30, r12
    4cf2:	80 83       	st	Z, r24
    4cf4:	fd 01       	movw	r30, r26
    4cf6:	84 2f       	mov	r24, r20
    4cf8:	90 e2       	ldi	r25, 0x20	; 32
    4cfa:	81 11       	cpse	r24, r1
    4cfc:	08 c0       	rjmp	.+16     	; 0x4d0e <dtoa_prf+0x2b2>
    4cfe:	a4 0f       	add	r26, r20
    4d00:	b1 1d       	adc	r27, r1
    4d02:	1c 92       	st	X, r1
    4d04:	90 e0       	ldi	r25, 0x00	; 0
    4d06:	80 e0       	ldi	r24, 0x00	; 0
    4d08:	02 cf       	rjmp	.-508    	; 0x4b0e <dtoa_prf+0xb2>
    4d0a:	81 e3       	ldi	r24, 0x31	; 49
    4d0c:	f1 cf       	rjmp	.-30     	; 0x4cf0 <dtoa_prf+0x294>
    4d0e:	91 93       	st	Z+, r25
    4d10:	81 50       	subi	r24, 0x01	; 1
    4d12:	f3 cf       	rjmp	.-26     	; 0x4cfa <dtoa_prf+0x29e>
    4d14:	91 11       	cpse	r25, r1
    4d16:	83 cf       	rjmp	.-250    	; 0x4c1e <dtoa_prf+0x1c2>
    4d18:	8a cf       	rjmp	.-236    	; 0x4c2e <dtoa_prf+0x1d2>

00004d1a <__ftoa_engine>:
__ftoa_engine():
    4d1a:	28 30       	cpi	r18, 0x08	; 8
    4d1c:	08 f0       	brcs	.+2      	; 0x4d20 <__ftoa_engine+0x6>
    4d1e:	27 e0       	ldi	r18, 0x07	; 7
    4d20:	33 27       	eor	r19, r19
    4d22:	da 01       	movw	r26, r20
    4d24:	99 0f       	add	r25, r25
    4d26:	31 1d       	adc	r19, r1
    4d28:	87 fd       	sbrc	r24, 7
    4d2a:	91 60       	ori	r25, 0x01	; 1
    4d2c:	00 96       	adiw	r24, 0x00	; 0
    4d2e:	61 05       	cpc	r22, r1
    4d30:	71 05       	cpc	r23, r1
    4d32:	39 f4       	brne	.+14     	; 0x4d42 <__ftoa_engine+0x28>
    4d34:	32 60       	ori	r19, 0x02	; 2
    4d36:	2e 5f       	subi	r18, 0xFE	; 254
    4d38:	3d 93       	st	X+, r19
    4d3a:	30 e3       	ldi	r19, 0x30	; 48
    4d3c:	2a 95       	dec	r18
    4d3e:	e1 f7       	brne	.-8      	; 0x4d38 <__ftoa_engine+0x1e>
    4d40:	08 95       	ret
    4d42:	9f 3f       	cpi	r25, 0xFF	; 255
    4d44:	30 f0       	brcs	.+12     	; 0x4d52 <__ftoa_engine+0x38>
    4d46:	80 38       	cpi	r24, 0x80	; 128
    4d48:	71 05       	cpc	r23, r1
    4d4a:	61 05       	cpc	r22, r1
    4d4c:	09 f0       	breq	.+2      	; 0x4d50 <__ftoa_engine+0x36>
    4d4e:	3c 5f       	subi	r19, 0xFC	; 252
    4d50:	3c 5f       	subi	r19, 0xFC	; 252
    4d52:	3d 93       	st	X+, r19
    4d54:	91 30       	cpi	r25, 0x01	; 1
    4d56:	08 f0       	brcs	.+2      	; 0x4d5a <__ftoa_engine+0x40>
    4d58:	80 68       	ori	r24, 0x80	; 128
    4d5a:	91 1d       	adc	r25, r1
    4d5c:	df 93       	push	r29
    4d5e:	cf 93       	push	r28
    4d60:	1f 93       	push	r17
    4d62:	0f 93       	push	r16
    4d64:	ff 92       	push	r15
    4d66:	ef 92       	push	r14
    4d68:	19 2f       	mov	r17, r25
    4d6a:	98 7f       	andi	r25, 0xF8	; 248
    4d6c:	96 95       	lsr	r25
    4d6e:	e9 2f       	mov	r30, r25
    4d70:	96 95       	lsr	r25
    4d72:	96 95       	lsr	r25
    4d74:	e9 0f       	add	r30, r25
    4d76:	ff 27       	eor	r31, r31
    4d78:	e4 52       	subi	r30, 0x24	; 36
    4d7a:	ff 4f       	sbci	r31, 0xFF	; 255
    4d7c:	99 27       	eor	r25, r25
    4d7e:	33 27       	eor	r19, r19
    4d80:	ee 24       	eor	r14, r14
    4d82:	ff 24       	eor	r15, r15
    4d84:	a7 01       	movw	r20, r14
    4d86:	e7 01       	movw	r28, r14
    4d88:	05 90       	lpm	r0, Z+
    4d8a:	08 94       	sec
    4d8c:	07 94       	ror	r0
    4d8e:	28 f4       	brcc	.+10     	; 0x4d9a <__ftoa_engine+0x80>
    4d90:	36 0f       	add	r19, r22
    4d92:	e7 1e       	adc	r14, r23
    4d94:	f8 1e       	adc	r15, r24
    4d96:	49 1f       	adc	r20, r25
    4d98:	51 1d       	adc	r21, r1
    4d9a:	66 0f       	add	r22, r22
    4d9c:	77 1f       	adc	r23, r23
    4d9e:	88 1f       	adc	r24, r24
    4da0:	99 1f       	adc	r25, r25
    4da2:	06 94       	lsr	r0
    4da4:	a1 f7       	brne	.-24     	; 0x4d8e <__ftoa_engine+0x74>
    4da6:	05 90       	lpm	r0, Z+
    4da8:	07 94       	ror	r0
    4daa:	28 f4       	brcc	.+10     	; 0x4db6 <__ftoa_engine+0x9c>
    4dac:	e7 0e       	add	r14, r23
    4dae:	f8 1e       	adc	r15, r24
    4db0:	49 1f       	adc	r20, r25
    4db2:	56 1f       	adc	r21, r22
    4db4:	c1 1d       	adc	r28, r1
    4db6:	77 0f       	add	r23, r23
    4db8:	88 1f       	adc	r24, r24
    4dba:	99 1f       	adc	r25, r25
    4dbc:	66 1f       	adc	r22, r22
    4dbe:	06 94       	lsr	r0
    4dc0:	a1 f7       	brne	.-24     	; 0x4daa <__ftoa_engine+0x90>
    4dc2:	05 90       	lpm	r0, Z+
    4dc4:	07 94       	ror	r0
    4dc6:	28 f4       	brcc	.+10     	; 0x4dd2 <__ftoa_engine+0xb8>
    4dc8:	f8 0e       	add	r15, r24
    4dca:	49 1f       	adc	r20, r25
    4dcc:	56 1f       	adc	r21, r22
    4dce:	c7 1f       	adc	r28, r23
    4dd0:	d1 1d       	adc	r29, r1
    4dd2:	88 0f       	add	r24, r24
    4dd4:	99 1f       	adc	r25, r25
    4dd6:	66 1f       	adc	r22, r22
    4dd8:	77 1f       	adc	r23, r23
    4dda:	06 94       	lsr	r0
    4ddc:	a1 f7       	brne	.-24     	; 0x4dc6 <__ftoa_engine+0xac>
    4dde:	05 90       	lpm	r0, Z+
    4de0:	07 94       	ror	r0
    4de2:	20 f4       	brcc	.+8      	; 0x4dec <__ftoa_engine+0xd2>
    4de4:	49 0f       	add	r20, r25
    4de6:	56 1f       	adc	r21, r22
    4de8:	c7 1f       	adc	r28, r23
    4dea:	d8 1f       	adc	r29, r24
    4dec:	99 0f       	add	r25, r25
    4dee:	66 1f       	adc	r22, r22
    4df0:	77 1f       	adc	r23, r23
    4df2:	88 1f       	adc	r24, r24
    4df4:	06 94       	lsr	r0
    4df6:	a9 f7       	brne	.-22     	; 0x4de2 <__ftoa_engine+0xc8>
    4df8:	84 91       	lpm	r24, Z
    4dfa:	10 95       	com	r17
    4dfc:	17 70       	andi	r17, 0x07	; 7
    4dfe:	41 f0       	breq	.+16     	; 0x4e10 <__ftoa_engine+0xf6>
    4e00:	d6 95       	lsr	r29
    4e02:	c7 95       	ror	r28
    4e04:	57 95       	ror	r21
    4e06:	47 95       	ror	r20
    4e08:	f7 94       	ror	r15
    4e0a:	e7 94       	ror	r14
    4e0c:	1a 95       	dec	r17
    4e0e:	c1 f7       	brne	.-16     	; 0x4e00 <__ftoa_engine+0xe6>
    4e10:	e2 e8       	ldi	r30, 0x82	; 130
    4e12:	f0 e0       	ldi	r31, 0x00	; 0
    4e14:	68 94       	set
    4e16:	15 90       	lpm	r1, Z+
    4e18:	15 91       	lpm	r17, Z+
    4e1a:	35 91       	lpm	r19, Z+
    4e1c:	65 91       	lpm	r22, Z+
    4e1e:	95 91       	lpm	r25, Z+
    4e20:	05 90       	lpm	r0, Z+
    4e22:	7f e2       	ldi	r23, 0x2F	; 47
    4e24:	73 95       	inc	r23
    4e26:	e1 18       	sub	r14, r1
    4e28:	f1 0a       	sbc	r15, r17
    4e2a:	43 0b       	sbc	r20, r19
    4e2c:	56 0b       	sbc	r21, r22
    4e2e:	c9 0b       	sbc	r28, r25
    4e30:	d0 09       	sbc	r29, r0
    4e32:	c0 f7       	brcc	.-16     	; 0x4e24 <__ftoa_engine+0x10a>
    4e34:	e1 0c       	add	r14, r1
    4e36:	f1 1e       	adc	r15, r17
    4e38:	43 1f       	adc	r20, r19
    4e3a:	56 1f       	adc	r21, r22
    4e3c:	c9 1f       	adc	r28, r25
    4e3e:	d0 1d       	adc	r29, r0
    4e40:	7e f4       	brtc	.+30     	; 0x4e60 <__ftoa_engine+0x146>
    4e42:	70 33       	cpi	r23, 0x30	; 48
    4e44:	11 f4       	brne	.+4      	; 0x4e4a <__ftoa_engine+0x130>
    4e46:	8a 95       	dec	r24
    4e48:	e6 cf       	rjmp	.-52     	; 0x4e16 <__ftoa_engine+0xfc>
    4e4a:	e8 94       	clt
    4e4c:	01 50       	subi	r16, 0x01	; 1
    4e4e:	30 f0       	brcs	.+12     	; 0x4e5c <__ftoa_engine+0x142>
    4e50:	08 0f       	add	r16, r24
    4e52:	0a f4       	brpl	.+2      	; 0x4e56 <__ftoa_engine+0x13c>
    4e54:	00 27       	eor	r16, r16
    4e56:	02 17       	cp	r16, r18
    4e58:	08 f4       	brcc	.+2      	; 0x4e5c <__ftoa_engine+0x142>
    4e5a:	20 2f       	mov	r18, r16
    4e5c:	23 95       	inc	r18
    4e5e:	02 2f       	mov	r16, r18
    4e60:	7a 33       	cpi	r23, 0x3A	; 58
    4e62:	28 f0       	brcs	.+10     	; 0x4e6e <__ftoa_engine+0x154>
    4e64:	79 e3       	ldi	r23, 0x39	; 57
    4e66:	7d 93       	st	X+, r23
    4e68:	2a 95       	dec	r18
    4e6a:	e9 f7       	brne	.-6      	; 0x4e66 <__ftoa_engine+0x14c>
    4e6c:	10 c0       	rjmp	.+32     	; 0x4e8e <__ftoa_engine+0x174>
    4e6e:	7d 93       	st	X+, r23
    4e70:	2a 95       	dec	r18
    4e72:	89 f6       	brne	.-94     	; 0x4e16 <__ftoa_engine+0xfc>
    4e74:	06 94       	lsr	r0
    4e76:	97 95       	ror	r25
    4e78:	67 95       	ror	r22
    4e7a:	37 95       	ror	r19
    4e7c:	17 95       	ror	r17
    4e7e:	17 94       	ror	r1
    4e80:	e1 18       	sub	r14, r1
    4e82:	f1 0a       	sbc	r15, r17
    4e84:	43 0b       	sbc	r20, r19
    4e86:	56 0b       	sbc	r21, r22
    4e88:	c9 0b       	sbc	r28, r25
    4e8a:	d0 09       	sbc	r29, r0
    4e8c:	98 f0       	brcs	.+38     	; 0x4eb4 <__ftoa_engine+0x19a>
    4e8e:	23 95       	inc	r18
    4e90:	7e 91       	ld	r23, -X
    4e92:	73 95       	inc	r23
    4e94:	7a 33       	cpi	r23, 0x3A	; 58
    4e96:	08 f0       	brcs	.+2      	; 0x4e9a <__ftoa_engine+0x180>
    4e98:	70 e3       	ldi	r23, 0x30	; 48
    4e9a:	7c 93       	st	X, r23
    4e9c:	20 13       	cpse	r18, r16
    4e9e:	b8 f7       	brcc	.-18     	; 0x4e8e <__ftoa_engine+0x174>
    4ea0:	7e 91       	ld	r23, -X
    4ea2:	70 61       	ori	r23, 0x10	; 16
    4ea4:	7d 93       	st	X+, r23
    4ea6:	30 f0       	brcs	.+12     	; 0x4eb4 <__ftoa_engine+0x19a>
    4ea8:	83 95       	inc	r24
    4eaa:	71 e3       	ldi	r23, 0x31	; 49
    4eac:	7d 93       	st	X+, r23
    4eae:	70 e3       	ldi	r23, 0x30	; 48
    4eb0:	2a 95       	dec	r18
    4eb2:	e1 f7       	brne	.-8      	; 0x4eac <__ftoa_engine+0x192>
    4eb4:	11 24       	eor	r1, r1
    4eb6:	ef 90       	pop	r14
    4eb8:	ff 90       	pop	r15
    4eba:	0f 91       	pop	r16
    4ebc:	1f 91       	pop	r17
    4ebe:	cf 91       	pop	r28
    4ec0:	df 91       	pop	r29
    4ec2:	99 27       	eor	r25, r25
    4ec4:	87 fd       	sbrc	r24, 7
    4ec6:	90 95       	com	r25
    4ec8:	08 95       	ret

00004eca <strnlen_P>:
strnlen_P():
    4eca:	fc 01       	movw	r30, r24
    4ecc:	05 90       	lpm	r0, Z+
    4ece:	61 50       	subi	r22, 0x01	; 1
    4ed0:	70 40       	sbci	r23, 0x00	; 0
    4ed2:	01 10       	cpse	r0, r1
    4ed4:	d8 f7       	brcc	.-10     	; 0x4ecc <strnlen_P+0x2>
    4ed6:	80 95       	com	r24
    4ed8:	90 95       	com	r25
    4eda:	8e 0f       	add	r24, r30
    4edc:	9f 1f       	adc	r25, r31
    4ede:	08 95       	ret

00004ee0 <strnlen>:
strnlen():
    4ee0:	fc 01       	movw	r30, r24
    4ee2:	61 50       	subi	r22, 0x01	; 1
    4ee4:	70 40       	sbci	r23, 0x00	; 0
    4ee6:	01 90       	ld	r0, Z+
    4ee8:	01 10       	cpse	r0, r1
    4eea:	d8 f7       	brcc	.-10     	; 0x4ee2 <strnlen+0x2>
    4eec:	80 95       	com	r24
    4eee:	90 95       	com	r25
    4ef0:	8e 0f       	add	r24, r30
    4ef2:	9f 1f       	adc	r25, r31
    4ef4:	08 95       	ret

00004ef6 <fputc>:
fputc():
    4ef6:	0f 93       	push	r16
    4ef8:	1f 93       	push	r17
    4efa:	cf 93       	push	r28
    4efc:	df 93       	push	r29
    4efe:	18 2f       	mov	r17, r24
    4f00:	09 2f       	mov	r16, r25
    4f02:	eb 01       	movw	r28, r22
    4f04:	8b 81       	ldd	r24, Y+3	; 0x03
    4f06:	81 fd       	sbrc	r24, 1
    4f08:	09 c0       	rjmp	.+18     	; 0x4f1c <fputc+0x26>
    4f0a:	1f ef       	ldi	r17, 0xFF	; 255
    4f0c:	0f ef       	ldi	r16, 0xFF	; 255
    4f0e:	81 2f       	mov	r24, r17
    4f10:	90 2f       	mov	r25, r16
    4f12:	df 91       	pop	r29
    4f14:	cf 91       	pop	r28
    4f16:	1f 91       	pop	r17
    4f18:	0f 91       	pop	r16
    4f1a:	08 95       	ret
    4f1c:	82 ff       	sbrs	r24, 2
    4f1e:	14 c0       	rjmp	.+40     	; 0x4f48 <fputc+0x52>
    4f20:	2e 81       	ldd	r18, Y+6	; 0x06
    4f22:	3f 81       	ldd	r19, Y+7	; 0x07
    4f24:	8c 81       	ldd	r24, Y+4	; 0x04
    4f26:	9d 81       	ldd	r25, Y+5	; 0x05
    4f28:	28 17       	cp	r18, r24
    4f2a:	39 07       	cpc	r19, r25
    4f2c:	3c f4       	brge	.+14     	; 0x4f3c <fputc+0x46>
    4f2e:	e8 81       	ld	r30, Y
    4f30:	f9 81       	ldd	r31, Y+1	; 0x01
    4f32:	cf 01       	movw	r24, r30
    4f34:	01 96       	adiw	r24, 0x01	; 1
    4f36:	99 83       	std	Y+1, r25	; 0x01
    4f38:	88 83       	st	Y, r24
    4f3a:	10 83       	st	Z, r17
    4f3c:	8e 81       	ldd	r24, Y+6	; 0x06
    4f3e:	9f 81       	ldd	r25, Y+7	; 0x07
    4f40:	01 96       	adiw	r24, 0x01	; 1
    4f42:	9f 83       	std	Y+7, r25	; 0x07
    4f44:	8e 83       	std	Y+6, r24	; 0x06
    4f46:	e3 cf       	rjmp	.-58     	; 0x4f0e <fputc+0x18>
    4f48:	e8 85       	ldd	r30, Y+8	; 0x08
    4f4a:	f9 85       	ldd	r31, Y+9	; 0x09
    4f4c:	81 2f       	mov	r24, r17
    4f4e:	09 95       	icall
    4f50:	89 2b       	or	r24, r25
    4f52:	a1 f3       	breq	.-24     	; 0x4f3c <fputc+0x46>
    4f54:	da cf       	rjmp	.-76     	; 0x4f0a <fputc+0x14>

00004f56 <__ultoa_invert>:
__ultoa_invert():
    4f56:	fa 01       	movw	r30, r20
    4f58:	aa 27       	eor	r26, r26
    4f5a:	28 30       	cpi	r18, 0x08	; 8
    4f5c:	51 f1       	breq	.+84     	; 0x4fb2 <__ultoa_invert+0x5c>
    4f5e:	20 31       	cpi	r18, 0x10	; 16
    4f60:	81 f1       	breq	.+96     	; 0x4fc2 <__ultoa_invert+0x6c>
    4f62:	e8 94       	clt
    4f64:	6f 93       	push	r22
    4f66:	6e 7f       	andi	r22, 0xFE	; 254
    4f68:	6e 5f       	subi	r22, 0xFE	; 254
    4f6a:	7f 4f       	sbci	r23, 0xFF	; 255
    4f6c:	8f 4f       	sbci	r24, 0xFF	; 255
    4f6e:	9f 4f       	sbci	r25, 0xFF	; 255
    4f70:	af 4f       	sbci	r26, 0xFF	; 255
    4f72:	b1 e0       	ldi	r27, 0x01	; 1
    4f74:	3e d0       	rcall	.+124    	; 0x4ff2 <__ultoa_invert+0x9c>
    4f76:	b4 e0       	ldi	r27, 0x04	; 4
    4f78:	3c d0       	rcall	.+120    	; 0x4ff2 <__ultoa_invert+0x9c>
    4f7a:	67 0f       	add	r22, r23
    4f7c:	78 1f       	adc	r23, r24
    4f7e:	89 1f       	adc	r24, r25
    4f80:	9a 1f       	adc	r25, r26
    4f82:	a1 1d       	adc	r26, r1
    4f84:	68 0f       	add	r22, r24
    4f86:	79 1f       	adc	r23, r25
    4f88:	8a 1f       	adc	r24, r26
    4f8a:	91 1d       	adc	r25, r1
    4f8c:	a1 1d       	adc	r26, r1
    4f8e:	6a 0f       	add	r22, r26
    4f90:	71 1d       	adc	r23, r1
    4f92:	81 1d       	adc	r24, r1
    4f94:	91 1d       	adc	r25, r1
    4f96:	a1 1d       	adc	r26, r1
    4f98:	20 d0       	rcall	.+64     	; 0x4fda <__ultoa_invert+0x84>
    4f9a:	09 f4       	brne	.+2      	; 0x4f9e <__ultoa_invert+0x48>
    4f9c:	68 94       	set
    4f9e:	3f 91       	pop	r19
    4fa0:	2a e0       	ldi	r18, 0x0A	; 10
    4fa2:	26 9f       	mul	r18, r22
    4fa4:	11 24       	eor	r1, r1
    4fa6:	30 19       	sub	r19, r0
    4fa8:	30 5d       	subi	r19, 0xD0	; 208
    4faa:	31 93       	st	Z+, r19
    4fac:	de f6       	brtc	.-74     	; 0x4f64 <__ultoa_invert+0xe>
    4fae:	cf 01       	movw	r24, r30
    4fb0:	08 95       	ret
    4fb2:	46 2f       	mov	r20, r22
    4fb4:	47 70       	andi	r20, 0x07	; 7
    4fb6:	40 5d       	subi	r20, 0xD0	; 208
    4fb8:	41 93       	st	Z+, r20
    4fba:	b3 e0       	ldi	r27, 0x03	; 3
    4fbc:	0f d0       	rcall	.+30     	; 0x4fdc <__ultoa_invert+0x86>
    4fbe:	c9 f7       	brne	.-14     	; 0x4fb2 <__ultoa_invert+0x5c>
    4fc0:	f6 cf       	rjmp	.-20     	; 0x4fae <__ultoa_invert+0x58>
    4fc2:	46 2f       	mov	r20, r22
    4fc4:	4f 70       	andi	r20, 0x0F	; 15
    4fc6:	40 5d       	subi	r20, 0xD0	; 208
    4fc8:	4a 33       	cpi	r20, 0x3A	; 58
    4fca:	18 f0       	brcs	.+6      	; 0x4fd2 <__ultoa_invert+0x7c>
    4fcc:	49 5d       	subi	r20, 0xD9	; 217
    4fce:	31 fd       	sbrc	r19, 1
    4fd0:	40 52       	subi	r20, 0x20	; 32
    4fd2:	41 93       	st	Z+, r20
    4fd4:	02 d0       	rcall	.+4      	; 0x4fda <__ultoa_invert+0x84>
    4fd6:	a9 f7       	brne	.-22     	; 0x4fc2 <__ultoa_invert+0x6c>
    4fd8:	ea cf       	rjmp	.-44     	; 0x4fae <__ultoa_invert+0x58>
    4fda:	b4 e0       	ldi	r27, 0x04	; 4
    4fdc:	a6 95       	lsr	r26
    4fde:	97 95       	ror	r25
    4fe0:	87 95       	ror	r24
    4fe2:	77 95       	ror	r23
    4fe4:	67 95       	ror	r22
    4fe6:	ba 95       	dec	r27
    4fe8:	c9 f7       	brne	.-14     	; 0x4fdc <__ultoa_invert+0x86>
    4fea:	00 97       	sbiw	r24, 0x00	; 0
    4fec:	61 05       	cpc	r22, r1
    4fee:	71 05       	cpc	r23, r1
    4ff0:	08 95       	ret
    4ff2:	9b 01       	movw	r18, r22
    4ff4:	ac 01       	movw	r20, r24
    4ff6:	0a 2e       	mov	r0, r26
    4ff8:	06 94       	lsr	r0
    4ffa:	57 95       	ror	r21
    4ffc:	47 95       	ror	r20
    4ffe:	37 95       	ror	r19
    5000:	27 95       	ror	r18
    5002:	ba 95       	dec	r27
    5004:	c9 f7       	brne	.-14     	; 0x4ff8 <__ultoa_invert+0xa2>
    5006:	62 0f       	add	r22, r18
    5008:	73 1f       	adc	r23, r19
    500a:	84 1f       	adc	r24, r20
    500c:	95 1f       	adc	r25, r21
    500e:	a0 1d       	adc	r26, r0
    5010:	08 95       	ret

00005012 <__do_global_dtors>:
__do_global_dtors():
/home/jenkins-mingw32/workspace/avr-gcc-staging/label/Ubuntu14.04x64-mingw32/gcc-build/avr/avr5/libgcc/../../../../gcc/libgcc/config/avr/lib1funcs.S:2496
    5012:	11 e0       	ldi	r17, 0x01	; 1
/home/jenkins-mingw32/workspace/avr-gcc-staging/label/Ubuntu14.04x64-mingw32/gcc-build/avr/avr5/libgcc/../../../../gcc/libgcc/config/avr/lib1funcs.S:2497
    5014:	ca e8       	ldi	r28, 0x8A	; 138
/home/jenkins-mingw32/workspace/avr-gcc-staging/label/Ubuntu14.04x64-mingw32/gcc-build/avr/avr5/libgcc/../../../../gcc/libgcc/config/avr/lib1funcs.S:2498
    5016:	d1 e0       	ldi	r29, 0x01	; 1
/home/jenkins-mingw32/workspace/avr-gcc-staging/label/Ubuntu14.04x64-mingw32/gcc-build/avr/avr5/libgcc/../../../../gcc/libgcc/config/avr/lib1funcs.S:2502
    5018:	04 c0       	rjmp	.+8      	; 0x5022 <__do_global_dtors+0x10>
/home/jenkins-mingw32/workspace/avr-gcc-staging/label/Ubuntu14.04x64-mingw32/gcc-build/avr/avr5/libgcc/../../../../gcc/libgcc/config/avr/lib1funcs.S:2508
    501a:	fe 01       	movw	r30, r28
/home/jenkins-mingw32/workspace/avr-gcc-staging/label/Ubuntu14.04x64-mingw32/gcc-build/avr/avr5/libgcc/../../../../gcc/libgcc/config/avr/lib1funcs.S:2509
    501c:	0e 94 d0 20 	call	0x41a0	; 0x41a0 <__tablejump2__>
/home/jenkins-mingw32/workspace/avr-gcc-staging/label/Ubuntu14.04x64-mingw32/gcc-build/avr/avr5/libgcc/../../../../gcc/libgcc/config/avr/lib1funcs.S:2510
    5020:	21 96       	adiw	r28, 0x01	; 1
/home/jenkins-mingw32/workspace/avr-gcc-staging/label/Ubuntu14.04x64-mingw32/gcc-build/avr/avr5/libgcc/../../../../gcc/libgcc/config/avr/lib1funcs.S:2515
    5022:	cb 38       	cpi	r28, 0x8B	; 139
/home/jenkins-mingw32/workspace/avr-gcc-staging/label/Ubuntu14.04x64-mingw32/gcc-build/avr/avr5/libgcc/../../../../gcc/libgcc/config/avr/lib1funcs.S:2516
    5024:	d1 07       	cpc	r29, r17
/home/jenkins-mingw32/workspace/avr-gcc-staging/label/Ubuntu14.04x64-mingw32/gcc-build/avr/avr5/libgcc/../../../../gcc/libgcc/config/avr/lib1funcs.S:2521
    5026:	c9 f7       	brne	.-14     	; 0x501a <__do_global_dtors+0x8>
/home/jenkins-mingw32/workspace/avr-gcc-staging/label/Ubuntu14.04x64-mingw32/gcc-build/avr/avr5/libgcc/../../../../gcc/libgcc/config/avr/lib1funcs.S:2278
    5028:	f8 94       	cli

0000502a <__stop_program>:
__stop_program():
/home/jenkins-mingw32/workspace/avr-gcc-staging/label/Ubuntu14.04x64-mingw32/gcc-build/avr/avr5/libgcc/../../../../gcc/libgcc/config/avr/lib1funcs.S:2280
    502a:	ff cf       	rjmp	.-2      	; 0x502a <__stop_program>
